<?xml version="1.0" encoding="UTF-8"?>
<includes>

    <include name="Texture_Shadow_20">
        <param name="colordiffuse" default="shadow_hard" />
        <definition>
            <include content="Dimension_Padding"><param name="pad" value="-20" /></include>
            <bordersize>20</bordersize>
            <bordertexture border="32" colordiffuse="$PARAM[colordiffuse]">shadows/shadow-20.png</bordertexture>
        </definition>
    </include>

    <include name="Texture_Shadow_40">
        <param name="colordiffuse" default="shadow_hard" />
        <definition>
            <include content="Dimension_Padding"><param name="pad" value="-40" /></include>
            <bordersize>40</bordersize>
            <bordertexture border="52" colordiffuse="$PARAM[colordiffuse]">shadows/shadow-40.png</bordertexture>
        </definition>
    </include>

    <include name="Texture_Highlight">
        <texture>special://profile/addon_data/script.texturemaker/ArcticHorizon/main_h.png</texture>
    </include>

    <include name="Texture_Highlight_Focus">
        <texturefocus>special://profile/addon_data/script.texturemaker/ArcticHorizon/main_h.png</texturefocus>
        <alttexturefocus>special://profile/addon_data/script.texturemaker/ArcticHorizon/main_h.png</alttexturefocus>
    </include>

    <include name="Texture_Highlight_ToggleButton_FakeFocus">
        <texturenofocus />
        <texturefocus>special://profile/addon_data/script.texturemaker/ArcticHorizon/main_h.png</texturefocus>
        <alttexturefocus>special://profile/addon_data/script.texturemaker/ArcticHorizon/main_h.png</alttexturefocus>
        <alttexturenofocus>special://profile/addon_data/script.texturemaker/ArcticHorizon/main_h.png</alttexturenofocus>
    </include>

    <include name="Texture_Highlight_Settings_ToggleButton">
        <texturefocus colordiffuse="$VAR[ColorSettingsToggleButton]">special://profile/addon_data/script.texturemaker/ArcticHorizon/main_h.png</texturefocus>
        <alttexturefocus colordiffuse="$VAR[ColorSettingsToggleButton]">special://profile/addon_data/script.texturemaker/ArcticHorizon/main_h.png</alttexturefocus>
    </include>

    <include name="Texture_Scrollbar_H">
        <texturesliderbarfocus border="4">special://profile/addon_data/script.texturemaker/ArcticHorizon/scrollh_h.png</texturesliderbarfocus>
    </include>
    <include name="Texture_Scrollbar_V">
        <texturesliderbarfocus border="4">special://profile/addon_data/script.texturemaker/ArcticHorizon/scrollv_v.png</texturesliderbarfocus>
    </include>

    <variable name="Texture_ColorMode_Dir">
        <value condition="!Skin.HasSetting(EnableMonochromeFlags)">color</value>
        <value>monochrome</value>
    </variable>

    <include name="Texture_Star_Full">
        <texture colordiffuse="ffeebb00">flags/star10.png</texture>
    </include>

    <include name="Texture_Star_Half">
        <texture colordiffuse="ffeebb00">flags/star5.png</texture>
    </include>

    <include name="Texture_Dialog">
        <texture border="16" colordiffuse="dialog_bg_100">common/dialog.png</texture>
    </include>

    <include name="Texture_Circle_Highlight_H">
        <texture border="30,0,30,0">special://profile/addon_data/script.texturemaker/ArcticHorizon/menu_h.png</texture>
    </include>

    <include name="Texture_Box_Highlight_H">
        <texture border="10">special://profile/addon_data/script.texturemaker/ArcticHorizon/box_h.png</texture>
    </include>
    <include name="Texture_Box_Highlight_V">
        <texture border="10">special://profile/addon_data/script.texturemaker/ArcticHorizon/box_v.png</texture>
    </include>
    <include name="Texture_Button_Highlight_H">
        <texture border="10">special://profile/addon_data/script.texturemaker/ArcticHorizon/button_h.png</texture>
    </include>
    <include name="Texture_SelectBox">
        <texture border="20">special://profile/addon_data/script.texturemaker/ArcticHorizon/selectbox_v.png</texture>
    </include>

    <include name="Texture_Poster_Back">
        <texture colordiffuse="main_fg_12" border="10">common/box.png</texture>
    </include>


    <include name="Texture_Button">
        <texturenofocus colordiffuse="dialog_fg_12" border="10">common/box.png</texturenofocus>
        <include content="Object_TextureFocus" condition="String.IsEmpty(Window(Home).Property(ReloadDone))">
            <param name="border">10</param>
            <param name="texture">common/box.png</param>
            <param name="colordiffuse">$VAR[ColorHighlight]</param>
        </include>
        <include content="Object_TextureFocus" condition="Skin.HasSetting(EnableMonochromeHighlight) + !String.IsEmpty(Window(Home).Property(ReloadDone))">
            <param name="border">10</param>
            <param name="texture">special://profile/addon_data/script.texturemaker/ArcticHorizon/box_h.png</param>
        </include>
        <include content="Object_TextureFocus" condition="!Skin.HasSetting(EnableMonochromeHighlight) + !String.IsEmpty(Window(Home).Property(ReloadDone))">
            <param name="border">10</param>
            <param name="texture">special://profile/addon_data/script.texturemaker/ArcticHorizon/button_h.png</param>
        </include>
    </include>


    <include name="Texture_ToggleButton">
        <alttexturenofocus colordiffuse="dialog_fg_12" border="10">common/box.png</alttexturenofocus>
        <include content="Object_AltTextureFocus" condition="String.IsEmpty(Window(Home).Property(ReloadDone))">
            <param name="border">10</param>
            <param name="texture">common/box.png</param>
            <param name="colordiffuse">$VAR[ColorHighlight]</param>
        </include>
        <include content="Object_AltTextureFocus" condition="Skin.HasSetting(EnableMonochromeHighlight) + !String.IsEmpty(Window(Home).Property(ReloadDone))">
            <param name="border">10</param>
            <param name="texture">special://profile/addon_data/script.texturemaker/ArcticHorizon/box_h.png</param>
        </include>
        <include content="Object_AltTextureFocus" condition="!Skin.HasSetting(EnableMonochromeHighlight) + !String.IsEmpty(Window(Home).Property(ReloadDone))">
            <param name="border">10</param>
            <param name="texture">special://profile/addon_data/script.texturemaker/ArcticHorizon/button_h.png</param>
        </include>
    </include>


</includes>
