<?xml version="1.0" encoding="UTF-8"?>
<window>
    <defaultcontrol>11</defaultcontrol>
    <onload>CancelAlarm(osd_timeout,true)</onload>
    <include>Animation_OSD_Dialog_WindowChange</include>
    <onload>SetProperty(TMDbHelper.WidgetContainer,11)</onload>
    <controls>
        <include content="OSD_CastInfo_ExpandGroup">
            <visible>!$EXP[Exp_InfoDialogs]</visible>
            <control type="group">
                <left>view_side</left>
                <right>view_pad</right>
                <width>view_landscape_item_w</width>
                <height>view_landscape_item_h</height>
                <visible>Integer.IsEqual(Container(11).NumItems,0)</visible>
                <include>Object_ItemBack</include>
                <control type="image">
                    <width>128</width>
                    <height>128</height>
                    <centerleft>50%</centerleft>
                    <centertop>50%</centertop>
                    <texture colordiffuse="panel_fg_70">special://skin/extras/icons/image.png</texture>
                </control>
            </control>

            <!-- Episodes List -->
            <include content="List_Landscape_Row">
                <param name="orientation">horizontal</param>
                <param name="control">fixedlist</param>
                <param name="id">11</param>
                <include>OSD_List_Dimensions</include>
                <onup>6400</onup>
                <onup>Close</onup>
                <ondown>2</ondown>
            </include>

            <control type="textbox">
                <left>view_side</left>
                <right>view_pad</right>
                <top>340</top>
                <width>1080</width>
                <label>[COLOR=panel_fg_100][B]$INFO[Container(11).ListItem.Title,, ~ ][/B][/COLOR]$INFO[Container(11).ListItem.Season,S,]$INFO[Container(11).ListItem.Episode,E, ]$INFO[Container(11).ListItem.Plot]</label>
                <font>font_mini_plot</font>
                <textcolor>panel_fg_70</textcolor>
                <height>80</height>
            </control>
        </include>
    </controls>
</window>
