<?xml version="1.0" encoding="UTF-8"?>
<includes>
    <include name="Categories_Selector_Item">
        <param name="listitem">ListItem</param>
        <param name="check_numitems">true</param>
        <param name="usealttexture">False</param>
        <definition>
            <control type="group">
                <width>view_button_item_w</width>
                <height>120</height>
                <nested />
                <include content="Object_Visible" condition="$PARAM[check_numitems]">
                    <param name="visible">!String.IsEmpty(Container($PARAM[id]).ListItemNoWrap($PARAM[mod]$PARAM[pos]).CurrentItem)</param>
                </include>
                <include content="Animation_ConditionalFade" condition="![$PARAM[check_numitems]]">
                    <param name="condition">String.IsEmpty(Container($PARAM[id]).ListItemNoWrap($PARAM[mod]$PARAM[pos]).CurrentItem)</param>
                </include>
                <control type="group">
                    <left>40</left>
                    <right>0</right>
                    <control type="group">
                        <centertop>50%</centertop>
                        <height>256</height>
                        <left>-60</left>
                        <right>-60</right>
                        <control type="group">
                            <visible>!$PARAM[usealttexture]</visible>
                            <control type="label">
                                <align>center</align>
                                <aligny>center</aligny>
                                <font>$PARAM[font]</font>
                                <textcolor>$PARAM[textcolor]</textcolor>
                                <textoffsetx>60</textoffsetx>
                                <height>80</height>
                                <centertop>50%</centertop>
                                <label>$INFO[Container($PARAM[id]).$PARAM[listitem]($PARAM[mod]$PARAM[pos]).Label]</label>
                            </control>
                        </control>
                        <control type="group">
                            <visible>$PARAM[usealttexture]</visible>
                            <control type="image">
                                <include>Texture_MainMenu_Highlight_H</include>
                            </control>
                            <control type="label">
                                <align>center</align>
                                <aligny>center</aligny>
                                <font>$PARAM[font]</font>
                                <include>Color_SelectedText</include>
                                <textoffsetx>60</textoffsetx>
                                <height>80</height>
                                <centertop>50%</centertop>
                                <label>$INFO[Container($PARAM[id]).$PARAM[listitem]($PARAM[mod]$PARAM[pos]).Label]</label>
                            </control>
                        </control>
                    </control>
                </control>
            </control>
        </definition>
    </include>

    <include name="_Categories_Selector_PreItemFade">
        <animation effect="fade" start="100" end="0" delay="100" time="300" tween="quadratic" reversible="false" condition="!Container($PARAM[id]).OnNext">Conditional</animation>
    </include>

    <include name="Categories_Selector_Movement_First">
        <focusposition>0</focusposition>
        <movement>3</movement>
    </include>
    <include name="Categories_Selector_Movement_Second">
        <focusposition>1</focusposition>
        <movement>2</movement>
        <animation effect="slide" end="-240" condition="Integer.IsLess(Container($PARAM[id]).NumItems,3)">Conditional</animation>
    </include>
    <include name="Categories_Selector_Movement_Position">
        <include condition="!Skin.HasSetting(Categories.UseSecondPositionFocus)">Categories_Selector_Movement_First</include>
        <include condition="Skin.HasSetting(Categories.UseSecondPositionFocus)" content="Categories_Selector_Movement_Second">
            <param name="id">$PARAM[id]</param>
        </include>
    </include>

    <include name="Categories_Selector_Movement_Submenu">
        <include content="Categories_Selector_Movement_Position">
            <param name="id">$PARAM[id]</param>
        </include>
        <width>1240</width>
    </include>
    <include name="Categories_Selector_Movement_Mainmenu">
        <include content="Categories_Selector_Movement_Position">
            <param name="id">$PARAM[id]</param>
        </include>
        <width>1000</width>
    </include>

    <include name="Categories_Selector">
        <param name="id">300</param>
        <param name="window_id" />
        <param name="slide">False</param>
        <param name="font">font_main_black</param>
        <param name="color_fo">main_fg_100</param>
        <param name="color_nf">main_fg_30</param>
        <param name="hidden_button">List_ButtonMenu_Row_HiddenButton_Home</param>
        <param name="visible">Integer.IsEqual(Window.Property(TMDBHelper.WidgetContainer),301)</param>
        <param name="shorten">False</param>
        <param name="preitem_fade">True</param>
        <param name="hitrect_x">0</param>
        <param name="hitrect_y">0</param>
        <param name="hitrect_w">0</param>
        <param name="hitrect_h">0</param>
        <definition>
            <include content="List_ButtonMenu_Row">
                <param name="id">$PARAM[id]</param>
                <param name="color_fo">$PARAM[color_fo]</param>
                <param name="color_nf">$PARAM[color_nf]</param>
                <param name="itemlayout_w">view_button_item_w</param>
                <param name="offset_x">view_button_offset_x</param>
                <param name="control">fixedlist</param>
                <param name="font">$PARAM[font]</param>
                <param name="backing">true</param>
                <param name="hidden_button">$PARAM[hidden_button]</param>
                <param name="hidden_button_prefix">$PARAM[hidden_button_prefix]</param>
                <param name="hidden_button_force_widget">$PARAM[hidden_button_force_widget]</param>
                <preloaditems>0</preloaditems>

                <hitrect x="$PARAM[hitrect_x]" y="$PARAM[hitrect_y]" w="$PARAM[hitrect_w]" h="$PARAM[hitrect_h]" />

                <nested />

                <include condition="![$PARAM[shorten]]" content="Categories_Selector_Movement_Submenu">
                    <param name="id">$PARAM[id]</param>
                </include>
                <include condition="$PARAM[shorten]" content="Categories_Selector_Movement_Mainmenu">
                    <param name="id">$PARAM[id]</param>
                </include>

                <onfocus condition="$PARAM[slide]">SetProperty(Slide.WidgetContainer,True,$PARAM[window_id])</onfocus>
                <onfocus condition="![$PARAM[slide]]">ClearProperty(Slide.WidgetContainer,$PARAM[window_id])</onfocus>

                <include content="Animation_Fade_In">
                    <param name="condition">$PARAM[visible]</param>
                    <param name="delay">200</param>
                </include>
                <include content="Animation_ConditionalFade">
                    <param name="condition">!$PARAM[visible]</param>
                </include>

                <left>160</left>
                <height>hub_categorieswidget_h</height>
                <top>hub_categorieswidget_t</top>
            </include>

        </definition>
    </include>
</includes>