<?xml version="1.0" encoding="UTF-8"?>
<includes>
    <include name="Shortcuts_Options">
        <!-- FROM: Options Menu -->
        <include content="Object_Hidden_Button">
            <param name="id">23999</param>
            <onfocus>ClearProperty(Options.Mode)</onfocus>
            <onfocus>SetFocus(300)</onfocus>
        </include>

        <!-- TO: Options Menu -->
        <include content="Object_Hidden_Button">
            <param name="id">33999</param>
            <animation effect="fade" start="0" end="0" time="400" reversible="false">Focus</animation>
            <onfocus>SetFocus(33000)</onfocus>
        </include>

        <include content="Dialog_Overlay_Side">
            <param name="dialog_size">Dimension_DialogSideMenu</param>
            <visible>!String.IsEmpty(Window.Property(Options.Mode))</visible>
            <include>Animation_Right_Delay</include>
            <control type="group">
                <right>view_side</right>
                <height>view_bar</height>
                <top>view_pad</top>
                <left>view_pad</left>
                <include content="Furniture_Gutters">
                    <control type="label">
                        <font>font_midi_black</font>
                        <textcolor>dialog_fg_100</textcolor>
                        <label>$INFO[Window.Property(Options.Mode.Heading)]</label>
                        <bottom>30</bottom>
                    </control>
                    <control type="label">
                        <font>font_tiny</font>
                        <textcolor>dialog_fg_70</textcolor>
                        <label>$INFO[Window.Property(Options.Mode.Heading.Sublabel)]</label>
                        <top>40</top>
                    </control>
                </include>
            </control>
            <include content="Dialog_Body">
                <include content="Dialog_Body_Group">
                    <control type="grouplist" id="33000">
                        <onleft>23999</onleft>
                        <onright>39000</onright>
                        <orientation>vertical</orientation>
                        <!-- Spotlight: Hubs: Choose -->
                        <include content="Settings_Stacked_Button">
                            <param name="dialog">true</param>
                            <param name="id">33001</param>
                            <param name="groupid">33101</param>
                            <param name="control">button</param>
                            <param name="toplabel">$LOCALIZE[31005]</param>
                            <param name="sublabel">$VAR[Label_Shortcut_HubSpotlight_Dialog_Path]</param>
                            <param name="sublabel_visible">!String.IsEmpty(Control.GetLabel(33001))</param>
                            <param name="enable">String.IsEmpty(Container(300).ListItem.Property(spotlight_path))</param>
                            <onclick>ClearProperty(Shortcuts.Groupings.Links,Home)</onclick>
                            <onclick>RunScript(script.skinvariables,set_shortcut=Hub.$INFO[Window.Property(hub_prefix)].Spotlight,use_rawpath=True)</onclick>
                            <visible>String.IsEqual(Window.Property(Options.Mode),Categories.Spotlight)</visible>
                            <onback>23999</onback>
                        </include>
                        <!-- Spotlight: Hubs: Sort By -->
                        <include content="Settings_Button">
                            <param name="dialog">true</param>
                            <param name="id">33002</param>
                            <param name="control">button</param>
                            <label> -- $LOCALIZE[31016]</label>
                            <label2>[CAPITALIZE]$VAR[Label_Shortcut_HubSpotlight_SortBy][/CAPITALIZE]</label2>
                            <onclick>RunScript(script.skinvariables,run_dialog=select,heading=Sort method,separator=||,list=default||label||random||dateadded||lastplayed||playcount||year||rating||userrating||votes||genre||country||studio||playlist||episodenumber||season||totalepisodes||watchedepisodes||tvshowstatus||tvshowtitle||file||title||track||time||artist||album||lastupdated||lastused||date,"executebuiltin=Skin.SetString(Hub.$INFO[Window.Property(hub_prefix)].Spotlight.SortBy,{v})")</onclick>
                            <visible>!String.IsEmpty(Control.GetLabel(33001))</visible>
                            <visible>String.IsEmpty(Container(300).ListItem.Property(spotlight_path))</visible>
                            <visible>String.IsEqual(Window.Property(Options.Mode),Categories.Spotlight)</visible>
                            <onback>23999</onback>
                        </include>
                        <!-- Spotlight: Categories: Choose -->
                        <include content="Settings_Stacked_Button">
                            <param name="dialog">true</param>
                            <param name="id">33011</param>
                            <param name="groupid">33111</param>
                            <param name="control">button</param>
                            <param name="toplabel">Choose category spotlight</param>
                            <param name="sublabel">$INFO[Container(300).ListItem.Property(spotlight_path)]</param>
                            <param name="sublabel_visible">!String.ISEmpty(Container(300).ListItem.Property(spotlight_path))</param>
                            <onclick>ClearProperty(Shortcuts.Groupings.Links,Home)</onclick>
                            <onclick condition="!String.IsEmpty(Container(300).ListItem.Property(spotlight_path))">RunPlugin($INFO[Container(300).ListItem.Property(url),,&amp;func=do_toggle&amp;&amp;spotlight_path])</onclick>
                            <onclick condition="String.IsEmpty(Container(300).ListItem.Property(spotlight_path))">RunPlugin($INFO[Container(300).ListItem.Property(url),,&amp;func=do_choose&amp;&amp;prefix::spotlight&amp;&amp;use_rawpath::True])</onclick>
                            <visible>String.IsEqual(Window.Property(Options.Mode),Categories.Spotlight)</visible>
                            <onback>23999</onback>
                        </include>
                        <!-- Spotlight: Categories: Sort by -->
                        <include content="Settings_Button">
                            <param name="dialog">true</param>
                            <param name="id">33012</param>
                            <param name="control">button</param>
                            <label> -- $LOCALIZE[31016]</label>
                            <label2>[CAPITALIZE]$INFO[Container(300).ListItem.Property(spotlight_sortby)][/CAPITALIZE]</label2>
                            <onclick>RunPlugin($INFO[Container(300).ListItem.Property(url),,&amp;func=do_edit&amp;&amp;spotlight_sortby&amp;&amp;default&amp;label&amp;random&amp;dateadded&amp;lastplayed&amp;playcount&amp;year&amp;rating&amp;userrating&amp;votes&amp;genre&amp;country&amp;studio&amp;playlist&amp;episodenumber&amp;season&amp;totalepisodes&amp;watchedepisodes&amp;tvshowstatus&amp;tvshowtitle&amp;file&amp;title&amp;track&amp;time&amp;artist&amp;album&amp;lastupdated&amp;lastused&amp;date&amp;&amp;Sort by&amp;&amp;True])</onclick>
                            <visible>!String.IsEmpty(Container(300).ListItem.Property(spotlight_path))</visible>
                            <visible>String.IsEqual(Window.Property(Options.Mode),Categories.Spotlight)</visible>
                            <onback>23999</onback>
                        </include>
                        <!-- Spotlight: Categories: Sort order -->
                        <include content="Settings_Button">
                            <param name="dialog">true</param>
                            <param name="id">33013</param>
                            <param name="control">radiobutton</param>
                            <label> -- $LOCALIZE[31517]</label>
                            <selected>!String.IsEmpty(Container(300).ListItem.Property(spotlight_sortorder))</selected>
                            <onclick>RunPlugin($INFO[Container(300).ListItem.Property(url),,&amp;func=do_toggle&amp;&amp;spotlight_sortorder])</onclick>
                            <onback>13999</onback>
                            <visible>!String.IsEmpty(Container(300).ListItem.Property(spotlight_sortby))</visible>
                            <visible>!String.IsEqual(Container(300).ListItem.Property(spotlight_sortby),random)</visible>
                            <visible>!String.IsEmpty(Container(300).ListItem.Property(spotlight_path))</visible>
                            <visible>String.IsEqual(Window.Property(Options.Mode),Categories.Spotlight)</visible>
                            <onback>23999</onback>
                        </include>
                        <!-- Spotlight: Categories: Sort order -->
                        <include content="Settings_Button">
                            <param name="dialog">true</param>
                            <param name="id">33014</param>
                            <param name="control">button</param>
                            <label> -- $LOCALIZE[31188]</label>
                            <label2>$INFO[Container(300).ListItem.Property(spotlight_limit)]</label2>
                            <onclick>RunPlugin($INFO[Container(300).ListItem.Property(url),,&amp;func=do_numeric&amp;&amp;spotlight_limit&amp;&amp;heading::Limit])</onclick>
                            <visible>!String.IsEmpty(Container(300).ListItem.Property(spotlight_path))</visible>
                            <visible>String.IsEqual(Window.Property(Options.Mode),Categories.Spotlight)</visible>
                            <onback>23999</onback>
                        </include>
                        <!-- Spotlight: Hubs: Fallback Image -->
                        <include content="Settings_Stacked_Button">
                            <param name="dialog">true</param>
                            <param name="id">33003</param>
                            <param name="groupid">33103</param>
                            <param name="control">button</param>
                            <param name="toplabel">$LOCALIZE[31536]</param>
                            <param name="sublabel">$VAR[Label_Shortcut_HubSpotlight_Fallback]</param>
                            <param name="sublabel_visible">!String.IsEmpty(Control.GetLabel(33003))</param>
                            <onclick>Skin.Reset(Hub.$INFO[Window.Property(hub_prefix)].Spotlight.Fallback)</onclick>
                            <onclick>Skin.SetPath(Hub.$INFO[Window.Property(hub_prefix)].Spotlight.Fallback)</onclick>
                            <visible>String.IsEqual(Window.Property(Options.Mode),Categories.Spotlight)</visible>
                            <onback>23999</onback>
                        </include>


                        <!-- Submenu: -->
                        <!-- Submenu: Choose dynamic list -->
                        <include content="Settings_Stacked_Button">
                            <param name="dialog">true</param>
                            <param name="id">33021</param>
                            <param name="groupid">33121</param>
                            <param name="control">button</param>
                            <param name="toplabel">$LOCALIZE[31421]</param>
                            <param name="sublabel">$INFO[Container(300).ListItem.Property(submenulist_path)]</param>
                            <param name="sublabel_visible">!String.ISEmpty(Container(300).ListItem.Property(submenulist_path))</param>
                            <onclick>ClearProperty(Shortcuts.Groupings.Links,Home)</onclick>
                            <onclick condition="!String.IsEmpty(Container(300).ListItem.Property(submenulist_path))">RunPlugin($INFO[Container(300).ListItem.Property(url),,&amp;func=do_toggle&amp;&amp;submenulist_path])</onclick>
                            <onclick condition="String.IsEmpty(Container(300).ListItem.Property(submenulist_path))">RunPlugin($INFO[Container(300).ListItem.Property(url),,&amp;func=do_choose&amp;&amp;submenulist&amp;&amp;use_rawpath::True])</onclick>
                            <visible>String.IsEqual(Window.Property(Options.Mode),Categories.Submenu)</visible>
                            <onback>23999</onback>
                        </include>

                        <!-- Submenu: SubmenuList sort by -->
                        <include content="Settings_Button">
                            <param name="dialog">true</param>
                            <param name="id">33030</param>
                            <param name="control">button</param>
                            <label> -- $LOCALIZE[31016]</label>
                            <label2>[CAPITALIZE]$INFO[Container(300).ListItem.Property(submenulist_sortby)][/CAPITALIZE]</label2>
                            <onclick>RunPlugin($INFO[Container(300).ListItem.Property(url),,&amp;func=do_edit&amp;&amp;submenulist_sortby&amp;&amp;default&amp;label&amp;random&amp;dateadded&amp;lastplayed&amp;playcount&amp;year&amp;rating&amp;userrating&amp;votes&amp;genre&amp;country&amp;studio&amp;playlist&amp;episodenumber&amp;season&amp;totalepisodes&amp;watchedepisodes&amp;tvshowstatus&amp;tvshowtitle&amp;file&amp;title&amp;track&amp;time&amp;artist&amp;album&amp;lastupdated&amp;lastused&amp;date&amp;&amp;Sort by&amp;&amp;True])</onclick>
                            <visible>String.IsEqual(Window.Property(Options.Mode),Categories.Submenu)</visible>
                            <visible>!String.IsEmpty(Container(300).ListItem.Property(submenulist_path))</visible>
                            <onback>23999</onback>
                        </include>
                        <!-- Submenu: SubmenuList sort order -->
                        <include content="Settings_Button">
                            <param name="dialog">true</param>
                            <param name="id">33031</param>
                            <param name="control">radiobutton</param>
                            <label> -- $LOCALIZE[31517]</label>
                            <selected>!String.IsEmpty(Container(300).ListItem.Property(submenulist_sortorder))</selected>
                            <onclick>RunPlugin($INFO[Container(300).ListItem.Property(url),,&amp;func=do_toggle&amp;&amp;submenulist_sortorder])</onclick>
                            <visible>!String.IsEmpty(Container(300).ListItem.Property(submenulist_sortby))</visible>
                            <visible>!String.IsEqual(Container(300).ListItem.Property(submenulist_sortby),random)</visible>
                            <visible>String.IsEqual(Window.Property(Options.Mode),Categories.Submenu)</visible>
                            <visible>!String.IsEmpty(Container(300).ListItem.Property(submenulist_path))</visible>
                            <onback>23999</onback>
                        </include>
                        <!-- Submenu: SubmenuList limit -->
                        <include content="Settings_Button">
                            <param name="dialog">true</param>
                            <param name="id">33032</param>
                            <param name="control">button</param>
                            <label> -- $LOCALIZE[31188]</label>
                            <label2>$INFO[Container(300).ListItem.Property(submenulist_limit)]</label2>
                            <onclick>RunPlugin($INFO[Container(300).ListItem.Property(url),,&amp;func=do_numeric&amp;&amp;submenulist_limit&amp;&amp;heading::Limit])</onclick>
                            <visible>String.IsEqual(Window.Property(Options.Mode),Categories.Submenu)</visible>
                            <visible>!String.IsEmpty(Container(300).ListItem.Property(submenulist_path))</visible>
                            <onback>23999</onback>
                        </include>
                        <!-- Submenu: Edit items -->
                        <include content="Settings_Stacked_Button">
                            <param name="dialog">true</param>
                            <param name="id">33022</param>
                            <param name="groupid">33122</param>
                            <param name="control">button</param>
                            <param name="toplabel">$LOCALIZE[31537]</param>
                            <param name="sublabel">$LOCALIZE[31538]</param>
                            <param name="sublabel_visible">!String.ISEmpty(Container(300).ListItem.Property(submenulist_path))</param>
                            <param name="enable">String.IsEmpty(Container(300).ListItem.Property(submenulist_path))</param>
                            <onclick>ClearProperty(Options.Mode)</onclick>
                            <onclick>SetFocus(302)</onclick>
                            <visible>String.IsEqual(Window.Property(Options.Mode),Categories.Submenu)</visible>
                            <visible>!String.ISEmpty(Container(300).ListItem.Property(submenulist_path))</visible>
                            <onback>ClearProperty(Options.Mode)</onback>
                            <onback>302</onback>
                        </include>
                        <!-- Submenu: Use as widget -->
                        <include content="Settings_Button">
                            <param name="dialog">true</param>
                            <param name="id">33023</param>
                            <param name="control">radiobutton</param>
                            <label>$LOCALIZE[31040]</label>
                            <selected>String.IsEqual(Container(300).ListItem.Property(use_as_widget),True)</selected>
                            <onclick>RunPlugin($INFO[Container(300).ListItem.Property(url),,&amp;func=do_toggle&amp;&amp;use_as_widget])</onclick>
                            <visible>String.IsEqual(Window.Property(Options.Mode),Categories.Submenu)</visible>
                            <onback>23999</onback>
                        </include>
                        <!-- Submenu: Use as widget -->
                        <include content="Settings_Stacked_Button">
                            <param name="dialog">true</param>
                            <param name="id">33028</param>
                            <param name="groupid">33128</param>
                            <param name="control">radiobutton</param>
                            <param name="toplabel">$LOCALIZE[31539]</param>
                            <param name="sublabel">$LOCALIZE[31540]</param>
                            <param name="sublabel_visible">!String.ISEmpty(Container(300).ListItem.Property(submenulist_path))</param>
                            <param name="enable">String.IsEmpty(Container(300).ListItem.Property(submenulist_path))</param>
                            <selected>String.IsEqual(Container(300).ListItem.Property(use_as_list),True) | !String.IsEmpty(Container(300).ListItem.Property(submenulist_path))</selected>
                            <onclick>RunPlugin($INFO[Container(300).ListItem.Property(url),,&amp;func=do_toggle&amp;&amp;use_as_list])</onclick>
                            <visible>String.IsEqual(Window.Property(Options.Mode),Categories.Submenu) + String.IsEqual(Container(300).ListItem.Property(use_as_widget),True)</visible>
                            <onback>23999</onback>
                        </include>
                        <!-- Submenu: Widget style -->
                        <include content="Settings_Button">
                            <param name="dialog">true</param>
                            <param name="id">33024</param>
                            <param name="control">button</param>
                            <label> -- $LOCALIZE[736]</label>
                            <label2>$INFO[Container(300).ListItem.Property(widget_style)]</label2>
                            <onclick>RunPlugin($INFO[Container(300).ListItem.Property(url),,&amp;func=do_edit&amp;&amp;widget_style&amp;&amp;Poster&amp;Landscape&amp;Square&amp;Banner&amp;Card&amp;Board&amp;Apps&amp;Icon&amp;Text&amp;&amp;Style&amp;&amp;True])</onclick>
                            <visible>String.IsEqual(Window.Property(Options.Mode),Categories.Submenu) + String.IsEqual(Container(300).ListItem.Property(use_as_widget),True)</visible>
                            <onback>23999</onback>
                            <!-- <visible>!String.IsEqual(Window(Home).Property(Shortcuts.EditMenu),menu=sidemenu) | !String.IsEmpty(Window(Home).Property(Shortcuts.EditMode))</visible>
                            <visible>!String.IsEqual(Window(Home).Property(Shortcuts.EditMenu),menu=powermainmenu)</visible>
                            <visible>!String.IsEqual(Window(Home).Property(Shortcuts.EditMenu),menu=powersidemenu)</visible> -->
                        </include>
                        <!-- Submenu: Widget sort by -->
                        <include content="Settings_Button">
                            <param name="dialog">true</param>
                            <param name="id">33025</param>
                            <param name="control">button</param>
                            <label> -- $LOCALIZE[31016]</label>
                            <label2>[CAPITALIZE]$INFO[Container(300).ListItem.Property(widget_sortby)][/CAPITALIZE]</label2>
                            <onclick>RunPlugin($INFO[Container(300).ListItem.Property(url),,&amp;func=do_edit&amp;&amp;widget_sortby&amp;&amp;default&amp;label&amp;random&amp;dateadded&amp;lastplayed&amp;playcount&amp;year&amp;rating&amp;userrating&amp;votes&amp;genre&amp;country&amp;studio&amp;playlist&amp;episodenumber&amp;season&amp;totalepisodes&amp;watchedepisodes&amp;tvshowstatus&amp;tvshowtitle&amp;file&amp;title&amp;track&amp;time&amp;artist&amp;album&amp;lastupdated&amp;lastused&amp;date&amp;&amp;Sort by&amp;&amp;True])</onclick>
                            <visible>String.IsEqual(Window.Property(Options.Mode),Categories.Submenu) + String.IsEqual(Container(300).ListItem.Property(use_as_widget),True)</visible>
                            <onback>23999</onback>
                        </include>
                        <!-- Submenu: Widget sort order -->
                        <include content="Settings_Button">
                            <param name="dialog">true</param>
                            <param name="id">33026</param>
                            <param name="control">radiobutton</param>
                            <label> -- $LOCALIZE[31517]</label>
                            <selected>!String.IsEmpty(Container(300).ListItem.Property(widget_sortorder))</selected>
                            <onclick>RunPlugin($INFO[Container(300).ListItem.Property(url),,&amp;func=do_toggle&amp;&amp;widget_sortorder])</onclick>
                            <visible>!String.IsEmpty(Container(300).ListItem.Property(widget_sortby))</visible>
                            <visible>!String.IsEqual(Container(300).ListItem.Property(widget_sortby),random)</visible>
                            <visible>String.IsEqual(Window.Property(Options.Mode),Categories.Submenu) + String.IsEqual(Container(300).ListItem.Property(use_as_widget),True)</visible>
                            <onback>23999</onback>
                        </include>
                        <!-- Submenu: Widget limit -->
                        <include content="Settings_Button">
                            <param name="dialog">true</param>
                            <param name="id">33027</param>
                            <param name="control">button</param>
                            <label> -- $LOCALIZE[31188]</label>
                            <label2>$INFO[Container(300).ListItem.Property(widget_limit)]</label2>
                            <onclick>RunPlugin($INFO[Container(300).ListItem.Property(url),,&amp;func=do_numeric&amp;&amp;widget_limit&amp;&amp;heading::Limit])</onclick>
                            <visible>String.IsEqual(Window.Property(Options.Mode),Categories.Submenu) + String.IsEqual(Container(300).ListItem.Property(use_as_widget),True)</visible>
                            <onback>23999</onback>
                        </include>
                        <!-- Submenu: Widget autoscroll -->
                        <include content="Settings_Button">
                            <param name="dialog">true</param>
                            <param name="id">33029</param>
                            <param name="control">radiobutton</param>
                            <label> -- $LOCALIZE[31185]</label>
                            <selected>!String.IsEmpty(Container(300).ListItem.Property(widget_autoscroll))</selected>
                            <onclick>RunPlugin($INFO[Container(300).ListItem.Property(url),,&amp;func=do_toggle&amp;&amp;widget_autoscroll])</onclick>
                            <visible>String.IsEqual(Window.Property(Options.Mode),Categories.Submenu) + String.IsEqual(Container(300).ListItem.Property(use_as_widget),True)</visible>
                            <onback>23999</onback>
                        </include>


                        <!-- Widgets -->
                        <!-- Choose path -->
                        <include content="Settings_Stacked_Button">
                            <param name="dialog">true</param>
                            <param name="id">33040</param>
                            <param name="groupid">33140</param>
                            <param name="control">button</param>
                            <param name="toplabel">$LOCALIZE[31469]</param>
                            <param name="sublabel">$INFO[Container(304).ListItem.Property(path)]</param>
                            <param name="sublabel_visible">!String.ISEmpty(Container(304).ListItem.Property(path))</param>
                            <onclick>ClearProperty(Shortcuts.Groupings.Links,Home)</onclick>
                            <onclick>RunPlugin($INFO[Container(304).ListItem.Property(url),,&amp;func=do_choose&amp;&amp;use_rawpath::True])</onclick>
                            <visible>String.IsEqual(Window.Property(Options.Mode),Categories.Widgets)</visible>
                            <onback>23999</onback>
                        </include>

                        <!-- SPECIAL: Submenu Widget Items -->
                        <include content="Settings_Button">
                            <param name="dialog">true</param>
                            <param name="id">33041</param>
                            <param name="control">button</param>
                            <label>$LOCALIZE[31516]</label>
                            <onclick>SetProperty(Shortcuts.EditMenu,menu=$INFO[Container(304).ListItem.Property(menu)],Home)</onclick>
                            <onclick>SetProperty(Shortcuts.EditMode,mode=submenu,Home)</onclick>
                            <onclick>SetProperty(Shortcuts.EditGUID,guid=$INFO[Container(304).ListItem.Property(guid)],Home)</onclick>
                            <onclick>ActivateWindow(1116)</onclick>
                            <visible>String.IsEqual(Container(304).ListItem.Property(path),Custom_Submenu)</visible>
                            <visible>String.IsEqual(Window.Property(Options.Mode),Categories.Widgets)</visible>
                            <onback>23999</onback>
                        </include>

                        <!-- Widgets: Style -->
                        <include content="Settings_Button">
                            <param name="dialog">true</param>
                            <param name="id">33042</param>
                            <param name="control">button</param>
                            <label>$LOCALIZE[736]</label>
                            <label2>$INFO[Container(304).ListItem.Property(widget_style)]</label2>
                            <onclick>RunPlugin($INFO[Container(304).ListItem.Property(url),,&amp;func=do_edit&amp;&amp;widget_style&amp;&amp;Poster&amp;Landscape&amp;Square&amp;Banner&amp;Card&amp;Board&amp;Apps&amp;Icon&amp;Text&amp;&amp;Style&amp;&amp;True])</onclick>
                            <visible>String.IsEqual(Window.Property(Options.Mode),Categories.Widgets)</visible>
                            <onback>13999</onback>
                        </include>
                        <!-- Widgets: Sort by -->
                        <include content="Settings_Button">
                            <param name="dialog">true</param>
                            <param name="id">33043</param>
                            <param name="control">button</param>
                            <label>$LOCALIZE[31016]</label>
                            <label2>[CAPITALIZE]$INFO[Container(304).ListItem.Property(widget_sortby)][/CAPITALIZE]</label2>
                            <onclick>RunPlugin($INFO[Container(304).ListItem.Property(url),,&amp;func=do_edit&amp;&amp;widget_sortby&amp;&amp;default&amp;label&amp;random&amp;dateadded&amp;lastplayed&amp;playcount&amp;year&amp;rating&amp;userrating&amp;votes&amp;genre&amp;country&amp;studio&amp;playlist&amp;episodenumber&amp;season&amp;totalepisodes&amp;watchedepisodes&amp;tvshowstatus&amp;tvshowtitle&amp;file&amp;title&amp;track&amp;time&amp;artist&amp;album&amp;lastupdated&amp;lastused&amp;date&amp;&amp;Sort by&amp;&amp;True])</onclick>
                            <visible>String.IsEqual(Window.Property(Options.Mode),Categories.Widgets)</visible>
                            <onback>23999</onback>
                        </include>
                        <!-- Widgets: Sort order -->
                        <include content="Settings_Button">
                            <param name="dialog">true</param>
                            <param name="id">33044</param>
                            <param name="control">radiobutton</param>
                            <label>$LOCALIZE[31517]</label>
                            <selected>!String.IsEmpty(Container(304).ListItem.Property(widget_sortorder))</selected>
                            <onclick>RunPlugin($INFO[Container(304).ListItem.Property(url),,&amp;func=do_toggle&amp;&amp;widget_sortorder])</onclick>
                            <visible>!String.IsEmpty(Container(304).ListItem.Property(widget_sortby))</visible>
                            <visible>!String.IsEqual(Container(304).ListItem.Property(widget_sortby),random)</visible>
                            <visible>String.IsEqual(Window.Property(Options.Mode),Categories.Widgets)</visible>
                            <onback>23999</onback>
                        </include>
                        <!-- Widgets: Limit -->
                        <include content="Settings_Button">
                            <param name="dialog">true</param>
                            <param name="id">33045</param>
                            <param name="control">button</param>
                            <label>$LOCALIZE[31188]</label>
                            <label2>$INFO[Container(304).ListItem.Property(widget_limit)]</label2>
                            <onclick>RunPlugin($INFO[Container(304).ListItem.Property(url),,&amp;func=do_numeric&amp;&amp;widget_limit&amp;&amp;heading::Limit])</onclick>
                            <visible>String.IsEqual(Window.Property(Options.Mode),Categories.Widgets)</visible>
                            <onback>23999</onback>
                        </include>
                        <!-- Widgets: Autoscroll -->
                        <include content="Settings_Button">
                            <param name="dialog">true</param>
                            <param name="id">33046</param>
                            <param name="control">radiobutton</param>
                            <label>$LOCALIZE[31185]</label>
                            <selected>!String.IsEmpty(Container(304).ListItem.Property(widget_autoscroll))</selected>
                            <onclick>RunPlugin($INFO[Container(304).ListItem.Property(url),,&amp;func=do_toggle&amp;&amp;widget_autoscroll])</onclick>
                            <visible>String.IsEqual(Window.Property(Options.Mode),Categories.Widgets)</visible>
                            <onback>23999</onback>
                        </include>


                    </control>
                </include>
            </include>
        </include>
    </include>
</includes>
