<?xml version="1.0" encoding="UTF-8"?>
<window>
    <zorder>0</zorder>
    <visible>!Player.HasGame</visible>
    <visible>!Window.IsActive(DialogPlayerProcessInfo.xml)</visible>
    <visible>Window.IsActive(VideoFullScreen.xml) | Window.IsActive(MusicVisualisation.xml)</visible>
    <visible>Window.IsActive(videoosd) | Window.IsActive(musicosd) | Player.Caching | Player.ShowInfo | Player.Seeking | Player.DisplayAfterSeek | [Player.Paused + [!System.IdleTime(3) | !Skin.HasSetting(OSD.AutoHideOnPause)]] | Player.Forwarding | Player.Rewinding | Window.IsActive(DialogFullScreenInfo.xml) | !String.IsEmpty(Window(Home).Property(OSDInfo)) | !String.IsEmpty(Player.SeekNumeric) | !String.IsEmpty(PVR.ChannelNumberInput) | Window.IsVisible(script-cu-lrclyrics-main.xml)</visible>
    <visible>!Window.IsVisible(DialogSlider.xml)</visible>
    <visible>!Window.IsVisible(DialogPVRChannelsOSD.xml)</visible>
    <include>Animation_Fullscreen_Media</include>

    <onload condition="Player.Paused + !String.IsEmpty(Window(Home).Property(OSDExtendedInfo))">PlayerControl(Play)</onload>
    <onload condition="Player.Paused + !String.IsEmpty(Window(Home).Property(OSDExtendedInfo))">ClearProperty(OSDExtendedInfo,Home)</onload>
    <controls>

        <include content="Object_Control">
            <param name="control">image</param>
            <texture colordiffuse="panel_bg">background/floor.png</texture>
            <visible>!String.IsEmpty(Window(Home).Property(OSDExpandInfo))</visible>
            <include>Animation_FadeIn_Delay</include>
            <include>Animation_FadeOut</include>
        </include>

        <include content="Object_Control">
            <param name="control">image</param>
            <texture colordiffuse="7f000000" flipy="true">background/floor.png</texture>
            <visible>!String.IsEmpty(Window(Home).Property(OSDArtistDetails)) | Window.IsVisible(script-cu-lrclyrics-main.xml)</visible>
            <include>Animation_FadeIn_Delay</include>
            <include>Animation_FadeOut</include>
        </include>

        <include content="Object_Control">
            <param name="control">image</param>
            <texture colordiffuse="panel_bg">background/floor.png</texture>
        </include>

        <!-- Video Seekbar -->
        <include content="Object_Control" condition="VideoPlayer.IsFullscreen">
            <param name="control">group</param>

            <!-- Progress Bar Group -->
            <control type="group">
                <include>OSD_Progress_Bar</include>
                <include>OSD_Progress_Labels</include>
                <include>OSD_Progress_Details</include>
                <include>Animation_OSD_Seekbar_NoCodecs</include>
                <include>Animation_OSD_ExpandInfo</include>
            </control>

            <!-- Top Left Label -->
            <control type="group">
                <visible>[VideoPlayer.Content(episodes) + !String.IsEmpty(VideoPlayer.Title)] | [VideoPlayer.Content(movies) + !String.IsEmpty(Player.Chapter) + !String.IsEqual(Player.Chapter,00)] | [VideoPlayer.Content(livetv) + !String.IsEmpty(VideoPlayer.ChannelNumberLabel)] | [VideoPlayer.Content(files) + !String.IsEmpty(VideoPlayer.Studio)]</visible>
                <include content="Object_ShadowSpot">
                    <include>Dimension_HeaderTitleShadow</include>
                </include>
                <include content="Furniture_Top_Left">
                    <param name="label">$VAR[Label_OSD_HeaderEpisodeChapter]</param>
                </include>
            </control>
        </include>

        <!-- Music Seekbar -->
        <include content="Object_Control" condition="!VideoPlayer.IsFullscreen">
            <param name="control">group</param>

            <animation effect="slide" start="0" end="0,-400" time="300" tween="sine" easing="out" reversible="false" condition="[!String.IsEmpty(Window(Home).Property(OSDExpandInfo))]">Conditional</animation>
            <animation effect="slide" end="0" start="0,-400" time="400" tween="sine" easing="inout" reversible="false" condition="![!String.IsEmpty(Window(Home).Property(OSDExpandInfo))]">Conditional</animation>

            <!-- Progress Bar Group -->
            <control type="group">
                <include>OSD_Progress_Bar</include>
                <include>OSD_Progress_Labels</include>

                <control type="group">
                    <width>320</width>
                    <height>320</height>
                    <bottom>view_top</bottom>
                    <left>view_pad</left>
                    <control type="group">
                        <animation effect="zoom" start="0,0,320,320" end="0,-360,460,460" time="400" tween="cubic" easing="out" reversible="false" condition="[Window.IsVisible(script-cu-lrclyrics-main.xml) | !String.IsEmpty(Window(Home).Property(OSDArtistDetails))]">Conditional</animation>
                        <animation effect="zoom" end="0,0,320,320" start="0,-360,460,460" time="400" tween="cubic" easing="out" reversible="false" condition="![Window.IsVisible(script-cu-lrclyrics-main.xml) | !String.IsEmpty(Window(Home).Property(OSDArtistDetails))]">Conditional</animation>
                        <include content="Object_BigPoster">
                            <param name="diffuse">diffuse/square_w440_h440.png</param>
                            <param name="icon">$INFO[Player.Icon]</param>
                        </include>
                    </control>

                    <control type="group">
                        <left>360</left>
                        <animation effect="slide" start="0" end="-360" time="400" tween="cubic" easing="out" reversible="false" condition="[Window.IsVisible(script-cu-lrclyrics-main.xml) | !String.IsEmpty(Window(Home).Property(OSDArtistDetails))]">Conditional</animation>
                        <animation effect="slide" end="0" start="-360" time="400" tween="cubic" easing="out" reversible="false" condition="![Window.IsVisible(script-cu-lrclyrics-main.xml) | !String.IsEmpty(Window(Home).Property(OSDArtistDetails))]">Conditional</animation>
                        <control type="grouplist">
                            <height>137</height>
                            <bottom>40</bottom>
                            <align>bottom</align>
                            <control type="textbox">
                                <height max="137">auto</height>
                                <width>460</width>
                                <label>$VAR[Label_OSD_Title]</label>
                                <textcolor>panel_fg_100</textcolor>
                                <font>font_info_black_doublerow</font>
                            </control>
                        </control>
                        <control type="label">
                            <label>$INFO[MusicPlayer.Artist,[COLOR=panel_fg_90],[/COLOR]]$INFO[MusicPlayer.Album, • [COLOR=panel_fg_90],[/COLOR]]$INFO[MusicPlayer.Year, • [COLOR=panel_fg_90],[/COLOR]]</label>
                            <textcolor>$VAR[ColorHighlight]</textcolor>
                            <font>font_mini_bold</font>
                            <align>center</align>
                            <height>40</height>
                            <bottom>0</bottom>
                        </control>
                    </control>
                </control>

                <control type="grouplist">
                    <visible>Window.IsVisible(script-cu-lrclyrics-main.xml)</visible>
                    <visible>!Window.IsActive(musicosd)</visible>
                    <animation type="Visible" reversible="false">
                        <effect type="fade" start="0" end="100" time="300" delay="400" tween="sine" easing="out"/>
                    </animation>
                    <centerbottom>70</centerbottom>
                    <height>120</height>
                    <left>view_pad</left>
                    <right>view_pad</right>
                    <orientation>horizontal</orientation>
                    <itemgap>30</itemgap>
                    <align>left</align>
                    <onleft>6400</onleft>
                    <onright>6100</onright>
                    <include content="OSD_Button">
                        <param name="autoclose">true</param>
                        <param name="visible">true</param>
                        <param name="icon">osd/lyrics.png</param>
                        <param name="id">6500</param>
                        <param name="groupid">6599</param>
                        <onclick>Close</onclick>
                        <onclick>runscript(script.cu.lrclyrics)</onclick>
                    </include>

                    <control type="label">
                        <height>60</height>
                        <aligny>center</aligny>
                        <font>font_main_black</font>
                        <textcolor>panel_fg_90</textcolor>
                        <label>$LOCALIZE[24013]</label>
                        <width>auto</width>
                    </control>
                </control>


                <control type="group">
                    <visible>!String.IsEmpty(Window(Home).Property(OSDArtistDetails))</visible>
                    <visible>!Window.IsVisible(script-cu-lrclyrics-main.xml)</visible>
                    <animation type="Visible" reversible="false">
                        <effect type="fade" start="0" end="100" time="600" delay="200" />
                    </animation>
                    <left>620</left>
                    <height>580</height>
                    <top>view_top</top>
                    <right>view_pad</right>
                    <control type="textbox">
                        <font>font_midi_plot</font>
                        <textcolor>panel_fg_70</textcolor>
                        <label>$INFO[MusicPlayer.Property(Album_Description),,[CR]]$INFO[MusicPlayer.Property(Artist_Description)]</label>
                        <autoscroll delay="6000" time="3000" repeat="10000">!String.IsEmpty(Window(Home).Property(OSDArtistDetails))</autoscroll>
                    </control>
                </control>


                <include>Animation_OSD_Seekbar_NoCodecs</include>
            </control>
        </include>



        <!-- Clock -->
        <include content="Object_ShadowSpot">
            <include>Dimension_ClockShadow</include>
        </include>
        <include content="Furniture_Top_Right">
            <param name="icon">$VAR[Image_MuteBug_Seekbar]</param>
        </include>

        <!-- Top Label Lyrics -->
        <control type="group">
            <visible>Window.IsVisible(script-cu-lrclyrics-main.xml) | !String.IsEmpty(Window(Home).Property(OSDArtistDetails))</visible>
            <include>Animation_FadeIn_Delay</include>
            <include>Animation_FadeOut</include>
            <include content="Furniture_Top_Left">
                <param name="label">$LOCALIZE[31244]</param>
            </include>
        </control>
    </controls>
</window>