<?xml version="1.0" encoding="UTF-8"?>
<window>
    <defaultcontrol always="true">450</defaultcontrol>
    <controls>

        <include>Object_Overlay</include>

        <include content="Dialog_Background">
            <include>Animation_SlideIn_Dialog</include>
            <include>Dimension_Favourites</include>
            <control type="image">
                <top>-16</top>
                <centerright>70</centerright>
                <height>16</height>
                <width>16</width>
                <texture colordiffuse="dialog_bg_100">common/arrow-menu-up.png</texture>
            </control>
            <include content="Object_MenuHeader">
                <param name="label" value="$LOCALIZE[1036]" />
            </include>
            <control type="group">
                <top>100</top>
                <include content="List_AddonBrowser">
                    <param name="id" value="450" />
                    <param name="item_h" value="330" />
                    <param name="itemlayout_h" value="370" />
                    <param name="item_w" value="280" />
                    <param name="itemlayout_w" value="320" />
                    <param name="offset_y" value="40" />
                    <param name="context_button">true</param>
                    <onleft>noop</onleft>
                    <onright>61</onright>
                    <pagecontrol>61</pagecontrol>
                    <preloaditems>0</preloaditems>
                    <left>-40</left>
                </include>

                <include content="Dialog_Scrollbar">
                    <param name="id" value="61" />
                    <onright>9000</onright>
                    <onleft>450</onleft>
                    <right>0</right>
                </include>
            </control>
        </include>

        <include>Furniture_Top_Right</include>
    </controls>
</window>
