<?xml version="1.0" encoding="UTF-8"?>
<includes>

    <!-- SlideUp Categories = Disabled -->
    <include name="Hub_Slide_Group_OnCategories">
        <animation effect="slide" time="400" end="0" start="0,hub_group_widgetup_s" tween="quadratic" easing="out" reversible="false" condition="$EXP[Exp_Hubs_SlideDown_Categories]">Conditional</animation>
        <animation effect="slide" time="400" end="0,hub_group_widgetup_s" start="0" tween="quadratic" easing="out" reversible="false" condition="!$EXP[Exp_Hubs_SlideDown_Categories]">Conditional</animation>
    </include>
    <include name="Hub_WindowTransition_Group_OnCategories">
        <animation effect="slide" start="0" end="0,hub_group_widgetup_s" time="400" tween="quadratic" reversible="false" condition="$EXP[Exp_Hubs_SlideDown_Categories]">WindowClose</animation>
        <animation effect="slide" end="0" start="0,hub_group_widgetup_s" time="400" tween="quadratic" reversible="false" condition="$EXP[Exp_Hubs_SlideDown_Categories]">WindowOpen</animation>
    </include>
    <include name="Hub_WindowTransition_CategoriesSpotlight_OnCategories">
        <animation effect="fade" start="100" end="0" time="200" tween="sine" easing="in" reversible="false" condition="$EXP[Exp_Hubs_SlideDown_Categories]">WindowClose</animation>
        <animation effect="fade" end="100" start="0" time="400" tween="sine" easing="in" reversible="false" condition="$EXP[Exp_Hubs_SlideDown_Categories]">WindowOpen</animation>
    </include>

    <!-- SlideUp Categories = Enabled -->
    <include name="Hub_Slide_Group_OnWidgets">
        <animation effect="slide" time="400" end="0" start="0,hub_group_widgetup_s" tween="quadratic" easing="out" reversible="false" condition="$EXP[Exp_Hubs_SlideDown_Widgets]">Conditional</animation>
        <animation effect="slide" time="400" end="0,hub_group_widgetup_s" start="0" tween="quadratic" easing="out" reversible="false" condition="!$EXP[Exp_Hubs_SlideDown_Widgets]">Conditional</animation>
    </include>
    <include name="Hub_WindowTransition_Group_OnWidgets">
        <animation effect="slide" start="0" end="0,hub_group_widgetup_s" time="400" tween="quadratic" reversible="false" condition="$EXP[Exp_Hubs_SlideDown_Widgets]">WindowClose</animation>
        <animation effect="slide" end="0" start="0,hub_group_widgetup_s" time="400" tween="quadratic" reversible="false" condition="$EXP[Exp_Hubs_SlideDown_Widgets]">WindowOpen</animation>
    </include>
    <include name="Hub_WindowTransition_CategoriesSpotlight_OnWidgets">
        <animation effect="fade" start="100" end="0" time="200" tween="sine" easing="in" reversible="false" condition="$EXP[Exp_Hubs_SlideDown_Widgets]">WindowClose</animation>
        <animation effect="fade" end="100" start="0" time="400" tween="sine" easing="in" reversible="false" condition="$EXP[Exp_Hubs_SlideDown_Widgets]">WindowOpen</animation>
    </include>

    <!-- Fanart Spotlight = Enabled -->
    <include name="Hub_Slide_Spotlight_OnFanart">
        <animation effect="slide" start="0" end="0,hub_group_fanartspotlight_s" time="400" tween="quadratic" reversible="false" condition="$EXP[Exp_Hubs_SlideDown_Spotlight]">Conditional</animation>
        <animation effect="slide" end="0" start="0,hub_group_fanartspotlight_s" time="400" tween="quadratic" reversible="false" condition="!$EXP[Exp_Hubs_SlideDown_Spotlight]">Conditional</animation>
        <animation effect="slide" start="0" end="0,-hub_group_fanartspotlight_s" time="400" tween="quadratic" reversible="false" condition="$EXP[Exp_Hubs_SlideDown_Spotlight]">WindowClose</animation>
        <animation effect="slide" end="0" start="0,-hub_group_fanartspotlight_s" time="400" tween="quadratic" reversible="false" condition="$EXP[Exp_Hubs_SlideDown_Spotlight]">WindowOpen</animation>
    </include>

    <variable name="Hub_Submenu_Highlight">
        <value condition="!String.IsEmpty(Container(302).ListItem.Property(useWidgetList)) + [!String.IsEmpty(Container(302).ListItem.Property(widgetPath)) | !String.IsEmpty(Container(302).ListItem.Property(list))]">main_fg_90</value>
        <value condition="String.IsEmpty(Container(300).ListItem.Property(useWidgetList)) + String.IsEmpty(Container(302).ListItem.Property(widgetPath)) + String.IsEmpty(Container(302).ListItem.Property(list)) + !String.IsEmpty(Container(302).ListItem.FolderPath)">main_fg_90</value>
        <value>main_fg_30</value>
    </variable>

    <include name="Hub_Submenu_List_Definition_Content">
        <onup>300</onup>
        <ondown>$PARAM[ondown]</ondown>
        <onfocus>SetProperty(TMDbHelper.WidgetContainer,301,$PARAM[window_id])</onfocus>
        <onfocus condition="!Skin.HasSetting(Navigation.EnableTopCategories)">SetProperty(TMDbHelper.WidgetContainer,301,$PARAM[window_id])</onfocus>
        <onfocus condition="Skin.HasSetting(Navigation.EnableTopCategories)">SetProperty(TMDbHelper.WidgetContainer,$INFO[Container(300).ListItem.Property(item)]601,$PARAM[window_id])</onfocus>

        <include content="Action_View_Movement_OnLeftRight">
            <param name="id">$PARAM[id]</param>
            <param name="onback">[Integer.IsEqual(Container($PARAM[id]).CurrentItem,1)]</param>
            <param name="backid">320</param>
            <param name="include_onback">false</param>
        </include>
        <include content="Action_View_Movement_OnBack">
            <param name="id">$PARAM[id]</param>
            <param name="onback">[Integer.IsEqual(Container($PARAM[id]).CurrentItem,1)]</param>
            <param name="backid">320</param>
            <param name="menuid">311</param>
            <param name="tbarid">311</param>
        </include>
        <include>Hub_Categories_FadeIn</include>

    </include>

    <include name="Hub_Submenu_List_Definition_Fake">
        <include content="Categories_Selector">
            <param name="id">$PARAM[id]</param>
            <param name="window_id">$PARAM[window_id]</param>
            <param name="font">font_mini</param>
            <param name="color_fo">$VAR[Hub_Submenu_Highlight]</param>
            <param name="color_nf">main_fg_30</param>
            <param name="hidden_button">$PARAM[hidden_button]</param>
            <param name="hidden_button_prefix">$PARAM[hidden_button_prefix]</param>
            <param name="slide">True</param>
            <param name="hitrect_x">20</param>
            <param name="hitrect_y">20</param>
            <param name="hitrect_w">1080</param>
            <param name="hitrect_h">120</param>
            <param name="shorten">True</param>
            <param name="scrolltime">0</param>

            <include content="Hub_Submenu_List_Definition_Content">
                <param name="window_id">$PARAM[window_id]</param>
                <param name="ondown">$PARAM[ondown]</param>
                <param name="id">$PARAM[id]</param>
            </include>
            <include content="Animation_ConditionalFade">
                <param name="condition">true</param>
            </include>
            <nested />

        </include>
    </include>
    <include name="Hub_Submenu_List_Definition_Real">
        <include content="Categories_Selector">
            <param name="id">$PARAM[id]</param>
            <param name="window_id">$PARAM[window_id]</param>
            <param name="font">font_mini</param>
            <param name="color_fo">$VAR[Hub_Submenu_Highlight]</param>
            <param name="color_nf">main_fg_30</param>
            <param name="hidden_button">$PARAM[hidden_button]</param>
            <param name="hidden_button_prefix">$PARAM[hidden_button_prefix]</param>
            <param name="slide">True</param>
            <param name="hitrect_x">20</param>
            <param name="hitrect_y">20</param>
            <param name="hitrect_w">1080</param>
            <param name="hitrect_h">120</param>
            <param name="shorten">True</param>
            <param name="scrolltime">400</param>
            <include content="Hub_Submenu_List_Definition_Content">
                <param name="window_id">$PARAM[window_id]</param>
                <param name="ondown">$PARAM[ondown]</param>
                <param name="id">$PARAM[id]</param>
            </include>
            <nested />
        </include>
    </include>

    <include name="Hub_Submenu_List_Definition">
        <include content="Hub_Submenu_List_Definition_Fake" condition="!Skin.HasSetting(Views.DisableItemPeek)">
            <param name="window_id">$PARAM[window_id]</param>
            <param name="categories">$PARAM[categories]</param>
        </include>
        <include content="Hub_Submenu_List_Definition_Real" condition="Skin.HasSetting(Views.DisableItemPeek)">
            <param name="window_id">$PARAM[window_id]</param>
            <param name="categories">$PARAM[categories]</param>
        </include>
    </include>

    <include name="Hub_Submenu_List">
        <param name="ondown">340</param>
        <param name="hidden_button">List_ButtonMenu_Row_HiddenButton_View</param>
        <definition>
            <include content="Hub_Submenu_List_Definition_Fake" condition="!Skin.HasSetting(Views.DisableItemPeek)">
                <param name="id">$PARAM[id]</param>
                <param name="window_id">$PARAM[window_id]</param>
                <param name="hidden_button">$PARAM[hidden_button]</param>
                <param name="hidden_button_prefix">$PARAM[hidden_button_prefix]</param>
                <param name="ondown">$PARAM[ondown]</param>
                <nested />
            </include>
            <include content="Hub_Submenu_List_Definition_Real" condition="Skin.HasSetting(Views.DisableItemPeek)">
                <param name="id">$PARAM[id]</param>
                <param name="window_id">$PARAM[window_id]</param>
                <param name="hidden_button">$PARAM[hidden_button]</param>
                <param name="hidden_button_prefix">$PARAM[hidden_button_prefix]</param>
                <param name="ondown">$PARAM[ondown]</param>
                <nested />
            </include>
        </definition>
    </include>

    <include name="Hub_Submenu_Group_Selector_Fake">
        <control type="group">
            <left>-20</left>
            <centertop>60</centertop>
            <height>256</height>
            <include>Hub_Categories_FadeIn</include>
            <include content="Categories_Selector_Fake">
                <param name="id">302</param>
                <param name="include_five">true</param>
            </include>
        </control>
    </include>

    <include name="Hub_Submenu_Group">
        <control type="group" id="3000">
            <visible>!$EXP[Exp_InfoDialogs]</visible>
            <include>Animation_Transition_InfoPanel_Hide</include>
            <include>Transitions_Lower_Visibility</include>
            <top>hub_submenuwidget_t</top>
            <height>hub_submenuwidget_h</height>
            <left>160</left>
            <orientation>vertical</orientation>
            <include>Hub_WindowTransition_CategoriesSpotlight_OnWidgets</include>
            <include condition="!Skin.HasSetting(Navigation.EnableTopCategories) + !Skin.HasSetting(Views.DisableItemPeek)">Hub_Submenu_Group_Selector_Fake</include>
            <include content="Animation_ConditionalFade" condition="Skin.HasSetting(Navigation.EnableTopCategories)">
                <param name="condition">true</param>
            </include>

            <nested />

        </control>
    </include>

    <include name="Hub_Menu_Group">
        <param name="widgets_only">false</param>
        <definition>
            <control type="group">
                <include>Animation_Half_WindowChange_UpDown</include>
                <include condition="Skin.HasSetting(Navigation.EnableTopCategories)">Hub_Slide_Group_OnCategories</include>
                <include condition="!Skin.HasSetting(Navigation.EnableTopCategories)">Hub_Slide_Group_OnWidgets</include>
                <nested />
            </control>
        </definition>
    </include>

    <include name="Hub_Widget_Splash">
        <control type="group">
            <visible>[Skin.HasSetting(Startup.WaitForLoad) + [[Integer.IsEqual(Container(301).NumItems,0) + Container(301).IsUpdating] | [Container(303).IsUpdating + Integer.IsEqual(Container(303).NumItems,0)]]]</visible>
            <visible>System.HasAlarm(SplashTimeOut)</visible>
            <include>Background_StartUp</include>
            <include>Object_StartUp_Logo</include>
            <control type="label">
                <centertop>610</centertop>
                <height>40</height>
                <aligny>center</aligny>
                <align>center</align>
                <textcolor>main_logo</textcolor>
                <label>$LOCALIZE[31427] [LOWERCASE]$LOCALIZE[31103][/LOWERCASE]...</label>
            </control>
            <control type="group">
                <centertop>750</centertop>
                <height>80</height>
                <include content="Object_BusySpinner">
                    <param name="colordiffuse">main_fg</param>
                    <param name="haslabel">false</param>
                </include>
            </control>
        </control>
    </include>

    <include name="Hub_SpotlightFanart">
        <control type="image">
            <aspectratio>scale</aspectratio>
            <fadetime>background_fadetime</fadetime>
            <texture background="true">$VAR[Image_FullscreenWidget_Artwork]</texture>
            <include>Background_NotVideo</include>
            <include content="Animation_Fade_In">
                <param name="type">WindowOpen</param>
            </include>
            <include content="Animation_Fade_Out">
                <param name="type">WindowClose</param>
            </include>
            <animation effect="fade" start="0" end="100" time="background_fadetime" delay="background_fadetime">Visible</animation>
            <animation effect="fade" start="100" end="0" time="background_fadetime" delay="background_fadetime">Hidden</animation>
            <visible>$EXP[Exp_Hubs_SlideDown_Spotlight]</visible>
        </control>
    </include>

    <include name="Hub_Refocus_Buttons">
        <include content="Object_Hidden_Button">
            <param name="id">309</param>
            <onfocus condition="Window.IsVisible(Home) + Skin.String(Home.SideMenuCollapse,Topbar)">SetFocus(370,$VAR[Action_Default_HomeFocus],absolute)</onfocus>
            <onfocus condition="!Window.IsVisible(Home) | !Skin.String(Home.SideMenuCollapse,Topbar)">SetFocus(303,$VAR[Action_Default_HomeFocus],absolute)</onfocus>
            <onleft>SetFocus($VAR[Action_Hubs_MenuID])</onleft>
            <onright>SetFocus($VAR[Action_Hubs_MenuID])</onright>
            <ondown>SetFocus($VAR[Action_Hubs_MenuID])</ondown>
            <onup>SetFocus($VAR[Action_Hubs_MenuID])</onup>
            <onclick>SetFocus($VAR[Action_Hubs_MenuID])</onclick>
            <onback>303</onback>
            <onback>SetFocus($VAR[Action_Hubs_MenuID])</onback>
        </include>

        <include content="Object_Hidden_Button">
            <param name="id">308</param>
            <onfocus>SetFocus(303)</onfocus>
            <onfocus>ActivateWindow(1170)</onfocus>
        </include>
    </include>

    <include name="Hub_Controls">
        <param name="fullscreen_content">$VAR[Path_Spotlight_Fallback_Content]</param>
        <param name="fullscreen_target">$VAR[Path_Spotlight_Fallback_Target]</param>
        <param name="fullscreen_sortby">random</param>
        <param name="widgets_only">false</param>
        <param name="include">Hub_Standard</param>
        <definition>

            <include>Hub_Refocus_Buttons</include>
            <include>View_Bumper</include>
            <include condition="![$PARAM[widgets_only]]">Spotlight_Fallback_Slideshow</include>
            <include>Defs_TMDbHelper_Loader</include>

            <include content="Background_Main" condition="$EXP[Exp_Hubs_Spotlight_IsFanart]">
                <param name="include_layer">Hub_SpotlightFanart</param>
            </include>
            <include condition="!$EXP[Exp_Hubs_Spotlight_IsFanart]">Background_Main</include>

            <include>Background_Transition</include>

            <include content="Hub_Main_Group">
                <param name="widgets_only">[$PARAM[widgets_only]]</param>

                <include condition="$EXP[Exp_Hubs_Spotlight_IsFanart] + !Skin.HasSetting(Hub.$PARAM[window_id].DisableSubmenu)">Hub_Slide_Spotlight_OnFanart</include>

                <include content="Hub_Menu_Group" condition="![$PARAM[widgets_only]]">
                    <include content="Hub_Categories">
                        <param name="categories">$PARAM[categories]</param>
                        <param name="window_id">$PARAM[window_id]</param>
                    </include>
                </include>
                <include content="Spotlight_List" condition="![$PARAM[widgets_only]]">
                    <param name="window_id">$PARAM[window_id]</param>
                    <param name="sortby">$PARAM[fullscreen_sortby]</param>
                    <param name="sortorder">$PARAM[fullscreen_sortorder]</param>
                    <param name="target">$PARAM[fullscreen_target]</param>
                    <param name="limit">$PARAM[fullscreen_limit]</param>
                    <param name="browse">never</param>
                    <param name="content">$PARAM[fullscreen_content]</param>
                    <visible>String.IsEmpty(Container(300).ListItem.Property(spotlight_path))</visible>
                    <visible>String.IsEmpty(Container(303).ListItem.Property(spotlight_path))</visible>
                    <visible>String.IsEmpty(Container(370).ListItem.Property(spotlight_path))</visible>
                </include>
                <include content="$PARAM[include]" condition="![$PARAM[widgets_only]]">
                    <param name="categories">$PARAM[categories]</param>
                    <param name="window_id">$PARAM[window_id]</param>
                </include>
                <include content="Hub_Menu_Group" condition="![$PARAM[widgets_only]]">
                    <bottom>-440</bottom>
                    <include>skinvariables-$PARAM[categories]-widgets-selector</include>
                </include>
                <include content="Hub_Widgets_Only" condition="$PARAM[widgets_only]">
                    <param name="widgets_include">$PARAM[widgets_include]</param>
                </include>
            </include>

            <include>Widget_Transitions</include>

            <!-- Side Fade -->
            <include>Home_Fade</include>

            <!-- Furniture -->
            <control type="group">
                <visible>!$EXP[Exp_InfoDialogs]</visible>
                <include>Animation_View_WindowChange</include>
                <include>Hub_Widgets_Group_Furniture</include>
                <include>Animation_Group_Bumper</include>

                <include condition="Skin.HasSetting(Navigation.EnableTopCategories)">Hub_Categories_Selector_Fake</include>

                <control type="group">
                    <centertop>120</centertop>
                    <left>120</left>
                    <height>200</height>
                    <!-- <left>-1080</left> -->
                    <width>1080</width>
                    <include condition="Window.IsVisible(Home) + Skin.String(Home.SideMenuCollapse,Topbar)">Hub_TopBar_Categories</include>
                </control>

                <control type="group">
                    <include content="Animation_ConditionalFade" condition="Skin.HasSetting(Navigation.EnableTopCategories)">
                        <param name="condition">[$EXP[Exp_Hubs_Categories_IsFocus] + $EXP[Exp_Hubs_Spotlight_IsFanart]] | Control.HasFocus(370)</param>
                    </include>
                    <include content="Animation_ConditionalFade" condition="!Skin.HasSetting(Navigation.EnableTopCategories)">
                        <param name="condition">[Control.HasFocus(370)]</param>
                    </include>
                    <include>Furniture_Top</include>
                </control>
            </control>

            <nested />

            <!-- SideMenu -->
            <include content="Home_Menu">
                <param name="window_id">$PARAM[window_id]</param>
            </include>

            <!-- Plot Dialog Overlay -->
            <include>View_Dialog_VideoPIP</include>
            <include>View_Dialog_Plot</include>
        </definition>
    </include>

    <include name="Hub_Categories_Selector_Fake">
        <control type="group">
            <visible allowhiddenfocus="true">$EXP[Exp_Hubs_Categories_IsFocus]</visible>
            <!-- <control type="group">
                <centertop>100</centertop>
                <height>40</height>
                <include content="Info_Viewline">
                    <param name="item_condition">true</param>
                    <param name="library_condition">true</param>
                    <param name="label">[CAPITALIZE]$VAR[Label_Header_Main][/CAPITALIZE]</param>
                    <top>0</top>
                </include>
            </control> -->
            <control type="grouplist">
                <height>256</height>
                <centertop>100</centertop>
                <left>120</left>
                <orientation>horizontal</orientation>
                <itemgap>0</itemgap>
                <control type="button">
                    <align>left</align>
                    <width>auto</width>
                    <height>256</height>
                    <centertop>50%</centertop>
                    <!-- <font>font_main_black</font>
                    <textcolor>00ffffff</textcolor> -->
                    <font>font_midi_black</font>
                    <textcolor>main_fg_100</textcolor>
                    <label>[CAPITALIZE]$VAR[Label_Header_Main][/CAPITALIZE]</label>
                    <textoffsetx>80</textoffsetx>
                    <texturenofocus />
                    <texturefocus />

                </control>

                <control type="group">
                    <left>-80</left>
                    <width>1080</width>
                    <include content="Animation_ConditionalFade">
                        <param name="condition">[Integer.IsEqual(Window.Property(TMDBHelper.WidgetContainer),301) | ![Integer.IsEqual(Window.Property(Slide.WidgetContainer),300) | Control.HasFocus(300) | Integer.IsEqual(Container(302).NumItems,0)] | [Integer.IsEqual(Window.Property(Slide.WidgetContainer),302) | Control.HasFocus(302)]]</param>
                    </include>
                    <include content="Categories_Selector_Fake">
                        <param name="id">300</param>
                    </include>
                </control>

                <control type="group">
                    <left>-1080</left>
                    <width>1080</width>
                    <include content="Animation_ConditionalFade">
                        <param name="condition">[Integer.IsEqual(Window.Property(TMDBHelper.WidgetContainer),301) | [Integer.IsEqual(Window.Property(Slide.WidgetContainer),300) | Control.HasFocus(300) | Integer.IsEqual(Container(302).NumItems,0)]]</param>
                    </include>
                    <include content="Categories_Selector_Fake">
                        <param name="id">302</param>
                    </include>
                </control>
            </control>
        </control>
    </include>

    <include name="Hub_TopBar_Categories">
        <control type="group">
            <include content="Animation_Fade_In">
                <param name="type">WindowOpen</param>
                <param name="condition">[Control.HasFocus(370) | Control.HasFocus(333)]</param>
            </include>
            <include content="Animation_Fade_Out">
                <param name="type">WindowClose</param>
                <param name="condition">[Control.HasFocus(370) | Control.HasFocus(333)]</param>
            </include>
            <control type="list" id="370">
                <visible allowhiddenfocus="true">Control.HasFocus(370) | Control.HasFocus(333)</visible>

                <include content="Home_Menu_List_OnUp_Bump" condition="!Skin.String(Navigation.Global.OnUp,Search)">
                    <param name="id">370</param>
                </include>
                <include content="Home_Menu_List_OnUp_ActivateSearch" condition="Skin.String(Navigation.Global.OnUp,Search) + !$EXP[Exp_Window_IsClassicHub]">
                    <param name="property">InhibitTransition</param>
                </include>
                <include content="Home_Menu_List_OnUp_ActivateSearch" condition="Skin.String(Navigation.Global.OnUp,Search) + $EXP[Exp_Window_IsClassicHub]">
                    <param name="property">ReverseTransition</param>
                </include>

                <ondown>SetFocus(303,0,absolute)</ondown>

                <include>Home_Menu_List_OnBackInfo</include>
                <height>200</height>
                <width>440</width>
                <orientation>horizontal</orientation>
                <scrolltime tween="quadratic">400</scrolltime>
                <include content="Home_Menu_List_ItemLayout">
                    <param name="id">370</param>
                    <param name="hidden_button">Home_Menu_List_HiddenButton</param>
                    <param name="hidden_button_enabled">[Window.IsVisible(Home) + Skin.HasSetting(Hub.Home.DisableSubmenu)]</param>
                    <param name="itemlayout_w">100</param>
                    <param name="vertical">false</param>
                    <param name="layoutfo">[!Skin.HasSetting(Home.SideMenu.DisableIndicator) + !Window.IsVisible(1172)]</param>
                </include>
                <content>
                    <include>skinvariables-sidemenu-staticitems</include>
                </content>
            </control>
        </control>
    </include>

    <include name="Hub_Widgets_Only">
        <include>Background_Transition</include>
        <include content="Hub_Widgets_Group">
            <include content="Hub_Widgets_Infopanel">
                <include content="Info_Panel">
                    <param name="container">Container.</param>
                </include>
            </include>
            <include>$PARAM[widgets_include]</include>
            <include content="Hub_Menu_Group">
                <bottom>-440</bottom>
                <include condition="!Window.IsVisible(Home)">$PARAM[widgets_include]-selector</include>
                <include condition="Window.IsVisible(Home)">skinvariables-sidemenu-widgets-selector</include>
            </include>
        </include>
    </include>

    <variable name="Hub_Submenu_Content">
        <value condition="!String.IsEmpty(Container(300).ListItem.Property(submenulist_path))">$INFO[Container(300).ListItem.Property(submenulist_path)]</value>
        <value>plugin://script.skinvariables/?info=get_shortcuts_node$INFO[Container(300).ListItem.Property(menu),&amp;menu=,]$INFO[Container(300).ListItem.Property(list),&amp;node=,]$INFO[Container(300).ListItem.Property(skin),&amp;skin=,]$INFO[Window(Home).Property(SkinVariables.ShortcutsNode.Reload),&amp;reload=,]</value>
    </variable>

    <include name="Hub_Standard">
        <include content="Hub_Menu_Group">
            <include content="Hub_Submenu_Group">
                <include>skinvariables-$PARAM[categories]-submenu</include>
            </include>
        </include>

        <include condition="Window.IsVisible(Home)">skinvariables-sidemenu-spotlight</include>
        <include>skinvariables-$PARAM[categories]-spotlight</include>

        <include content="Hub_Widgets_Group">
            <include>skinvariables-$PARAM[categories]-widgets</include>
            <include condition="Skin.HasSetting(Navigation.EnableTopCategories)">Hub_WindowTransition_Group_OnCategories</include>
            <include condition="!Skin.HasSetting(Navigation.EnableTopCategories)">Hub_WindowTransition_Group_OnWidgets</include>
        </include>

        <include content="Hub_Widgets_Infopanel">
            <include content="Info_Panel">
                <param name="container">Container.</param>
                <param name="visible">!Integer.IsEqual(Window.Property(TMDBHelper.WidgetContainer),301)</param>
                <!-- <include content="Animation_Fade_In" condition="$EXP[Exp_Hubs_Spotlight_IsFanart]">
                    <param name="condition">![Integer.IsEqual(Window.Property(TMDBHelper.WidgetContainer),301) | $EXP[Exp_Hubs_Categories_IsFocus]]</param>
                    <param name="delay">200</param>
                </include>
                <include content="Animation_ConditionalFade" condition="$EXP[Exp_Hubs_Spotlight_IsFanart]">
                    <param name="condition">[Integer.IsEqual(Window.Property(TMDBHelper.WidgetContainer),301) | $EXP[Exp_Hubs_Categories_IsFocus]]</param>
                </include>
                <include content="Animation_ConditionalFade" condition="!$EXP[Exp_Hubs_Spotlight_IsFanart]">
                    <param name="condition">Integer.IsEqual(Window.Property(TMDBHelper.WidgetContainer),301)</param>
                </include> -->
            </include>
        </include>
    </include>

    <include name="Hub_Main_Group">
        <control type="group" id="320">
            <include>Animation_View_WindowChange</include>
            <include>Animation_Group_Bumper</include>
            <nested />
            <include condition="![$PARAM[widgets_only]]">Spotlight_Info</include>
        </control>
    </include>

    <include name="Hub_Widgets_Group_Furniture">
        <param name="visible">[!Integer.IsEqual(Window.Property(TMDBHelper.WidgetContainer),301) + !String.IsEmpty(Window.Property(TMDBHelper.WidgetContainer)) + !String.IsEmpty(Window.Property(Slide.WidgetContainer))]</param>
        <param name="include_conditionalfade">true</param>
        <definition>
            <control type="group">
                <include content="Animation_ConditionalFade" condition="$PARAM[include_conditionalfade]">
                    <param name="condition">$EXP[Exp_InfoDialogs]</param>
                </include>

                <control type="group">
                    <include content="Animation_Fade_In">
                        <param name="type">Visible</param>
                        <param name="delay">200</param>
                    </include>
                    <visible>$PARAM[visible]</visible>
                    <include content="Animation_ConditionalFade">
                        <param name="condition">Window.IsVisible(1171)</param>
                    </include>
                    <include condition="$EXP[Exp_Footer_BottomLeft_IsVisible]">Furniture_Bottom_Left</include>
                </control>

                <include>Furniture_Bottom_Right</include>

            </control>

        </definition>
    </include>

    <include name="Hub_Widgets_Group">
        <control type="group" id="340">
            <nested />
        </control>
    </include>

    <include name="Hub_Categories_Definition_Content">
        <include content="Action_View_Movement_OnLeftRight">
            <param name="id">300</param>
            <param name="onback">[Integer.IsEqual(Container(300).CurrentItem,1)]</param>
            <param name="backid">320</param>
            <param name="include_onback">false</param>
        </include>
        <include content="Action_View_Movement_OnBack">
            <param name="id">300</param>
            <param name="onback">[Integer.IsEqual(Container(300).CurrentItem,1)]</param>
            <param name="backid">320</param>
            <param name="menuid">311</param>
            <param name="tbarid">311</param>
        </include>

        <onup>311</onup>
        <ondown>302</ondown>

        <onfocus>SetProperty(TMDbHelper.WidgetContainer,301,$PARAM[window_id])</onfocus>

        <onfocus condition="!Skin.HasSetting(Navigation.EnableTopCategories)">SetProperty(TMDbHelper.WidgetContainer,301,$PARAM[window_id])</onfocus>
        <onfocus condition="Skin.HasSetting(Navigation.EnableTopCategories)">SetProperty(TMDbHelper.WidgetContainer,$INFO[Container(300).ListItem.Property(item)]601,$PARAM[window_id])</onfocus>

        <content>
            <include>skinvariables-$PARAM[categories]-staticitems</include>
        </content>
    </include>

    <include name="Hub_Categories_Definition_Selector_Fake">
        <control type="group">
            <left>-20</left>
            <centertop>60</centertop>
            <height>256</height>
            <include content="Categories_Selector_Fake">
                <param name="id">300</param>
                <param name="font">font_main_black</param>
            </include>
        </control>
    </include>

    <include name="Hub_Categories_Definition_Fake">
        <include condition="!Skin.HasSetting(Navigation.EnableTopCategories)">Hub_Categories_Definition_Selector_Fake</include>
        <include content="Categories_Selector">
            <param name="window_id">$PARAM[window_id]</param>
            <param name="hitrect_x">20</param>
            <param name="hitrect_y">-20</param>
            <param name="hitrect_w">1080</param>
            <param name="hitrect_h">120</param>
            <param name="shorten">True</param>
            <param name="hidden_button_prefix">Item.$INFO[Container(300).ListItem.Property(item)]302.</param>
            <param name="hidden_button">List_ButtonMenu_Row_HiddenButton_Home_Categories</param>
            <param name="slide">True</param>
            <param name="scrolltime">0</param>
            <include content="Hub_Categories_Definition_Content">
                <param name="window_id">$PARAM[window_id]</param>
                <param name="categories">$PARAM[categories]</param>
            </include>
            <include content="Animation_ConditionalFade">
                <param name="condition">true</param>
            </include>
        </include>
    </include>
    <include name="Hub_Categories_Definition_Real">
        <include content="Categories_Selector">
            <param name="window_id">$PARAM[window_id]</param>
            <param name="hitrect_x">20</param>
            <param name="hitrect_y">-20</param>
            <param name="hitrect_w">1080</param>
            <param name="hitrect_h">120</param>
            <param name="shorten">True</param>
            <param name="hidden_button_prefix">Item.$INFO[Container(300).ListItem.Property(item)]302.</param>
            <param name="hidden_button">List_ButtonMenu_Row_HiddenButton_Home_Categories</param>
            <param name="slide">True</param>
            <param name="scrolltime">400</param>
            <include content="Hub_Categories_Definition_Content">
                <param name="window_id">$PARAM[window_id]</param>
                <param name="categories">$PARAM[categories]</param>
            </include>
        </include>
    </include>

    <include name="Hub_Categories_Definition">
        <include content="Hub_Categories_Definition_Fake" condition="!Skin.HasSetting(Views.DisableItemPeek)">
            <param name="window_id">$PARAM[window_id]</param>
            <param name="categories">$PARAM[categories]</param>
        </include>
        <include content="Hub_Categories_Definition_Real" condition="Skin.HasSetting(Views.DisableItemPeek)">
            <param name="window_id">$PARAM[window_id]</param>
            <param name="categories">$PARAM[categories]</param>
        </include>
    </include>

    <include name="Hub_Categories">
        <control type="group">
            <include>Hub_WindowTransition_CategoriesSpotlight_OnWidgets</include>
            <control type="group">
                <top>hub_spotlight_t</top>
                <height>hub_spotlight_h</height>
                <visible>!$EXP[Exp_InfoDialogs]</visible>
                <include>Animation_Transition_InfoPanel_Hide</include>
                <include content="Animation_Fade_In">
                    <param name="condition">Integer.IsEqual(Window.Property(TMDBHelper.WidgetContainer),301)</param>
                    <param name="delay">200</param>
                </include>
                <include content="Animation_ConditionalFade">
                    <param name="condition">!Integer.IsEqual(Window.Property(TMDBHelper.WidgetContainer),301)</param>
                </include>
                <include content="Info_Viewline">
                    <param name="label">$VAR[Label_Spotlight_Name]</param>
                    <param name="item_condition">true</param>
                    <param name="item_count">$INFO[Container(301).NumItems]</param>
                    <top>60</top>
                </include>
            </control>
            <control type="group">
                <include>Transitions_Lower_Visibility</include>
                <include content="Spotlight_Main">
                    <param name="window_id">$PARAM[window_id]</param>
                </include>
                <control type="group">
                    <include>Hub_Categories_FadeIn</include>
                    <left>160</left>
                    <height>hub_categorieswidget_h</height>
                    <top>hub_categorieswidget_t</top>
                    <include content="Animation_ConditionalFade" condition="Skin.HasSetting(Navigation.EnableTopCategories)">
                        <param name="condition">true</param>
                    </include>
                    <include content="Hub_Categories_Definition">
                        <param name="window_id">$PARAM[window_id]</param>
                        <param name="categories">$PARAM[categories]</param>
                    </include>
                </control>
            </control>
        </control>
    </include>

    <include name="Hub_Categories_FadeIn">
        <param name="no_fanart_condition">True</param>
        <definition>

            <include content="Animation_Fade_In" condition="!$EXP[Exp_Hubs_Spotlight_IsFanart]">
                <param name="condition">[Integer.IsEqual(Window.Property(TMDBHelper.WidgetContainer),301) | $EXP[Exp_Hubs_Categories_IsFocus]] + $PARAM[no_fanart_condition]</param>
                <param name="delay">0</param>
            </include>
            <include content="Animation_ConditionalFade" condition="!$EXP[Exp_Hubs_Spotlight_IsFanart]">
                <param name="condition">![[Integer.IsEqual(Window.Property(TMDBHelper.WidgetContainer),301) | $EXP[Exp_Hubs_Categories_IsFocus]] + $PARAM[no_fanart_condition]]</param>
            </include>

            <include content="Animation_Fade_In" condition="$EXP[Exp_Hubs_Spotlight_IsFanart]">
                <param name="condition">$EXP[Exp_Hubs_Categories_IsFocus] | $EXP[Exp_InfoDialogs]</param>
                <param name="delay">0</param>
            </include>
            <include content="Animation_ConditionalFade" condition="$EXP[Exp_Hubs_Spotlight_IsFanart]">
                <param name="condition">![[$EXP[Exp_Hubs_Categories_IsFocus] | $EXP[Exp_InfoDialogs]] + !$EXP[Exp_Hubs_SlideDown_Spotlight]]</param>
            </include>
        </definition>

    </include>

    <include name="Hub_Widgets_Grouplist_Animation_Slide">
        <animation effect="fade" start="100" end="0" delay="400" time="1" reversible="false">Hidden</animation>
        <animation effect="fade" start="100" end="0" reversible="false" condition="String.IsEmpty(Window.Property(WidgetGroup.Movement)) + ![$PARAM[visible]]">Conditional</animation>
        <include content="Animation_Widgets_Grouplist_Slide_In">
            <param name="posy">-440</param>
            <param name="condition">String.IsEqual(Window.Property(WidgetGroup.Movement),Up) + $PARAM[visible]</param>
        </include>
        <include content="Animation_Widgets_Grouplist_Slide_Out">
            <param name="posy">440</param>
            <param name="condition">String.IsEqual(Window.Property(WidgetGroup.Movement),Up) + ![$PARAM[visible]]</param>
        </include>
        <include content="Animation_Widgets_Grouplist_Slide_In">
            <param name="posy">440</param>
            <param name="condition">String.IsEqual(Window.Property(WidgetGroup.Movement),Down) + $PARAM[visible]</param>
        </include>
        <include content="Animation_Widgets_Grouplist_Slide_Out">
            <param name="posy">-440</param>
            <param name="condition">String.IsEqual(Window.Property(WidgetGroup.Movement),Down) + ![$PARAM[visible]]</param>
        </include>
    </include>

    <include name="Hub_Widgets_HintArrows">
        <control type="group">
            <visible>$PARAM[visible]</visible>
            <include content="Animation_Fade_In">
                <param name="delay">400</param>
                <param name="type">Visible</param>
            </include>
            <height>1080</height>
            <left>200</left>
            <right>80</right>
            <bottom>$PARAM[bottom]</bottom>
            <control type="group">
                <!-- <centerbottom>30</centerbottom> -->
                <centerleft>50%</centerleft>
                <!-- <centerleft>6</centerleft> -->
                <!-- <centerleft>-100</centerleft> -->
                <!-- <centerright>-40</centerright> -->
                <!-- <centerleft>-40</centerleft> -->
                <!-- <centertop>100</centertop> -->

                <!-- <height>40</height> -->
                <width>40</width>
                <control type="group">
                    <centertop>40</centertop>
                    <width>40</width>
                    <height>40</height>
                    <!-- <animation effect="slide" start="0" end="0,10" condition="![Container($PARAM[id]).HasNext | $PARAM[visible_hasnext]]">Conditional</animation> -->
                    <visible>Container($PARAM[id]).HasPrevious | $PARAM[visible_hasprevious]</visible>
                    <control type="button">
                        <texturenofocus />
                        <texturefocus />
                        <!-- <bottom>30</bottom>
                        <top>-70</top> -->
                        <onclick>SetFocus($PARAM[id])</onclick>
                        <onclick>Action(Up)</onclick>
                    </control>
                    <control type="group">
                        <top>-3</top>
                        <bottom>3</bottom>
                        <!-- <visible>![Container($PARAM[id]).HasNext | $PARAM[visible_hasnext]]</visible> -->
                        <control type="image">
                            <texture colordiffuse="main_bg_70">special://skin/extras/icons/angle-up.png</texture>
                        </control>
                        <control type="image">
                            <texture colordiffuse="main_fg_30">special://skin/extras/icons/angle-up.png</texture>
                        </control>
                    </control>
                    <control type="group">
                        <top>3</top>
                        <bottom>-3</bottom>
                        <!-- <control type="image">
                            <texture colordiffuse="main_bg_70">special://skin/extras/icons/angle-up.png</texture>
                        </control>
                        <control type="image">
                            <texture colordiffuse="main_fg_30">special://skin/extras/icons/angle-up.png</texture>
                        </control> -->
                    </control>
                </control>
                <control type="group">
                    <width>40</width>
                    <height>40</height>
                    <centerbottom>40</centerbottom>
                    <!-- <visible>False</visible> -->
                    <visible>Container($PARAM[id]).HasNext | $PARAM[visible_hasnext]</visible>
                    <!-- <animation effect="slide" start="0" end="0,-10" condition="![Container($PARAM[id]).HasPrevious | $PARAM[visible_hasprevious]]">Conditional</animation> -->
                    <control type="button">
                        <texturenofocus />
                        <texturefocus />
                        <onclick>SetFocus($PARAM[id])</onclick>
                        <onclick>Action(Down)</onclick>
                        <!-- <bottom>-70</bottom>
                        <top>30</top> -->
                    </control>
                    <control type="group">
                        <top>-3</top>
                        <bottom>3</bottom>
                        <!-- <control type="image">
                            <texture colordiffuse="main_bg_70">special://skin/extras/icons/angle-down.png</texture>
                        </control>
                        <control type="image">
                            <texture colordiffuse="main_fg_30">special://skin/extras/icons/angle-down.png</texture>
                        </control> -->
                    </control>
                    <control type="group">
                        <top>3</top>
                        <bottom>-3</bottom>
                        <!-- <visible>![Container($PARAM[id]).HasPrevious | $PARAM[visible_hasprevious]]</visible> -->
                        <control type="image">
                            <texture colordiffuse="main_bg_70">special://skin/extras/icons/angle-down.png</texture>
                        </control>
                        <control type="image">
                            <texture colordiffuse="main_fg_30">special://skin/extras/icons/angle-down.png</texture>
                        </control>
                    </control>
                </control>
            </control>
        </control>
    </include>

    <include name="Hub_Widgets_Grouplist">
        <control type="grouplist" id="$PARAM[id]">
            <top>hub_widgets_grouplist_t</top>
            <bottom>hub_widgets_grouplist_b</bottom>

            <include condition="![$PARAM[widgets_only]]">Hub_Widgets_Grouplist__Def_Layout_Expanded</include>
            <include condition="[[$PARAM[widgets_only]]]" content="Hub_Widgets_Grouplist__Def_Layout_Basic">
                <param name="id">$PARAM[id]</param>
            </include>

            <include content="Action_Widget_End">
                <param name="topid">$PARAM[topid]</param>
                <param name="id">$PARAM[id]</param>
                <param name="window_id">$PARAM[window_id]</param>
            </include>

            <visible>$PARAM[visible]</visible>

            <!-- <include content="Animation_ConditionalFade">
                <param name="condition">Control.HasFocus($PARAM[topid]) | Control.HasFocus($PARAM[bottomid])</param>
            </include> -->

            <include content="Hub_Widgets_Grouplist_Animation_Slide" condition="Window.IsVisible(Home) + Skin.HasSetting(Hub.Home.DisableSubmenu)">
                <param name="visible">$PARAM[visible]</param>
            </include>

            <control type="group" id="$PARAM[bumperid]">
                <height>widget_tbump_h</height>
            </control>

            <control type="button" id="$PARAM[topid]">
                <height>0</height>
                <texturenofocus />
                <texturefocus />

                <onleft>303</onleft>
                <onback>303</onback>
                <onright>303</onright>

                <onfocus condition="[Control.IsVisible($PARAM[topid]) + Control.IsVisible($PARAM[bottomid]) + !Integer.IsEqual(Container($PARAM[id]).NumItems,2)] | [!Control.IsVisible($PARAM[topid]) + Control.IsVisible($PARAM[bottomid]) + !Integer.IsEqual(Container($PARAM[id]).NumItems,1)] | [Control.IsVisible($PARAM[topid]) + !Control.IsVisible($PARAM[bottomid]) + !Integer.IsEqual(Container($PARAM[id]).NumItems,1)] | [!Control.IsVisible($PARAM[topid]) + !Control.IsVisible($PARAM[bottomid]) + !Integer.IsEqual(Container($PARAM[id]).NumItems,0)]">Action(Down)</onfocus>

                <visible>!ControlGroup($PARAM[id]).HasFocus() | Control.HasFocus($PARAM[topid])</visible>
            </control>

            <nested />

            <control type="button" id="$PARAM[bottomid]">
                <height>0</height>
                <texturenofocus />
                <texturefocus />

                <onleft>303</onleft>
                <onback>303</onback>
                <onright>303</onright>

                <onfocus condition="[Control.IsVisible($PARAM[topid]) + Control.IsVisible($PARAM[bottomid]) + !Integer.IsEqual(Container($PARAM[id]).NumItems,2)] | [!Control.IsVisible($PARAM[topid]) + Control.IsVisible($PARAM[bottomid]) + !Integer.IsEqual(Container($PARAM[id]).NumItems,1)] | [Control.IsVisible($PARAM[topid]) + !Control.IsVisible($PARAM[bottomid]) + !Integer.IsEqual(Container($PARAM[id]).NumItems,1)] | [!Control.IsVisible($PARAM[topid]) + !Control.IsVisible($PARAM[bottomid]) + !Integer.IsEqual(Container($PARAM[id]).NumItems,0)]">Action(Up)</onfocus>

                <visible>!ControlGroup($PARAM[id]).HasFocus() | Control.HasFocus($PARAM[bottomid])</visible>
            </control>

            <control type="group" id="$PARAM[furnitureid]">
                <height>0</height>
                <control type="group">
                    <visible>!Integer.IsEqual(Window.Property(TMDBHelper.WidgetContainer),301) | $EXP[Exp_Hubs_Spotlight_IsFanart]</visible>
                    <visible>!Integer.IsEqual(Container($PARAM[id]).NumItems,0)</visible>
                    <visible>!Integer.IsEqual(Container($PARAM[id]).NumItems,1) | [!Control.HasFocus($PARAM[topid]) + !Control.HasFocus($PARAM[bottomid])]</visible>
                    <visible>!Integer.IsEqual(Container($PARAM[id]).NumItems,2) | ControlGroup($PARAM[id]).HasFocus()</visible>
                    <visible>!$EXP[Exp_InfoDialogs]</visible>
                    <include condition="!Skin.HasSetting(Hub.$PARAM[window_id].WidgetSelector)">Furniture_Bottom_WidgetGroups</include>
                </control>
            </control>
        </control>

        <include content="Hub_Widgets_HintArrows" condition="Skin.HasSetting(Views.DisableItemPeek)">
            <param name="id">$PARAM[id]</param>
            <param name="visible">$PARAM[visible]</param>
            <param name="visible_hasprevious">False</param>
            <param name="visible_hasnext">!Skin.String(Navigation.Global.OnDown,Bump)</param>
            <param name="bottom">hub_widgets_grouplist_b</param>
        </include>

    </include>

    <include name="Hub_Widgets_Infopanel">
        <param name="visible">True</param>
        <param name="conditional_fade">Window.IsActive(1105)</param>
        <definition>
            <control type="group">
                <width>info_panel_w</width>
                <height>300</height>
                <left>view_side</left>
                <top>view_top</top>
                <visible>$PARAM[visible]</visible>
                <include>Animation_Transition_InfoPanel_Cond</include>
                <animation effect="fade" start="100" end="0" condition="$PARAM[conditional_fade]" reversible="false">Conditional</animation>
                <animation effect="fade" start="0" end="100" delay="200" time="200" tween="sine" easing="in" condition="![$PARAM[conditional_fade]]" reversible="false">Conditional</animation>
                <nested />
            </control>
        </definition>
    </include>

    <include name="Hub_Widgets_Grouplist__Def_Layout_Expanded">
        <onup>302</onup>
    </include>

    <include name="Hub_Widgets_Grouplist__Def_Layout_Basic">
        <include content="Action_Widget_Top" condition="![Window.IsVisible(Home) + Skin.String(Home.SideMenuCollapse,Topbar)]">
            <param name="id">$PARAM[id]</param>
        </include>
        <onup condition="Window.IsVisible(Home) + Skin.String(Home.SideMenuCollapse,Topbar)">SetFocus(303,1,absolute)</onup>
    </include>
</includes>