[
    {
        "label": "Music",
        "icon": "special://skin/extras/icons/music.png",
        "path": "library://music/",
        "target": "music",
        "guid": "guid-7ce163d5",
        "widget_style": "Apps"
    },
    {
        "label": "Recently added albums",
        "path": "library://music/recentlyaddedalbums.xml/",
        "icon": "special://skin/extras/icons/recentlyadded.png",
        "target": "music",
        "guid": "guid-30b492ea",
        "widget_style": "Square"
    },
    {
        "label": "Recently played albums",
        "path": "library://music/recentlyplayedalbums.xml/",
        "icon": "special://skin/extras/icons/recent.png",
        "target": "music",
        "guid": "guid-21001893",
        "widget_style": "Square"
    }
]