{
    "folder": "1080i",
    "output": "script-skinvariables-generator-textures-includes.xml",
    "header": "<?xml version=\"1.0\" encoding=\"UTF-8\"?>\n<includes>",
    "footer": "</includes>",
    "buildv": "0.0.3",
    "getnfo": {},
    "addnfo": {
        "infolabels": {
            "skinstring_focuscolor_name": "Skin.String(focuscolor.name)",
            "skinstring_gradientcolor_name": "Skin.String(gradientcolor.name)",
            "skinstring_watchedprogresscolor_name": "Skin.String(watchedprogresscolor.name)"
        },
        "values": {
            "color_highlight": [
                {
                    "rules": ["!String.IsEmpty(Skin.String(focuscolor.name))"],
                    "value": "{skinstring_focuscolor_name}"
                },
                "ffe91e63"
            ],
            "color_gradient": [
                {
                    "rules": ["!Skin.HasSetting(EnableMonochromeHighlight) + !String.IsEmpty(Skin.String(gradientcolor.name))"],
                    "value": "{skinstring_gradientcolor_name}"
                },
                {
                    "rules": ["!Skin.HasSetting(EnableMonochromeHighlight)"],
                    "value": "ffb635e5"
                },
                {
                    "rules": ["!String.IsEmpty(Skin.String(focuscolor.name))"],
                    "value": "{skinstring_focuscolor_name}"
                },
                "ffe91e63"
            ],
            "color_progress": [
                {
                    "rules": ["!String.IsEmpty(Skin.String(watchedprogresscolor.name))"],
                    "value": "{skinstring_watchedprogresscolor_name}"
                },
                "ff03b585"
            ]
        }
    },
    "global": {},
    "genxml": [
        {
            "template": "generator/data/build/busy_spinner.xmltemplate"
        }
    ]
}



