<contents>
    <value name="comments">Options Tray Items</value>
    <template>generator/data/parts/basic_include.xmltemplate</template>
    <value name="includes_name">skinvariables-optionstray-staticitems</value>
    <value name="includes_part">
        <items menu="optionstray">
            <item>
                <template>generator/data/parts/menu_item.xmltemplate</template>
                <datafile>generator/data/setup/onclick_path.xml</datafile>
                <datafile>generator/data/setup/powermainmenu_item.xml</datafile>
                <condition>{item_disabled}!=True</condition>
                <condition>{item_label}!=</condition>
                <value name="parts_additional">&lt;onclick&gt;Close&lt;/onclick&gt;</value>
            </item>
        </items>
    </value>
</contents>