<?xml version="1.0" encoding="UTF-8"?>
<window type="dialog" id="1172">
    <defaultcontrol always="true">303</defaultcontrol>
    <onload>SetFocus(303,0,absolute)</onload>

    <controls>

        <control type="group">
            <include>Home_Menu_Fade_Labels</include>
        </control>

        <control type="group">

            <!-- <include>Animation_FadeIn</include> -->
            <include>Animation_FadeOut</include>

            <control type="group">
                <!-- Search -->
                <include content="Home_Menu_Button_Icon" condition="!Skin.HasSetting(Home.SideMenu.DisableSearchOptions)">
                    <param name="id">308</param>
                    <param name="icon">special://skin/extras/icons/search.png</param>
                    <param name="label">$LOCALIZE[137]</param>
                    <include content="Home_Menu_Button_Back">
                        <param name="id">308</param>
                        <ondown>SetFocus(303,0,absolute)</ondown>
                        <onup>309</onup>
                        <onleft>Close</onleft>
                        <onright>Close</onright>
                        <onclick>Close</onclick>
                        <onclick>ActivateWindow(1105)</onclick>
                    </include>
                    <left>view_menu</left>
                    <top>view_pad</top>
                    <include content="Layout_Home_Menu_Label">
                        <param name="detailed">true</param>
                        <param name="selected">Control.HasFocus(308)</param>
                        <param name="label">$LOCALIZE[137]</param>
                    </include>
                </include>

                <!-- Settings -->
                <include content="Home_Menu_Button_Icon" condition="!Skin.HasSetting(Home.SideMenu.DisableSearchOptions)">
                    <param name="id">309</param>
                    <param name="icon">special://skin/extras/icons/bars.png</param>
                    <param name="label">$LOCALIZE[33063]</param>
                    <include content="Home_Menu_Button_Back">
                        <param name="id">309</param>
                        <onup>SetFocus(303,9999,absolute)</onup>
                        <ondown>308</ondown>
                        <onleft>Close</onleft>
                        <onright>Close</onright>
                        <onclick>Close</onclick>
                        <onclick>ActivateWindow(shutdownmenu)</onclick>
                    </include>
                    <left>view_menu</left>
                    <bottom>view_pad</bottom>
                    <include content="Layout_Home_Menu_Label">
                        <param name="detailed">true</param>
                        <param name="selected">Control.HasFocus(309)</param>
                        <param name="label">$LOCALIZE[5]</param>
                    </include>
                </include>

                <control type="group">
                    <left>0</left>
                    <top>260</top>
                    <bottom>260</bottom>
                    <width>view_side</width>

                    <include content="Settings_Arrows">
                        <param name="arrow_prev_visible">Container(303).HasPrevious</param>
                        <param name="arrow_next_visible">Container(303).HasNext</param>
                        <param name="colordiffuse">main_fg_30</param>
                    </include>

                    <control type="list" id="303">
                        <focusposition>2</focusposition>
                        <movement>2</movement>
                        <width>view_side</width>
                        <orientation>vertical</orientation>
                        <scrolltime tween="quadratic">400</scrolltime>
                        <onup>308</onup>
                        <ondown>309</ondown>
                        <onleft>Close</onleft>
                        <onright>Close</onright>

                        <include content="Home_Menu_List_ItemLayout">
                            <param name="id">303</param>
                            <param name="hidden_button_enabled">False</param>
                        </include>

                        <content>
                            <include>skinvariables-sidemenu-staticitems</include>
                        </content>
                    </control>
                </control>
            </control>
        </control>

    </controls>
</window>