<?xml version="1.0" encoding="UTF-8"?>
<window type="dialog" id="1171">
    <defaultcontrol>9000</defaultcontrol>
    <controls>

        <control type="group">
            <left>view_side</left>
            <width>50</width>
            <height>50</height>
            <centerbottom>100</centerbottom>
            <include content="Animation_Fade_In" condition="!Skin.HasSetting(Hubs.EnableWidgetsFooter)">
                <param name="type">WindowOpen</param>
            </include>
            <include content="Animation_Fade_Out" condition="!Skin.HasSetting(Hubs.EnableWidgetsFooter)">
                <param name="type">WindowClose</param>
            </include>
            <!-- <include content="Animation_Slide_In" condition="!Skin.HasSetting(Hubs.EnableWidgetsFooter)">
                <param name="type">WindowOpen</param>
                <param name="posx">80</param>
            </include>
            <include content="Animation_Slide_Out" condition="!Skin.HasSetting(Hubs.EnableWidgetsFooter)">
                <param name="type">WindowClose</param>
                <param name="posx">80</param>
            </include> -->
            <include content="Info_KodiLogo_Image">
                <param name="icon">special://skin/extras/icons/kodi.png</param>
                <param name="bordersize">1</param>
            </include>
        </control>

        <control type="group">
            <!-- <include content="Animation_Fade_In">
                <param name="type">WindowOpen</param>
            </include>
            <include content="Animation_Fade_Out">
                <param name="type">WindowClose</param>
            </include> -->
            <include content="Animation_Slide_In">
                <param name="type">WindowOpen</param>
                <param name="posx">80</param>
            </include>
            <include content="Animation_Slide_Out">
                <param name="type">WindowClose</param>
                <param name="posx">80</param>
            </include>
            <height>120</height>
            <bottom>40</bottom>
            <!-- <include content="Object_Dim_Bottom">
                <param name="flipy">false</param>
                <top>-320</top>
                <bottom>-320</bottom>
                <left>keyboard_shadow_x</left>
                <right>keyboard_shadow_x</right>
            </include> -->
            <control type="group">
                <left>160</left>
                <right>40</right>
                <!-- <bottom>-280</bottom> -->
                <top>0</top>
                <control type="group">
                    <width>1280</width>
                    <left>110</left>
                    <!-- <left>-10</left> -->
                    <!-- <width>1520</width> -->
                    <!-- <centerleft>50%</centerleft> -->
                    <!-- <include content="Dialog_Background_Blur">
                        <param name="diffuse">diffuse/dialog_w1120_h400.png</param>
                    </include>
                    <include>Dialog_Background_Glass</include> -->

                    <control type="group">
                        <include content="Dimension_Padding">
                            <param name="pad">20</param>
                        </include>

                        <control type="list" id="9000">
                            <onup>Close</onup>
                            <focusposition>2</focusposition>
                            <movement>2</movement>
                            <orientation>horizontal</orientation>
                            <height>80</height>
                            <right>-40</right>

                            <itemlayout width="320" height="80">
                                <include content="Layout_OptionTray">
                                    <param name="selected">false</param>
                                </include>
                            </itemlayout>

                            <focusedlayout width="320" height="80">
                                <include content="Layout_OptionTray">
                                    <param name="selected">true</param>
                                </include>
                            </focusedlayout>

                            <content>
                                <!-- <item>
                                    <label>$LOCALIZE[5]</label>
                                    <icon>special://skin/extras/icons/settings.png</icon>
                                    <onclick>Close</onclick>
                                    <onclick>ActivateWindow(Settings)</onclick>
                                </item> -->
                                <include>skinvariables-optionstray-staticitems</include>
                            </content>

                        </control>

                    </control>
                </control>

            </control>
        </control>


    </controls>
</window>