<?xml version="1.0" encoding="UTF-8"?>
<window type="window" id="1132">
    <defaultcontrol>5000</defaultcontrol>
    <include>Action_PreserveTransitionProp_Onload</include>
    <controls>

        <include content="NextAired_Window">
            <include content="Home_Widgets_Infopanel">
                <param name="visible">true</param>
                <include content="Info_Panel">
                </include>
            </include>

            <include content="NextAired_GroupList">
                <include content="NextAired_Widget">
                    <param name="id">01</param>
                    <param name="label">$LOCALIZE[1037]</param>
                    <param name="visible">true</param>
                    <param name="include">List_Square_Row</param>
                    <content target="videos" sortby="lastused" sortorder="descending">addons://sources/video/</content>
                </include>
                <include content="NextAired_Widget">
                    <param name="id">02</param>
                    <param name="label">$LOCALIZE[1038]</param>
                    <param name="visible">true</param>
                    <param name="include">List_Square_Row</param>
                    <content target="music" sortby="lastused" sortorder="descending">addons://sources/audio/</content>
                </include>
                <include content="NextAired_Widget">
                    <param name="id">03</param>
                    <param name="label">$LOCALIZE[1043]</param>
                    <param name="visible">true</param>
                    <param name="include">List_Square_Row</param>
                    <content target="programs" sortby="lastused" sortorder="descending">addons://sources/executable/</content>
                </include>
                <include content="NextAired_Widget">
                    <param name="id">04</param>
                    <param name="label">$LOCALIZE[1]</param>
                    <param name="visible">true</param>
                    <param name="include">List_Square_Row</param>
                    <!-- <content>
                        <item>
                            <label>$LOCALIZE[39031]</label>
                            <icon>DefaultAddSource.png</icon>
                            <onclick>ActivateWindow(pictures,-,return)</onclick>
                        </item>
                    </content> -->
                    <content target="pictures">sources://pictures/</content>
                    <content target="pictures" sortby="lastused" sortorder="descending">addons://sources/image/</content>
                </include>
                
                <!-- <include content="NextAired_Widget">
                    <param name="id">06</param>
                    <param name="label">$LOCALIZE[24998]</param>
                    <param name="visible">true</param>
                    <param name="include">List_Square_Row</param>
                    <content target="addonbrowser" sortby="label">addons://user/</content>
                    <onclick>SetProperty(SettingsChanger.Switch,50,Home)</onclick>
                    <onclick>ActivateWindow(addonbrowser,$ESCINFO[Container(5006).ListItem.FolderPath],return)</onclick>
                </include>
                <include content="NextAired_Widget">
                    <param name="id">07</param>
                    <param name="label">$LOCALIZE[31021]</param>
                    <param name="visible">true</param>
                    <param name="include">List_Square_Row</param>
                    <content>
                        <item>
                            <label>$LOCALIZE[31375]</label>
                            <icon>DefaultAddSource.png</icon>
                            <onclick>InstallFromZip</onclick>
                        </item>
                    </content>
                    <content target="addonbrowser" sortby="label">addons://repos/</content>
                    <onclick>SetProperty(SettingsChanger.Switch,50,Home)</onclick>
                    <onclick>ActivateWindow(addonbrowser,$ESCINFO[Container(5006).ListItem.FolderPath],return)</onclick>
                </include> -->

            </include>
        </include>

    </controls>
</window>