<contents>
    <rules name="widget_id">
        <rule>
            <condition>{item_widget_style}==Landscape</condition>
            <value>51</value>
        </rule>
        <rule>
            <condition>{item_widget_style}==Poster</condition>
            <value>52</value>
        </rule>
        <rule>
            <condition>{item_widget_style}==Square</condition>
            <value>50</value>
        </rule>
        <rule>
            <condition>True</condition>
            <value>51</value>
        </rule>
    </rules>
    <value name="widget_label">{item_label}</value>
    <value name="widget_sortby">{item_widget_sortby}</value>
    <value name="widget_limit">{item_widget_limit}</value>
    <rules name="widget_sortorder">
        <rule>
            <condition>{item_widget_sortorder}==True</condition>
            <value>descending</value>
        </rule>
        <rule>
            <condition>True</condition>
            <value>ascending</value>
        </rule>
    </rules>
    <value name="widget_visible">[!Skin.HasSetting(Search.EnableDiscover) + String.IsEqual(Container({widget_selector_id}).ListItem.Property(guid),{item_guid})]</value>
    <rules name="widget_include">
        <rule>
            <condition>{item_widget_style}==Landscape</condition>
            <value>List_Landscape_Row</value>
        </rule>
        <rule>
            <condition>{item_widget_style}==Poster</condition>
            <value>List_Poster_Row</value>
        </rule>
        <rule>
            <condition>{item_widget_style}==Square</condition>
            <value>List_Square_Row</value>
        </rule>
        <rule>
            <condition>True</condition>
            <value>List_Landscape_Row</value>
        </rule>
    </rules>
    <rules name="widget_isautoscroll">
        <rule>
            <condition>{item_widget_autoscroll}==True</condition>
            <value>True</value>
        </rule>
        <rule>
            <condition>True</condition>
            <value>False</value>
        </rule>
    </rules>
</contents>