<?xml version="1.0" encoding="UTF-8" standalone="yes"?>
<addon id="resource.images.moviegenreicons.transparent" name="Movie Genre Icons - Transparent" version="0.0.9" provider-name="Goldenfreddy0703">
	<extension point="kodi.resource.images" compile="true" type="moviegenreicons" />
	<requires>
		<import addon="kodi.resource" version="1.0.0"/>
	</requires>
	<extension point="xbmc.addon.metadata">
		<summary lang="en">Transparent Movie Genre Icons</summary>
		<description lang="en">Movie Genre Icons for Auramod compatable with Tmdb and Trakt.</description>
		<platform>all</platform>
		<assets>
			<icon>icon.png</icon>
			<fanart>fanart.jpg</fanart>
		</assets>
	</extension>
</addon>
