{
    "infolabels": {
        "skinstring_sidemenucollapse": "Skin.String(Home.SideMenuCollapse)",
        "skinstring_lastbuildtime": "Skin.String(Shortcuts.RebuildDateTime)"
    },
    "values": {
        "skinsetting_widgetselector": [
            {
                "rules": ["Skin.HasSetting(Hubs.WidgetSelector)"],
                "value": "true"
            },
            "false"
        ]
    },
    "actions": [
        "route=action=buildtemplate&sidemenucollapse={skinstring_sidemenucollapse}&lastbuildtime={skinstring_lastbuildtime}&widgetselector={skinsetting_widgetselector}"
    ]
}