<?xml version="1.0" encoding="UTF-8"?>
<window type="dialog" id="1111">
    <defaultcontrol always="true">9002</defaultcontrol>
    <onload condition="String.IsEmpty(Window(Home).Property(ColorPicker_Type))">SetProperty(ColorPicker_Type,Highlight,Home)</onload>
    <controls>

        <include content="Dialog_Overlay_Side">
            <param name="topline">false</param>
            <param name="subline">false</param>
            <param name="dialog_size">Dimension_DialogFullMenu</param>
            <include>Animation_Right_Delay</include>
            <include content="Dialog_Head">
                <param name="label">$INFO[Window(Home).Property(ColorPicker_Type)]</param>
                <param name="label">$LOCALIZE[14078]</param>
            </include>
            <include content="Dialog_Body">

                <include content="Dialog_Group">
                    <right>160</right>
                    <bottom>0</bottom>
                    <control type="group">
                        <top>0</top>
                        <right>480</right>
                        <control type="group">
                            <right>40</right>
                            <control type="image">
                                <left>0</left>
                                <top>-40</top>
                                <height>1</height>
                                <texture colordiffuse="dialog_fg_12">common/white.png</texture>
                            </control>
                            <control type="panel" id="3000">
                                <pagecontrol>61</pagecontrol>
                                <onright>9000</onright>
                                <onback>9000</onback>
                                <onclick condition="String.IsEqual(Window(Home).Property(ColorPicker_Type),Highlight)">Skin.SetString(focuscolor.name,$INFO[ListItem.Label])</onclick>
                                <onclick condition="String.IsEqual(Window(Home).Property(ColorPicker_Type),Gradient)">Skin.SetString(gradientcolor.name,$INFO[ListItem.Label])</onclick>
                                <onclick condition="String.IsEqual(Window(Home).Property(ColorPicker_Type),Indicator)">Skin.SetString(watchedprogresscolor.name,$INFO[ListItem.Label])</onclick>
                                <onclick condition="String.IsEqual(Window(Home).Property(ColorPicker_Type),Indicator)">SetFocus(9002)</onclick>
                                <include>Action_BuildTextures_Onclick</include>
                                <itemlayout height="80" width="80">
                                    <include content="Object_Control">
                                        <param name="control">image</param>
                                        <include content="Dimension_Padding"><param name="pad">1</param></include>
                                        <texture>$INFO[ListItem.Icon]</texture>
                                    </include>
                                </itemlayout>
                                <focusedlayout height="80" width="80">
                                    <include content="Object_Control">
                                        <param name="control">image</param>
                                        <include content="Dimension_Padding"><param name="pad">1</param></include>
                                        <texture>$INFO[ListItem.Icon]</texture>
                                    </include>
                                </focusedlayout>
                                <content>plugin://script.texturemaker/</content>
                            </control>
                            <!-- Selection Box -->
                            <control type="group">
                                <left>-30</left>
                                <top>-30</top>
                                <width>140</width>
                                <height>140</height>
                                <visible>Control.Hasfocus(3000)</visible>
                                <animation effect="slide" end="0,80" condition="Container(3000).Row(1)">Conditional</animation>
                                <animation effect="slide" end="0,160" condition="Container(3000).Row(2)">Conditional</animation>
                                <animation effect="slide" end="0,240" condition="Container(3000).Row(3)">Conditional</animation>
                                <animation effect="slide" end="0,320" condition="Container(3000).Row(4)">Conditional</animation>
                                <animation effect="slide" end="0,400" condition="Container(3000).Row(5)">Conditional</animation>
                                <animation effect="slide" end="0,480" condition="Container(3000).Row(6)">Conditional</animation>
                                <animation effect="slide" end="0,560" condition="Container(3000).Row(7)">Conditional</animation>
                                <animation effect="slide" end="0,640" condition="Container(3000).Row(8)">Conditional</animation>
                                <animation effect="slide" end="0,720" condition="Container(3000).Row(9)">Conditional</animation>
                                <animation effect="slide" end="80" condition="Container(3000).Column(1)">Conditional</animation>
                                <animation effect="slide" end="160" condition="Container(3000).Column(2)">Conditional</animation>
                                <animation effect="slide" end="240" condition="Container(3000).Column(3)">Conditional</animation>
                                <animation effect="slide" end="320" condition="Container(3000).Column(4)">Conditional</animation>
                                <animation effect="slide" end="400" condition="Container(3000).Column(5)">Conditional</animation>
                                <animation effect="slide" end="480" condition="Container(3000).Column(6)">Conditional</animation>
                                <animation effect="slide" end="560" condition="Container(3000).Column(7)">Conditional</animation>
                                <animation effect="slide" end="640" condition="Container(3000).Column(8)">Conditional</animation>
                                <animation effect="slide" end="720" condition="Container(3000).Column(9)">Conditional</animation>
                                <animation effect="slide" end="800" condition="Container(3000).Column(10)">Conditional</animation>
                                <animation effect="slide" end="880" condition="Container(3000).Column(11)">Conditional</animation>
                                <animation effect="slide" end="960" condition="Container(3000).Column(12)">Conditional</animation>
                                <animation effect="slide" end="1040" condition="Container(3000).Column(13)">Conditional</animation>
                                <include content="Object_Control">
                                    <param name="control">group</param>
                                    <include content="Dimension_Padding"><param name="pad">10</param></include>
                                    <control type="image">
                                        <include>Texture_Shadow_20</include>
                                        <texture border="20" colordiffuse="ccffffff">common/box.png</texture>
                                    </control>
                                </include>
                                <control type="image">
                                    <bordersize>20</bordersize>
                                    <texture colordiffuse="$INFO[Container(3000).ListItem.Label]" border="12">common/box.png</texture>
                                </control>
                            </control>
                            <include content="Dialog_Scrollbar">
                                <onright>9000</onright>
                                <onleft>3000</onleft>
                            </include>
                        </control>
                    </control>

                    <control type="group">
                        <width>480</width>
                        <right>0</right>
                        <top>-40</top>
                        <control type="image">
                            <texture border="20" colordiffuse="dialog_fg_12">common/dialog.png</texture>
                        </control>
                        <control type="grouplist" id="9000">
                            <onleft>3000</onleft>
                            <top>40</top>
                            <right>20</right>
                            <width>440</width>
                            <itemgap>0</itemgap>
                            <control type="group">
                                <left>40</left>
                                <right>40</right>
                                <height>80</height>
                                <control type="label">
                                    <font>font_hint_black</font>
                                    <height>40</height>
                                    <label>$LOCALIZE[1000]</label>
                                    <textcolor>dialog_fg_30</textcolor>
                                </control>
                                <control type="group">
                                    <top>40</top>
                                    <control type="image">
                                        <texture colordiffuse="$VAR[ColorHighlight]" border="20">common/box.png</texture>
                                        <visible>!String.IsEqual(Window(Home).Property(ColorPicker_Type),Highlight) | !Control.HasFocus(3000)</visible>
                                    </control>
                                    <control type="image">
                                        <texture colordiffuse="$INFO[Container(3000).ListItem.Label]" border="20">common/box.png</texture>
                                        <visible>String.IsEqual(Window(Home).Property(ColorPicker_Type),Highlight) + Control.HasFocus(3000)</visible>
                                    </control>
                                    <control type="image">
                                        <texture colordiffuse="$VAR[ColorGradient]" border="20">common/gradient-box.png</texture>
                                        <visible>!String.IsEqual(Window(Home).Property(ColorPicker_Type),Gradient) | !Control.HasFocus(3000)</visible>
                                        <visible>!Skin.HasSetting(EnableMonochromeHighlight)</visible>
                                    </control>
                                    <control type="image">
                                        <texture colordiffuse="$INFO[Container(3000).ListItem.Label]" border="20">common/gradient-box.png</texture>
                                        <visible>String.IsEqual(Window(Home).Property(ColorPicker_Type),Gradient) + Control.HasFocus(3000)</visible>
                                        <visible>!Skin.HasSetting(EnableMonochromeHighlight)</visible>
                                    </control>
                                    <control type="group">
                                        <width>30%</width>
                                        <visible>String.IsEqual(Window(Home).Property(ColorPicker_Type),Highlight)</visible>
                                        <control type="image">
                                            <centerleft>50%</centerleft>
                                            <centertop>50%</centertop>
                                            <width>16</width>
                                            <height>16</height>
                                            <texture>buttons/check-on.png</texture>
                                        </control>
                                    </control>
                                    <control type="group">
                                        <right>0</right>
                                        <width>30%</width>
                                        <visible>String.IsEqual(Window(Home).Property(ColorPicker_Type),Gradient)</visible>
                                        <control type="image">
                                            <centerleft>50%</centerleft>
                                            <centertop>50%</centertop>
                                            <width>16</width>
                                            <height>16</height>
                                            <texture>buttons/check-on.png</texture>
                                        </control>
                                    </control>
                                </control>
                            </control>
                            <control type="group">
                                <top>20</top>
                                <left>40</left>
                                <right>40</right>
                                <height>80</height>
                                <control type="group">
                                    <width>30%</width>
                                    <include content="Object_ColorSwatch">
                                        <param name="label">Highlight</param>
                                        <param name="colordiffuse">$VAR[ColorHighlight]</param>
                                        <param name="condition">String.IsEqual(Window(Home).Property(ColorPicker_Type),Highlight)</param>
                                    </include>
                                </control>

                                <control type="group">
                                    <centerleft>50%</centerleft>
                                    <width>30%</width>
                                    <include content="Object_ColorSwatch">
                                        <param name="label">Gradient</param>
                                        <param name="colordiffuse">$VAR[ColorGradient]</param>
                                        <param name="condition">String.IsEqual(Window(Home).Property(ColorPicker_Type),Gradient)</param>
                                    </include>
                                </control>

                                <control type="group">
                                    <right>0</right>
                                    <width>30%</width>
                                    <include content="Object_ColorSwatch">
                                        <param name="label">Indicator</param>
                                        <param name="colordiffuse">$VAR[ColorWatchedProgress]</param>
                                        <param name="condition">String.IsEqual(Window(Home).Property(ColorPicker_Type),Indicator)</param>
                                    </include>
                                </control>
                            </control>
                            <control type="label">
                                <left>40</left>
                                <right>40</right>
                                <top>20</top>
                                <align>center</align>
                                <font>font_hint_black</font>
                                <height>40</height>
                                <label>$LOCALIZE[31124]</label>
                                <textcolor>dialog_fg_30</textcolor>
                            </control>
                            <control type="grouplist">
                                <top>0</top>
                                <left>0</left>
                                <right>0</right>
                                <height>80</height>
                                <orientation>horizontal</orientation>
                                <align>center</align>
                                <itemgap>30</itemgap>
                                <include content="Object_Indicator_Preview">
                                    <param name="progress">100</param>
                                    <param name="selected">true</param>
                                    <param name="shadow">false</param>
                                </include>
                                <include content="Object_Indicator_Preview">
                                    <param name="progress">60</param>
                                    <param name="checkmark">false</param>
                                    <param name="selected">true</param>
                                    <param name="shadow">false</param>
                                </include>
                                <include content="Object_Indicator_Preview">
                                    <param name="progress">100</param>
                                </include>
                                <include content="Object_Indicator_Preview">
                                    <param name="progress">60</param>
                                    <param name="checkmark">false</param>
                                </include>
                            </control>
                            <control type="label">
                                <left>40</left>
                                <right>40</right>
                                <top>40</top>
                                <font>font_hint_black</font>
                                <height>40</height>
                                <label>$LOCALIZE[33063]</label>
                                <textcolor>dialog_fg_30</textcolor>
                            </control>
                            <include content="Settings_Button">
                                <param name="dialog">true</param>
                                <param name="id">9002</param>
                                <param name="control">button</param>
                                <description>Default Setting Button</description>
                                <label>$INFO[Window(Home).Property(ColorPicker_Type)]</label>
                                <onclick condition="String.IsEqual(Window(Home).Property(ColorPicker_Type),Highlight) + !Skin.HasSetting(EnableMonochromeHighlight)">SetProperty(ColorPicker_Type,Gradient,Home)</onclick>
                                <onclick condition="String.IsEqual(Window(Home).Property(ColorPicker_Type),Highlight) + Skin.HasSetting(EnableMonochromeHighlight)">SetProperty(ColorPicker_Type,Indicator,Home)</onclick>
                                <onclick condition="String.IsEqual(Window(Home).Property(ColorPicker_Type),Gradient)">SetProperty(ColorPicker_Type,Indicator,Home)</onclick>
                                <onclick condition="String.IsEqual(Window(Home).Property(ColorPicker_Type),Indicator)">SetProperty(ColorPicker_Type,Highlight,Home)</onclick>
                                <onleft condition="!String.IsEmpty(Window.Property(FakeSpinner_9002))">3000</onleft>
                                <onleft condition="String.IsEmpty(Window.Property(FakeSpinner_9002))">SetProperty(FakeSpinner_9002,1)</onleft>
                                <onright>ClearProperty(FakeSpinner_9002)</onright>
                            </include>
                            <include content="Object_FakeSpinner">
                                <param name="id">9002</param>
                                <param name="groupid">9102</param>
                            </include>
                            <include content="Settings_Button">
                                <param name="dialog">true</param>
                                <param name="id">9005</param>
                                <param name="control">button</param>
                                <description>Default Setting Button</description>
                                <label>AARRGGBB</label>
                                <label2>$VAR[ColorPickerHex]</label2>
                                <onclick condition="String.IsEqual(Window(Home).Property(ColorPicker_Type),Highlight)">Skin.SetString(focuscolor.name)</onclick>
                                <onclick condition="String.IsEqual(Window(Home).Property(ColorPicker_Type),Gradient)">Skin.SetString(gradientcolor.name)</onclick>
                                <onclick condition="String.IsEqual(Window(Home).Property(ColorPicker_Type),Indicator)">Skin.SetString(watchedprogresscolor.name)</onclick>
                                <include>Action_BuildTextures_Onclick</include>
                            </include>
                            <include content="Settings_Button">
                                <param name="dialog">true</param>
                                <param name="id">9008</param>
                                <param name="control">radiobutton</param>
                                <description>Default Setting Button</description>
                                <label>$LOCALIZE[31043]</label>
                                <selected>Skin.HasSetting(EnableMonochromeHighlight)</selected>
                                <onclick>Skin.ToggleSetting(EnableMonochromeHighlight)</onclick>
                                <onclick condition="String.IsEqual(Window(Home).Property(ColorPicker_Type),Gradient)">SetProperty(ColorPicker_Type,Highlight,Home)</onclick>
                                <include>Action_BuildTextures_Onclick</include>
                            </include>
                            <include content="Settings_Button">
                                <param name="dialog">true</param>
                                <param name="id">9009</param>
                                <param name="control">radiobutton</param>
                                <description>Default Setting Button</description>
                                <label>$LOCALIZE[31125]</label>
                                <selected>Skin.HasSetting(InvertSelectedText)</selected>
                                <onclick>Skin.ToggleSetting(InvertSelectedText)</onclick>
                            </include>
                        </control>
                    </control>
                </include>

                <include content="Dialog_Side_Grouplist">
                    <param name="id">8000</param>
                    <onright>Close</onright>
                    <onleft>9000</onleft>
                    <include content="Dialog_Side_Button">
                        <param name="id">99</param>
                        <param name="label">$LOCALIZE[15067]</param>
                        <param name="icon">special://skin/extras/icons/circle-xmark.png</param>
                        <onclick>Close</onclick>
                    </include>
                </include>
            </include>
        </include>
    </controls>
</window>