<?xml version="1.0" encoding="UTF-8"?>
<window type="dialog" id="1153">
    <defaultcontrol always="true">8000</defaultcontrol>
    <controls>

        <include content="Dialog_Overlay_Side">
            <param name="dialog_size">Dimension_DialogSideMenu</param>
            <include>Animation_Right_Delay</include>
            <include content="Dialog_Head">
                <param name="label">$LOCALIZE[31051]</param>
            </include>
            <include content="Dialog_Body">

                <include content="Dialog_Body_Group">
                    <include content="Settings_Label">
                        <top>-10</top>
                        <label>$LOCALIZE[137]</label>
                    </include>
                    <control type="edit" id="8001">
                        <height>80</height>
                        <ondown>8000</ondown>
                        <top>40</top>
                    </control>
                    <control type="image">
                        <left>20</left>
                        <right>20</right>
                        <centertop>140</centertop>
                        <height>1</height>
                        <texture colordiffuse="main_fg_12">common/white.png</texture>
                    </control>
                    <include content="List_DialogSelect">
                        <param name="id">8000</param>
                        <param name="control">fixedlist</param>
                        <param name="misc">[[String.IsEqual(Window(1105).Property(SearchDiscover.CastLabel),ListItem.Label) + String.IsEmpty(Window(1105).Property(SearchDiscover.PersonSearch))] | [String.IsEqual(Window(1105).Property(SearchDiscover.CrewLabel),ListItem.Label) + String.IsEqual(Window(1105).Property(SearchDiscover.PersonSearch),Crew)] | [String.IsEqual(Window(1105).Property(SearchDiscover.PeopleLabel),ListItem.Label) + String.IsEqual(Window(1105).Property(SearchDiscover.PersonSearch),People)]]</param>
                        <pagecontrol>61</pagecontrol>
                        <focusposition>1</focusposition>
                        <movement>6</movement>
                        <top>160</top>
                        <onup>8001</onup>
                        <onright>61</onright>
                        <onleft>Close</onleft>
                        <onclick condition="String.IsEmpty(Window(1105).Property(SearchDiscover.PersonSearch))">SetProperty(SearchDiscover.CastLabel,$INFO[Container(8000).ListItem.Label],1105)</onclick>
                        <onclick condition="String.IsEmpty(Window(1105).Property(SearchDiscover.PersonSearch))">SetProperty(SearchDiscover.CastID,$INFO[Container(8000).ListItem.Property(TMDb_ID)],1105)</onclick>
                        <onclick condition="String.IsEqual(Window(1105).Property(SearchDiscover.PersonSearch),Crew)">SetProperty(SearchDiscover.CrewLabel,$INFO[Container(8000).ListItem.Label],1105)</onclick>
                        <onclick condition="String.IsEqual(Window(1105).Property(SearchDiscover.PersonSearch),Crew)">SetProperty(SearchDiscover.CrewID,$INFO[Container(8000).ListItem.Property(TMDb_ID)],1105)</onclick>
                        <onclick condition="String.IsEqual(Window(1105).Property(SearchDiscover.PersonSearch),People)">SetProperty(SearchDiscover.PeopleLabel,$INFO[Container(8000).ListItem.Label],1105)</onclick>
                        <onclick condition="String.IsEqual(Window(1105).Property(SearchDiscover.PersonSearch),People)">SetProperty(SearchDiscover.PeopleID,$INFO[Container(8000).ListItem.Property(TMDb_ID)],1105)</onclick>
                        <onclick>Close</onclick>
                        <content>$VAR[Path_PersonSearch]</content>

                        <animation effect="fade" start="100" end="0" condition="Container(8000).IsUpdating">Conditional</animation>
                    </include>

                    <include content="Widget_Busy_Spinner">
                        <param name="busy_visible">true</param>
                        <param name="label">$LOCALIZE[31033]</param>
                        <visible>Container(8000).IsUpdating</visible>
                    </include>
                </include>


                <include content="Dialog_Scrollbar">
                    <param name="id">61</param>
                    <onleft>8000</onleft>
                    <onright>9000</onright>
                </include>
                <include content="Dialog_Side_Grouplist">
                    <param name="id">9000</param>
                    <onright>Close</onright>
                    <onleft>8000</onleft>

                    <include content="Dialog_Side_Button">
                        <param name="id">01</param>
                        <param name="label">$LOCALIZE[15067]</param>
                        <param name="icon">special://skin/extras/icons/circle-xmark.png</param>
                        <onclick>Close</onclick>
                    </include>

                    <include content="Dialog_Side_Button">
                        <param name="id">02</param>
                        <param name="label">$LOCALIZE[192]</param>
                        <param name="icon">special://skin/extras/icons/triangle-exclamation.png</param>
                        <onclick condition="String.IsEmpty(Window(1105).Property(SearchDiscover.PersonSearch))">ClearProperty(SearchDiscover.CastLabel,1105)</onclick>
                        <onclick condition="String.IsEmpty(Window(1105).Property(SearchDiscover.PersonSearch))">ClearProperty(SearchDiscover.CastID,1105)</onclick>
                        <onclick condition="String.IsEqual(Window(1105).Property(SearchDiscover.PersonSearch),Crew)">ClearProperty(SearchDiscover.CrewLabel,1105)</onclick>
                        <onclick condition="String.IsEqual(Window(1105).Property(SearchDiscover.PersonSearch),Crew)">ClearProperty(SearchDiscover.CrewID,1105)</onclick>
                        <onclick condition="String.IsEqual(Window(1105).Property(SearchDiscover.PersonSearch),People)">ClearProperty(SearchDiscover.PeopleLabel,1105)</onclick>
                        <onclick condition="String.IsEqual(Window(1105).Property(SearchDiscover.PersonSearch),People)">ClearProperty(SearchDiscover.PeopleID,1105)</onclick>
                        <onclick>Close</onclick>
                    </include>

                </include>
            </include>
        </include>


    </controls>
</window>