<?xml version="1.0" encoding="UTF-8"?>
<window type="dialog">
    <defaultcontrol always="true">9001</defaultcontrol>
    <controls>
        <include content="Dialog_Overlay_Side">
            <param name="dialog_size">Dimension_DialogFullMenu</param>
            <include>Animation_Right_Delay</include>
            <include content="Dialog_Head">
                <param name="label">$INFO[ListItem.Label]</param>
            </include>
            <include content="Dialog_Body">
                <include content="Dialog_Body_Group">
                    <control type="group">
                        <include content="Dimension_Padding">
                            <param name="pad">20</param>
                        </include>
                        <control type="group">
                            <width>480</width>
                            <height>480</height>
                            <include content="Dialog_Outline_Box">
                                <control type="image">
                                    <aspectratio scalediffuse="false">keep</aspectratio>
                                    <texture background="true" diffuse="diffuse/square_w480_h480.png">$INFO[ListItem.Icon]</texture>
                                </control>
                            </include>
                        </control>
                    </control>
                </include>
                <control type="group">
                    <left>480</left>
                    <control type="panel" id="5">
                        <left>80</left>
                        <top>40</top>
                        <onright>9000</onright>
                        <onleft>9000</onleft>
                        <orientation>vertical</orientation>
                        <itemlayout width="460" height="100">
                            <include>Layout_BasicMeta</include>
                        </itemlayout>
                        <focusedlayout width="460" height="100">
                            <include>Layout_BasicMeta</include>
                        </focusedlayout>
                    </control>
                </control>
                <include content="Dialog_Side_Grouplist">
                    <param name="id">9000</param>
                    <include content="Dialog_Side_Button">
                        <param name="id">01</param>
                        <param name="label">$LOCALIZE[15067]</param>
                        <param name="icon">special://skin/extras/icons/circle-xmark.png</param>
                        <onclick>Close</onclick>
                    </include>
                </include>
            </include>
        </include>
    </controls>
</window>