<?xml version="1.0" encoding="UTF-8"?>
<includes>

    <include name="Search_View_Widgets_Group">
        <control type="group">
            <include>Animation_Group_Bumper</include>
            <control type="group">
                <description>Lower Half Widgets</description>
                <include content="Animation_Widgets_Grouplist_Slide_Out">
                    <param name="type">WindowClose</param>
                    <param name="posy">-220</param>
                    <param name="time">200</param>
                    <param name="tween">circle</param>
                    <param name="easing">out</param>
                </include>
                <include content="Animation_Widgets_Grouplist_Slide_In">
                    <param name="type">WindowOpen</param>
                    <param name="posy">-220</param>
                    <param name="time">200</param>
                    <param name="tween">circle</param>
                    <param name="easing">out</param>
                </include>
                <include content="Search_View_Widgets_Grouplist">
                    <include>skinvariables-searchmenu-widgets</include>
                    <include>Search_View_DiscoverWidgets</include>
                </include>
                <include>Widget_Transitions</include>
                <include>Search_View_Widgets_NoResults</include>
                <include>Search_View_Footer</include>
            </control>
            <include>Search_View_Widgets_InfoPanel</include>
        </control>
    </include>

    <include name="Search_View_Visible_OnEdit">
        <include>Animation_FadeIn</include>
        <visible allowhiddenfocus="true">!$EXP[Exp_Search_WidgetGroup_HasFocus]</visible>
    </include>

    <include name="Search_View_Widgets_Grouplist">
        <control type="grouplist" id="6000">
            <top>500</top>
            <onup>5099</onup>
            <ondown>SetProperty(TMDbHelper.ListItem.BlurImage.Original,$INFO[Backup.Blur.Original)],Home)</ondown>
            <ondown>SetProperty(TMDbHelper.ListItem.BlurImage,$INFO[Backup.Blur)],Home)</ondown>
            <ondown>PreviousMenu</ondown>
            <orientation>vertical</orientation>
            <control type="group" id="6100">
                <height>widgetsearch_tbump_h</height>
            </control>
            <nested />
        </control>
    </include>

    <include name="Search_View_Widgets_InfoPanel">
        <include content="Home_Widgets_Infopanel">
            <param name="visible">$EXP[Exp_Search_WidgetGroup_HasFocus]</param>
            <param name="conditional_fade">False</param>
            <include content="Info_Panel">
                <param name="container">Container.</param>
            </include>
            <!-- <include content="Animation_Fade_In">
                <param name="type">Visible</param>
                <param name="delay">200</param>
            </include>
            <animation effect="fade" start="100" end="0" time="150" tween="sine" easing="in" reversible="false">Hidden</animation> -->
        </include>
    </include>

    <include name="Search_View_Widgets_NoResults">
        <control type="grouplist">
            <visible>Integer.IsEqual(Container(6000).NumItems,0)</visible>
            <left>view_side</left>
            <right>view_side</right>
            <top>160</top>
            <bottom>view_pad</bottom>
            <orientation>vertical</orientation>
            <align>center</align>
            <control type="label">
                <font>font_midi_black</font>
                <label>$LOCALIZE[31046]</label>
                <align>left</align>
                <height>30</height>
                <textcolor>main_fg_100</textcolor>
            </control>
            <control type="textbox">
                <top>20</top>
                <font>font_main_plot</font>
                <label>$LOCALIZE[31500] "[CAPITALIZE]$VAR[Label_Search_HeadingFilter][/CAPITALIZE]".[CR]$LOCALIZE[31501].</label>
                <align>left</align>
                <aligny>center</aligny>
                <height>90</height>
                <textcolor>main_fg_30</textcolor>
            </control>
            <control type="group">
                <height>-25</height>
            </control>
        </control>
    </include>

    <include name="Search_View_Footer">
        <control type="grouplist">
            <visible>!$EXP[Exp_InfoDialogs]</visible>
            <visible>!Integer.IsEqual(Container(5099).ListItem.Property(numitems),0)</visible>
            <hitrect x="0" y="0" w="0" h="0" />
            <orientation>horizontal</orientation>
            <itemgap>30</itemgap>
            <height>80</height>
            <centerbottom>100</centerbottom>
            <usecontrolcoords>true</usecontrolcoords>
            <left>120</left>
            <control type="group">
                <width>50</width>
            </control>
            <include content="Info_Codec_Label">
                <param name="icon">special://skin/extras/icons/grip.png</param>
                <param name="label">$INFO[Container(5099).ListItem.Property(numitems),[B],[/B]]$INFO[Container(5099).ListItem.Label, ,]</param>
            </include>
        </control>
        <control type="group">
            <visible>!$EXP[Exp_InfoDialogs]</visible>
            <include>Furniture_Bottom_Right</include>
        </control>
    </include>

    <include name="Search_View_Header_Icon">
        <control type="group">
            <left>view_menu</left>
            <width>40</width>
            <visible>!Skin.String(Home.SideMenuCollapse,Always)</visible>
            <visible>!Skin.String(Home.SideMenuCollapse,Library)</visible>
            <visible>!Skin.HasSetting(Home.SideMenu.DisableSearchOptions)</visible>
            <visible>!$EXP[Exp_InfoDialogs]</visible>
            <control type="group">
                <top>view_pad</top>
                <height>40</height>
                <control type="image">
                    <include>Texture_Circle_Highlight_V</include>
                    <aspectratio>keep</aspectratio>
                    <width>10</width>
                    <height>10</height>
                    <centertop>50%</centertop>
                    <left>-20</left>
                </control>
                <control type="image">
                    <aspectratio>keep</aspectratio>
                    <bordersize>icon_home_bordersize</bordersize>
                    <texture colordiffuse="main_fg_90">special://skin/extras/icons/search.png</texture>
                </control>
            </control>
        </control>
    </include>

    <include name="Search_View_DiscoverWidgets">

        <include content="_Widget_Row">
            <param name="groupid">5181</param>
            <param name="id">5081</param>
            <param name="label">$LOCALIZE[31066] $LOCALIZE[593]</param>
            <param name="sort_condition">True</param>
            <param name="sort_descending">True</param>
            <param name="visible">[Skin.HasSetting(Search.LibraryDiscover) + Skin.HasSetting(Search.EnableDiscover) + [String.IsEqual(Container(5099).ListItem.Property(guid),guid-discoverall) | [!ControlGroup(6000).HasFocus() + !Control.HasFocus(5099)]]]</param>
            <param name="altvisible">[Skin.HasSetting(Search.LibraryDiscover) + Skin.HasSetting(Search.EnableDiscover) + !ControlGroup(6000).HasFocus() + !Control.HasFocus(5099)]</param>
            <param name="include">List_Poster_Row</param>
            <param name="transition_include">true</param>
            <param name="transition_hidden">Control.HasFocus(5081)</param>
            <param name="conditional_fade">!String.IsEqual(Container(5099).ListItem.Property(guid),guid-discoverall)</param>

            <param name="detailed">false</param>
            <param name="widgettop">widgetsearch_items_t</param>
            <param name="widgetheight">widgetsearch_items_h</param>
            <param name="labeltop">widgetsearch_label_t</param>
            <param name="labelheight">widgetsearch_label_h</param>

            <content target="videos" limit="$VAR[Path_DiscoverWidgets_ItemLimit]" sortby="$VAR[Path_DiscoverWidgets_SortBy]" sortorder="$VAR[Path_DiscoverWidgets_SortOrder]" browse="$VAR[Defs_BrowseLimitedLists]">$VAR[Path_DiscoverWidgets_Join]$VAR[Path_DiscoverWidgets_Film,&amp;&amp;,]$VAR[Path_DiscoverWidgets_Show,&amp;&amp;,]</content>

            <include content="Action_View_Movement_OnLeftRight">
                <param name="id">5081</param>
                <param name="include_onback">False</param>
            </include>
            <include content="Action_View_Movement_OnBack">
                <param name="id">5081</param>
                <param name="menuid">9501</param>
                <param name="onback">!Integer.IsEqual(Container(5081).CurrentItem,1)</param>
                <param name="backid">6000</param>
            </include>

            <onfocus>SetProperty(TMDbHelper.WidgetContainer,5081)</onfocus>
            <onfocus>SetProperty(Transition.WidgetStyle,List_Poster_Row,Home)</onfocus>
            <onunfocus>ClearProperty(Transition.WidgetStyle,Home)</onunfocus>

        </include>

        <include content="_Widget_Row">
            <param name="groupid">5182</param>
            <param name="id">5082</param>
            <param name="label">$LOCALIZE[31066] $LOCALIZE[342]</param>
            <param name="sort_condition">True</param>
            <param name="sort_descending">True</param>
            <param name="visible">[Skin.HasSetting(Search.EnableDiscover) + [String.IsEqual(Container(5099).ListItem.Property(guid),guid-discovermovies) | [!ControlGroup(6000).HasFocus() + !Control.HasFocus(5099)]]]</param>
            <param name="altvisible">[Skin.HasSetting(Search.EnableDiscover) + !ControlGroup(6000).HasFocus() + !Control.HasFocus(5099)]</param>
            <param name="include">List_Poster_Row</param>
            <param name="transition_include">true</param>
            <param name="transition_hidden">Control.HasFocus(5082)</param>
            <param name="conditional_fade">!String.IsEqual(Container(5099).ListItem.Property(guid),guid-discovermovies)</param>

            <param name="detailed">false</param>
            <param name="widgettop">widgetsearch_items_t</param>
            <param name="widgetheight">widgetsearch_items_h</param>
            <param name="labeltop">widgetsearch_label_t</param>
            <param name="labelheight">widgetsearch_label_h</param>

            <content target="videos" limit="$VAR[Path_DiscoverWidgets_ItemLimit]" sortby="$VAR[Path_DiscoverWidgets_SortBy]" sortorder="$VAR[Path_DiscoverWidgets_SortOrder]" browse="$VAR[Defs_BrowseLimitedLists]">$VAR[Path_DiscoverWidgets_Join]$VAR[Path_DiscoverWidgets_Film,&amp;&amp;,]</content>

            <include content="Action_View_Movement_OnLeftRight">
                <param name="id">5082</param>
                <param name="include_onback">False</param>
            </include>
            <include content="Action_View_Movement_OnBack">
                <param name="id">5082</param>
                <param name="menuid">9501</param>
                <param name="onback">!Integer.IsEqual(Container(5082).CurrentItem,1)</param>
                <param name="backid">6000</param>
            </include>

            <onfocus>SetProperty(TMDbHelper.WidgetContainer,5082)</onfocus>

            <onfocus>SetProperty(Transition.WidgetStyle,List_Poster_Row,Home)</onfocus>
            <onunfocus>ClearProperty(Transition.WidgetStyle,Home)</onunfocus>
        </include>

        <include content="_Widget_Row">
            <param name="groupid">5183</param>
            <param name="id">5083</param>
            <param name="label">$LOCALIZE[31066] $LOCALIZE[20343]</param>
            <param name="sort_condition">True</param>
            <param name="sort_descending">True</param>
            <param name="visible">[Skin.HasSetting(Search.EnableDiscover) + [String.IsEqual(Container(5099).ListItem.Property(guid),guid-discovertvshows) | [!ControlGroup(6000).HasFocus() + !Control.HasFocus(5099)]]]</param>
            <param name="altvisible">[Skin.HasSetting(Search.EnableDiscover) + !ControlGroup(6000).HasFocus() + !Control.HasFocus(5099)]</param>
            <param name="include">List_Poster_Row</param>
            <param name="transition_include">true</param>
            <param name="transition_hidden">Control.HasFocus(5083)</param>
            <param name="conditional_fade">!String.IsEqual(Container(5099).ListItem.Property(guid),guid-discovertvshows)</param>

            <param name="detailed">false</param>
            <param name="widgettop">widgetsearch_items_t</param>
            <param name="widgetheight">widgetsearch_items_h</param>
            <param name="labeltop">widgetsearch_label_t</param>
            <param name="labelheight">widgetsearch_label_h</param>

            <content target="videos" limit="$VAR[Path_DiscoverWidgets_ItemLimit]" sortby="$VAR[Path_DiscoverWidgets_SortBy]" sortorder="$VAR[Path_DiscoverWidgets_SortOrder]" browse="$VAR[Defs_BrowseLimitedLists]">$VAR[Path_DiscoverWidgets_Join]$VAR[Path_DiscoverWidgets_Show,&amp;&amp;,]</content>

            <include content="Action_View_Movement_OnLeftRight">
                <param name="id">5083</param>
                <param name="include_onback">False</param>
            </include>
            <include content="Action_View_Movement_OnBack">
                <param name="id">5083</param>
                <param name="menuid">9501</param>
                <param name="onback">!Integer.IsEqual(Container(5083).CurrentItem,1)</param>
                <param name="backid">6000</param>
            </include>

            <onfocus>SetProperty(TMDbHelper.WidgetContainer,5083)</onfocus>

            <onfocus>SetProperty(Transition.WidgetStyle,List_Poster_Row,Home)</onfocus>
            <onunfocus>ClearProperty(Transition.WidgetStyle,Home)</onunfocus>
        </include>
    </include>


</includes>