<?xml version="1.0" encoding="UTF-8" standalone="yes"?>
<addon id="plugin.video.otaku" name="Otaku" provider-name="TeamOtaku" version="0.1.3">
  <requires>
    <!-- <import addon="xbmc.python" version="2.24.0"/> -->
    <import addon="script.module.requests" version="2.19.1" />
    <import addon="script.module.beautifulsoup4" version="4.5.3" />
    <import addon="script.common.plugin.cache" version="2.5.5" />
    <import addon="script.module.inputstreamhelper" version="0.3.3" />
    <import addon="script.module.six" version="1.15.0"/>
    <import addon="script.module.kodi-six" version="0.1.3"/>
    <import addon="context.otaku" version="0.0.1"/>
    <import addon="script.otaku.themepak" version="0.0.1"/>
  </requires>
  <extension library="default.py" point="xbmc.python.pluginsource">
        <provides>video</provides>
  </extension>
  <extension point="xbmc.service" library="service.py" />
  <extension point="xbmc.addon.metadata">
    <reuselanguageinvoker>false</reuselanguageinvoker> <!-- You can enable this if you want, expect some instability but much faster menu speeds -->
    <summary lang="en">Otaku video plugin</summary>
    <description lang="en">HD Animes</description>
    <platform>all</platform>
    <license>GPL-3.0</license>
    <assets>
      <icon>icon.png</icon>
      <fanart>fanart.jpg</fanart>
    </assets>
    <news>
Changelog 0.1.3 [20220904]:
- Add meta to anilist watchlist flavour
- Fix headshots not showing even when available
    </news>
  </extension>
</addon>
