<?xml version="1.0" encoding="UTF-8"?>
<window>
    <defaultcontrol always="true">61</defaultcontrol>

    <controls>

        <control type="group">
            <include>Dimension_DialogWideMenu</include>
            <include>Animation_Right_Delay</include>
            <include content="Dialog_Dim_Side">
                <param name="slide_condition">ControlGroup(9000).HasFocus()</param>
            </include>

            <!-- Bottom Layer -->
            <include content="Dialog_Background_Side">
                <param name="slide_condition">ControlGroup(9000).HasFocus()</param>
                <param name="dialog_size">Dimension_DialogWideMenu</param>
                <!-- Side Buttons -->
                <include content="Dialog_Body">
                    <include content="Dialog_Side_Grouplist">
                        <param name="id">9000</param>
                        <onright>61</onright>
                        <include content="Dialog_Side_Button">
                            <param name="id">01</param>
                            <param name="label">$LOCALIZE[15067]</param>
                            <param name="icon">special://skin/extras/icons/circle-xmark.png</param>
                            <onclick>Close</onclick>
                        </include>
                    </include>
                </include>
            </include>

            <include content="Dialog_Foreground_Side">
                <param name="dialog_size">Dimension_DialogWideMenu</param>
                <param name="slide_condition">ControlGroup(9000).HasFocus()</param>
                <param name="lines_right">0</param>
                <param name="topline">true</param>
                <param name="subline">true</param>

                <!-- Header -->
                <include content="Dialog_Head">
                    <param name="id">1</param>
                    <label>$LOCALIZE[19033]</label>
                </include>

                <!-- Content -->
                <include content="Dialog_Body">
                    <include content="Dialog_Body_Group">
                        <control type="textbox" id="5">
                            <font>font_main_plot</font>
                            <textcolor>dialog_fg_70</textcolor>
                            <pagecontrol>61</pagecontrol>
                            <include content="Dimension_Padding">
                                <param name="pad">20</param>
                            </include>
                        </control>

                    </include>
                    <include content="Dialog_Scrollbar">
                        <onleft>9000</onleft>
                    </include>
                </include>
            </include>

        </control>
    </controls>
</window>
