<?xml version="1.0" encoding="UTF-8"?>
<window type="dialog" id="1118">
    <defaultcontrol always="true">8001</defaultcontrol>
    <onunload>ClearProperty(CustomDialogSettingsStyle,Home)</onunload>
    <controls>

        <include content="Dialog_Overlay_Side">
            <include>Animation_Right_Delay</include>
            <include condition="String.IsEmpty(Window(Home).Property(CustomDialogSettingsStyle))">Dimension_DialogSideMenu</include>
            <include condition="String.IsEqual(Window(Home).Property(CustomDialogSettingsStyle),Wide)">Dimension_DialogWideMenu</include>
            <include content="Dialog_Head">
                <param name="id">7000</param>
                <param name="label">$INFO[Window(Home).Property(CustomDialogSettingsTitle)]</param>
            </include>
            <include content="Dialog_Body">
                <include content="Dialog_Body_Grouplist">
                    <param name="id">8000</param>
                    <pagecontrol>61</pagecontrol>
                    <onleft>Close</onleft>
                    <onright>61</onright>
                    <include>Items_Settings_CustomDialog</include>
                </include>

                <include content="Dialog_Scrollbar">
                    <param name="id">61</param>
                    <onleft>8000</onleft>
                    <onright>9000</onright>
                </include>

                <include content="Dialog_Side_Grouplist">
                    <param name="id">9000</param>
                    <onleft>61</onleft>
                    <onright>Close</onright>
                    <include content="Dialog_Side_Button">
                        <param name="id">01</param>
                        <param name="label">$LOCALIZE[15067]</param>
                        <param name="icon">special://skin/extras/icons/circle-xmark.png</param>
                        <param name="visible">true</param>
                        <onclick>Close</onclick>
                    </include>
                </include>
            </include>
        </include>
    </controls>
</window>
