<?xml version="1.0" encoding="UTF-8"?>
<window>
    <controls>

        <include content="Dialog_Overlay_Side">
            <param name="topline">false</param>
            <param name="subline">false</param>
            <param name="dialog_size">Dimension_DialogFullMenu</param>
            <include>Animation_Right_Delay</include>
            <include content="Dialog_Head">
                <param name="id">2</param>
            </include>
            <include content="Dialog_Body">
                <include content="Dialog_Group">

                    <control type="group">
                        <left>-20</left>
                        <top>-20</top>
                        <bottom>60</bottom>
                        <width>settings_category_w</width>

                        <control type="image">
                            <texture colordiffuse="dialog_fg_12">common/white.png</texture>
                            <height>1</height>
                            <top>-20</top>
                            <left>20</left>
                            <right>20</right>
                        </control>

                        <control type="image">
                            <texture colordiffuse="dialog_fg_12">common/white.png</texture>
                            <height>1</height>
                            <bottom>-20</bottom>
                            <left>20</left>
                            <right>20</right>
                        </control>

                        <control type="grouplist" id="3">
                            <onright>5</onright>
                        </control>
                    </control>

                    <control type="group">
                        <left>settings_category_w</left>
                        <right>120</right>
                        <top>-40</top>
                        <bottom>40</bottom>
                        <control type="image">
                            <texture border="20" colordiffuse="dialog_fg_12">common/dialog.png</texture>
                        </control>
                        <control type="grouplist" id="5">
                            <left>20</left>
                            <right>20</right>
                            <top>20</top>
                            <bottom>20</bottom>
                            <onleft>3</onleft>
                            <onright>9000</onright>
                        </control>
                        <include content="Settings_InfoText">
                            <param name="id">6</param>
                            <param name="dialog">true</param>
                            <left>0</left>
                            <bottom>-100</bottom>
                        </include>
                    </control>
                </include>
                <include content="Dialog_Side_Grouplist">
                    <param name="id">9000</param>
                    <onleft>5</onleft>
                    <include>Items_DialogAddonSettings_MenuBar</include>
                </include>
                <include content="Settings_KodiVersion">
                    <param name="dialog">true</param>
                    <left>40</left>
                </include>
            </include>


        </include>

        <include content="Settings_Button">
            <param name="id">7</param>
            <param name="control">button</param>
            <param name="dialog">true</param>
            <description>Default Setting Button</description>
        </include>

        <include content="Settings_Button">
            <param name="id">8</param>
            <param name="control">radiobutton</param>
            <param name="dialog">true</param>
            <description>Default Setting Button</description>
            <textwidth>settings_radiobutton_text_w</textwidth>
        </include>

        <include content="Settings_Button">
            <param name="id">9</param>
            <param name="control">spincontrolex</param>
            <param name="dialog">true</param>
            <description>Default Setting Button</description>
        </include>

        <include content="Settings_Button">
            <param name="id">10</param>
            <param name="control">togglebutton</param>
            <param name="dialog">true</param>
            <include>Texture_Highlight_ToggleButton_Settings</include>
            <focusedcolor>$VAR[ColorSettingsToggleButtonText]</focusedcolor>
            <altfocusedcolor>$VAR[ColorSettingsToggleButtonText]</altfocusedcolor>
            <width>settings_category_w</width>
            <description>Default Category Button</description>
        </include>

        <control type="image" id="11">
            <visible>false</visible>
        </control>

        <include content="Settings_Button">
            <param name="id">12</param>
            <param name="control">edit</param>
            <param name="dialog">true</param>
            <description>Default Setting Button</description>
        </include>

        <include content="Settings_Button">
            <param name="id">13</param>
            <param name="control">sliderex</param>
            <param name="dialog">true</param>
            <description>Default Setting Button</description>
            <textwidth>settings_slider_text_w</textwidth>
        </include>

        <include content="Settings_Label">
            <param name="id">14</param>
            <param name="control">label</param>
            <param name="dialog">true</param>
            <description>Default Setting Label</description>
        </include>

        <include content="Settings_Button">
            <param name="id">15</param>
            <param name="control">colorbutton</param>
            <param name="dialog">true</param>
            <description>Default Setting Button</description>
        </include>

        <include content="Object_Hidden_Button">
            <param name="id">28</param>
        </include>
        <include content="Object_Hidden_Button">
            <param name="id">29</param>
        </include>
        <include content="Object_Hidden_Button">
            <param name="id">30</param>
        </include>
        <include content="Object_Hidden_Button">
            <param name="id">20</param>
        </include>
    </controls>
</window>
