[
    {
        "label": "$LOCALIZE[135]",
        "path": "videodb://tvshows/genres/",
        "target": "videos",
        "submenulist_path": "videodb://tvshows/genres/",
        "submenulist_target": "videos",
        "submenulist_sortby": "label",
        "use_as_widget": "True"
    },
    {
        "label": "$LOCALIZE[20388]",
        "path": "videodb://tvshows/studios/",
        "target": "videos",
        "submenulist_path": "videodb://tvshows/studios/",
        "submenulist_target": "videos",
        "submenulist_sortby": "label",
        "use_as_widget": "True"
    },
    {
        "label": "$LOCALIZE[369]",
        "path": "videodb://tvshows/titles/",
        "target": "videos",
        "submenulist_path": "special://skin/extras/hub/tvshows/titles/",
        "submenulist_target": "videos",
        "submenulist_sortby": "label",
        "use_as_widget": "True"
    },
    {
        "label": "$LOCALIZE[562]",
        "path": "videodb://tvshows/years/",
        "target": "videos",
        "submenulist_path": "videodb://tvshows/years/",
        "submenulist_target": "videos",
        "submenulist_sortby": "label",
        "use_as_widget": "True"
    },
    {
        "label": "$LOCALIZE[20459]",
        "path": "videodb://tvshows/tags/",
        "target": "videos",
        "submenulist_path": "videodb://tvshows/tags/",
        "submenulist_target": "videos",
        "submenulist_sortby": "label",
        "use_as_widget": "True"
    },
    {
        "label": "$LOCALIZE[39031]",
        "path": "ActivateWindow(Videos,Files,return)",
        "submenulist_path": "library://video/",
        "submenulist_target": "videos",
        "target": "",
        "widgets": [
            {
                "label": "TV Shows",
                "path": "videodb://tvshows/",
                "widget_style": "Square",
                "target": "videos"
            },
            {
                "label": "$LOCALIZE[1037]",
                "path": "addons://sources/video/",
                "widget_style": "Square",
                "target": "videos"
            }
        ]
    }
]