<contents>
    <value name="comments">Widget Group</value>
    <template>generator/data/parts/basic_content.xmltemplate</template>
    <value name="includes_name">Hub_Menu_Group</value>
    <value name="includes_part">
        <template>generator/data/parts/widgets_grouplist.xmltemplate</template>
        <datafile>generator/data/setup/widgets_grouplist.xml</datafile>
        <datafile>generator/data/setup/globalwidgets_grouplist.xml</datafile>
        <value name="all_standard_widgets">
            <items menu="{item}-globalwidgets">
                <item>
                    <template>generator/data/parts/widgets_row.xmltemplate</template>
                    <datafile>generator/data/setup/widgets_row.xml</datafile>
                    <condition>{item_path}!=</condition>
                    <condition>{item_disabled}!=True</condition>
                    <enumitem name="enum_x">widget_{parent_item}_globalwidgets</enumitem>
                </item>
            </items>
        </value>
        <value name="all_endrow_selector">
            <value name="comments">Widget Selector</value>
            <template>generator/data/parts/endrow_selector.xmltemplate</template>
            <condition>Skin.HasSetting(Hubs.WidgetSelector)</condition>
            <value name="endrow_visible">!String.IsEmpty(Container(300).ListItem.Property(global_widgets))</value>
            <value name="all_endrow_items">
                <items menu="{item}-globalwidgets">
                    <item>
                        <template>generator/data/parts/endrow_item.xmltemplate</template>
                        <datafile>generator/data/setup/onclick_path.xml</datafile>
                        <condition>{item_path}!=</condition>
                        <condition>{item_disabled}!=True</condition>
                        <enumitem name="enum_x">endrow_{parent_item}_globalwidgets</enumitem>
                    </item>
                </items>
            </value>
        </value>
    </value>
</contents>