<contents>
    <value name="comments">Home Extended Global</value>
    <template>generator/data/parts/basic_include.xmltemplate</template>
    <value name="includes_name">skinvariables-homemenu-extended-global</value>
    <value name="includes_part">
        <items menu="homemenu-globalwidgets">
            <item>
                <template>generator/data/parts/widgets_row.xmltemplate</template>
                <datafile>generator/data/setup/widgets_row.xml</datafile>
                <datafile>generator/data/setup/widgets_extended_row.xml</datafile>
                <condition>{item_path}!=</condition>
                <condition>{item_disabled}!=True</condition>
                <enumitem name="enum_x">widget_homemenu_globalwidgets</enumitem>
                <value name="widget_include_condition">String.IsEmpty(Window(Home).Property(Hubs.ExtendedWidgetGUID))</value>
            </item>
        </items>
    </value>
</contents>