<contents>
    <value name="comments">Search Menu End Row</value>
    <template>generator/data/parts/basic_include.xmltemplate</template>
    <value name="includes_name">skinvariables-searchmenu-rowitems</value>
    <value name="includes_part">
        <items menu="searchmenu">
            <item>
                <template>generator/data/parts/endrow_item.xmltemplate</template>
                <datafile>generator/data/setup/search_path.xml</datafile>
                <value name="item_path">$VAR[Path_SearchTerm,{widget_path},{widget_path_end}]</value>
                <value name="parts_onclick">
                    <template>&lt;onclick&gt;ActivateWindow({widget_target},$VAR[Path_SearchTerm,{widget_path},{widget_path_end}],return)&lt;/onclick&gt;</template>
                </value>
                <rules name="endrow_widget_id">
                    <rule>
                        <condition>{item_widget_style}==Landscape</condition>
                        <value>51</value>
                    </rule>
                    <rule>
                        <condition>{item_widget_style}==Poster</condition>
                        <value>52</value>
                    </rule>
                    <rule>
                        <condition>{item_widget_style}==Square</condition>
                        <value>50</value>
                    </rule>
                    <rule>
                        <condition>True</condition>
                        <value>51</value>
                    </rule>
                </rules>
                <value name="parts_visible">!Skin.HasSetting(Search.EnableDiscover)</value>
                <condition>{item_path}!=</condition>
                <condition>{item_disabled}!=True</condition>
            </item>
        </items>
    </value>
</contents>