<?xml version="1.0" encoding="UTF-8"?>
<window type="window" id="1185">
    <defaultcontrol>9099</defaultcontrol>
    <onload>ClearProperty(TMDbHelper.Image.Override,Home)</onload>
    <onload>SetFocus(5001)</onload>
    <onload>SetFocus(9099)</onload>
    <onload condition="!String.IsEmpty(Window(Home).Property(CustomSearchTerm))">AlarmClock(refocus,RunScript(script.skinvariables,set_editcontrol=9099,window_id=1185,setfocus=9099,text=$INFO[Window(Home).Property(CustomSearchTerm)]),00:00,silent)</onload>
    <onload condition="String.IsEmpty(Window(Home).Property(CustomSearchTerm))">RunScript(script.skinvariables,set_editcontrol=9099,window_id=1185,setfocus=9099)</onload>
    <onload>ClearProperty(CustomSearchTerm,Home)</onload>
    <include>Action_PreserveTransitionProp_Onload</include>
    <controls>
        <include>DialogInfo_Recommendations_BackgroundLoader</include>
        <include>Background_Main</include>
        <include>Background_Transition</include>
        <include content="DialogInfo_Recommendations_Group">
            <control type="group">
                <include content="DialogInfo_Recommendations_InfoPanel">
                    <visible>!$EXP[Exp_InfoDialogs]</visible>
                    <include>Animation_Transition_InfoPanel_Hide</include>
                </include>
                <include content="DialogInfo_Recommendations_Widgets_Grouplist">
                    <param name="onup">9099</param>
                    <param name="ondown">noop</param>
                    <ondown condition="!Skin.String(Navigation.Global.OnUp,Search)">SetProperty(List.ViewContainer,9099)</ondown>
                    <ondown condition="!Skin.String(Navigation.Global.OnUp,Search)">SetFocus(330)</ondown>
                    <ondown condition="Skin.String(Navigation.Global.OnUp,Search)">SetProperty($VAR[Path_Search_ReverseInhibit],True,Home)</ondown>
                    <ondown condition="Skin.String(Navigation.Global.OnUp,Search)">AlarmClock(ClearReverseTransition,ClearProperty($VAR[Path_Search_ReverseInhibit],Home),00:00,silent)</ondown>
                    <ondown condition="Skin.String(Navigation.Global.OnUp,Search)">Action(PreviousMenu)</ondown>

                    <include>skinvariables-searchmenu-widgets</include>
                    <control type="group" id="5099">
                        <height>0</height>
                        <control type="group">
                            <visible>!Integer.IsEqual(Container(5000).NumItems,0)</visible>
                            <visible>!Integer.IsEqual(Container(5000).NumItems,1) | !Control.HasFocus(5098) | ControlGroup(5000).HasFocus()</visible>
                            <visible>!$EXP[Exp_InfoDialogs]</visible>
                            <include content="Furniture_Bottom_WidgetGroups" condition="!Skin.String(Navigation.Global.OnUp,Search)">
                                <param name="label">$VAR[Label_NextBump]</param>
                                <param name="icon">special://skin/extras/icons/kodi.png</param>
                            </include>
                            <include content="Furniture_Bottom_WidgetGroups" condition="Skin.String(Navigation.Global.OnUp,Search)">
                                <param name="label">$INFO[Window.Property(PreviousWindow)]</param>
                                <param name="icon">special://skin/extras/icons/arrow-down.png</param>
                            </include>
                        </control>
                    </control>
                </include>
                <include>Widget_Transitions</include>
                <visible>!String.IsEmpty(Control.GetLabel(9099).index(1))</visible>
                <include content="Animation_ConditionalFade">
                    <param name="condition">[String.IsEmpty(Control.GetLabel(9099).index(1)) | Integer.IsEqual(Container(5000).NumItems,0)]</param>
                </include>
            </control>
            <control type="group">
                <include content="Animation_Half_WindowChange">
                    <param name="windowopen_up">!$EXP[Exp_SettingsDialogs_Prev] + !String.IsEmpty(Window(Home).Property(ReverseTransition))</param>
                    <param name="windowopen_down">!$EXP[Exp_SettingsDialogs_Prev] + String.IsEmpty(Window(Home).Property(ReverseTransition))</param>
                    <param name="windowclose_up">!$EXP[Exp_SettingsDialogs_Next] + !String.IsEmpty(Window(Home).Property(ReverseTransition))</param>
                    <param name="windowclose_down">!$EXP[Exp_SettingsDialogs_Next] + String.IsEmpty(Window(Home).Property(ReverseTransition))</param>
                </include>
                <visible>String.IsEmpty(Control.GetLabel(9099).index(1)) | Integer.IsEqual(Container(5000).NumItems,0)</visible>
                <control type="grouplist">
                    <left>view_side</left>
                    <right>view_side</right>
                    <top>-240</top>
                    <bottom>view_pad</bottom>
                    <orientation>vertical</orientation>
                    <align>center</align>
                    <control type="label">
                        <font>font_midi_black</font>
                        <label>$LOCALIZE[31046]$INFO[Container(5099).ListItem.Label,: ,]</label>
                        <align>left</align>
                        <height>30</height>
                        <textcolor>main_fg_100</textcolor>
                    </control>
                    <control type="textbox">
                        <top>20</top>
                        <font>font_main_plot</font>
                        <label>$LOCALIZE[31500] "[CAPITALIZE]$INFO[Control.GetLabel(9099).index(1), , ][/CAPITALIZE]".[CR]$LOCALIZE[31501].</label>
                        <align>left</align>
                        <aligny>center</aligny>
                        <height>90</height>
                        <textcolor>main_fg_30</textcolor>
                    </control>
                </control>
                <include content="Furniture_Bottom_WidgetGroups" condition="!Skin.String(Navigation.Global.OnUp,Search)">
                    <param name="label">$VAR[Label_NextBump]</param>
                    <param name="icon">special://skin/extras/icons/kodi.png</param>
                </include>
                <include content="Furniture_Bottom_WidgetGroups" condition="Skin.String(Navigation.Global.OnUp,Search)">
                    <param name="label">$INFO[Window.Property(PreviousWindow)]</param>
                    <param name="icon">special://skin/extras/icons/arrow-down.png</param>
                </include>
            </control>
        </include>
        <control type="group">
            <visible>!$EXP[Exp_InfoDialogs]</visible>
            <include content="DialogInfo_Recommendations_Furniture">
                <param name="header">$LOCALIZE[137]$INFO[Control.GetLabel(9099).index(1), [COLOR=main_fg_30]›[/COLOR] [CAPITALIZE],[/CAPITALIZE]]</param>
            </include>
            <control type="group">
                <include>Animation_Group_Bumper</include>
                <centertop>100</centertop>
                <width>560</width>
                <left>view_side</left>
                <height>80</height>
                <control type="image">
                    <left>-40</left>
                    <right>-40</right>
                    <texture colordiffuse="main_fg_12" border="40,0,40,0">common/menu.png</texture>
                    <visible>Window.IsVisible(1171)</visible>
                </control>
                <control type="edit" id="9099">
                    <description>Search</description>
                    <font>font_main_black</font>
                    <textcolor>dialog_fg_90</textcolor>
                    <focusedcolor>$VAR[ColorSelected]</focusedcolor>
                    <left>-40</left>
                    <right>-40</right>
                    <textoffsetx>40</textoffsetx>
                    <align>left</align>
                    <onup condition="Skin.String(Navigation.Global.OnUp,Search)">SetProperty(List.ViewContainer,9099)</onup>
                    <onup condition="Skin.String(Navigation.Global.OnUp,Search)">SetFocus(330)</onup>
                    <onup condition="!Skin.String(Navigation.Global.OnUp,Search)">Action(PreviousMenu)</onup>

                    <ondown condition="![String.IsEmpty(Control.GetLabel(9099).index(1)) | Integer.IsEqual(Container(5000).NumItems,0)]">5001</ondown>
                    <ondown condition="[String.IsEmpty(Control.GetLabel(9099).index(1)) | Integer.IsEqual(Container(5000).NumItems,0)] + !Skin.String(Navigation.Global.OnUp,Search)">SetProperty(List.ViewContainer,9099)</ondown>
                    <ondown condition="[String.IsEmpty(Control.GetLabel(9099).index(1)) | Integer.IsEqual(Container(5000).NumItems,0)] + !Skin.String(Navigation.Global.OnUp,Search)">SetFocus(330)</ondown>
                    <ondown condition="[String.IsEmpty(Control.GetLabel(9099).index(1)) | Integer.IsEqual(Container(5000).NumItems,0)] + Skin.String(Navigation.Global.OnUp,Search)">SetProperty($VAR[Path_Search_ReverseInhibit],True,Home)</ondown>
                    <ondown condition="[String.IsEmpty(Control.GetLabel(9099).index(1)) | Integer.IsEqual(Container(5000).NumItems,0)] + Skin.String(Navigation.Global.OnUp,Search)">AlarmClock(ClearReverseTransition,ClearProperty($VAR[Path_Search_ReverseInhibit],Home),00:00,silent)</ondown>
                    <ondown condition="[String.IsEmpty(Control.GetLabel(9099).index(1)) | Integer.IsEqual(Container(5000).NumItems,0)] + Skin.String(Navigation.Global.OnUp,Search)">Action(PreviousMenu)</ondown>
                    <visible allowhiddenfocus="true">Control.HasFocus(9099) + !Window.IsVisible(1171) + !Window.IsVisible(1170)</visible>
                </control>
            </control>
        </control>

    </controls>
</window>