<?xml version="1.0" encoding="UTF-8"?>
<fonts>

<!--
    =====================================================

    Typographic Scale is Pentatonic
    n=5 r=2 f0=32 for bold/black

    regular is 2pts lower as feels taller than bold
    quantise plotbox linespacing to 40px grid

    Large title uses octave of double row (n=5 and n=10)

    =====================================================
     (3)    (4)    (5)     1      2      3      4      5
     18  >  24  >  28  >  32  >  37  >  42  >  49  >  56
    hint   tiny   mini   main   midi   head   huge   info
    =====================================================
-->

    <fontset id="Default" unicode="false">

        <!-- Title fonts -->
        <font>
            <name>font_info_black</name>
            <filename>RobotoCondensed-Black.ttf</filename>
            <size>128</size>
        </font>
        <font>
            <name>font_title_black</name>
            <filename>RobotoCondensed-Black.ttf</filename>
            <size>74</size>
        </font>

        <!-- Black Fonts -->
        <font>
            <name>font_huge_black</name>
            <filename>RobotoCondensed-Black.ttf</filename>
            <size>49</size>
        </font>
        <font>
            <name>font_head_black</name>
            <filename>RobotoCondensed-Black.ttf</filename>
            <size>42</size>
        </font>
        <font>
            <name>font_midi_black</name>
            <filename>RobotoCondensed-Black.ttf</filename>
            <size>37</size>
        </font>
        <font>
            <name>font_main_black</name>
            <filename>RobotoCondensed-Black.ttf</filename>
            <size>32</size>
        </font>
        <font>
            <name>font_mini_black</name>
            <filename>RobotoCondensed-Black.ttf</filename>
            <size>28</size>
        </font>
        <font>
            <name>font_tiny_black</name>
            <filename>RobotoCondensed-Black.ttf</filename>
            <size>24</size>
        </font>
        <font>
            <name>font_hint_black</name>
            <style>uppercase</style>
            <filename>RobotoCondensed-Black.ttf</filename>
            <size>18</size>
        </font>

        <!-- Bold Fonts -->
        <font>
            <name>font_huge_bold</name>
            <filename>RobotoCondensed-Bold.ttf</filename>
            <size>49</size>
        </font>
        <font>
            <name>font_head_bold</name>
            <filename>RobotoCondensed-Bold.ttf</filename>
            <size>42</size>
        </font>
        <font>
            <name>font_midi_bold</name>
            <filename>RobotoCondensed-Bold.ttf</filename>
            <size>37</size>
        </font>
        <font>
            <name>font_main_bold</name>
            <filename>RobotoCondensed-Bold.ttf</filename>
            <size>32</size>
        </font>
        <font>
            <name>font_mini_bold</name>
            <filename>RobotoCondensed-Bold.ttf</filename>
            <size>28</size>
        </font>
        <font>
            <name>font_tiny_bold</name>
            <filename>RobotoCondensed-Bold.ttf</filename>
            <size>24</size>
        </font>
        <font>
            <name>font_hint_bold</name>
            <filename>RobotoCondensed-Bold.ttf</filename>
            <size>18</size>
        </font>

        <!-- Standard Fonts -->
        <font>
            <name>font_midi</name>
            <filename>RobotoCondensed-Regular.ttf</filename>
            <size>35</size>
        </font>
        <font>
            <name>font_main</name>
            <filename>RobotoCondensed-Regular.ttf</filename>
            <size>30</size>
        </font>
        <font>
            <name>font_mini</name>
            <filename>RobotoCondensed-Regular.ttf</filename>
            <size>26</size>
        </font>
        <font>
            <name>font_tiny</name>
            <filename>RobotoCondensed-Regular.ttf</filename>
            <size>22</size>
        </font>
        <font>
            <name>font_hint</name>
            <filename>RobotoCondensed-Regular.ttf</filename>
            <size>16</size>
            <linespacing>0.8</linespacing>
        </font>
        <font>
            <name>font_hint_button</name>
            <filename>RobotoCondensed-Regular.ttf</filename>
            <size>16</size>
            <linespacing>1.15</linespacing>
        </font>

        <!-- Textbox Fonts -->
        <font>
            <name>font_huge_plot</name>
            <filename>RobotoCondensed-Regular.ttf</filename>
            <linespacing>1.46</linespacing>
            <size>47</size>
        </font>
        <font>
            <name>font_midi_plot</name>
            <filename>RobotoCondensed-Regular.ttf</filename>
            <linespacing>1.46</linespacing>
            <size>35</size>
        </font>
        <font>
            <name>font_main_plot</name>
            <filename>RobotoCondensed-Regular.ttf</filename>
            <linespacing>1.14</linespacing>
            <size>30</size>
        </font>
        <font>
            <name>font_mini_plot</name>
            <filename>RobotoCondensed-Regular.ttf</filename>
            <linespacing>1.24</linespacing>
            <size>26</size>
        </font>
        <font>
            <name>font_mini_cond</name>
            <filename>RobotoCondensed-Regular.ttf</filename>
            <linespacing>0.96</linespacing>
            <size>26</size>
        </font>

        <!-- Font for codec flag -->
        <font>
            <name>font_videocodec_bold</name>
            <filename>Nick-Titling.ttf</filename>
            <size>22</size>
        </font>
        <font>
            <name>font_infotag_bold</name>
            <filename>LeagueSpartan-ExtraBold.ttf</filename>
            <size>22</size>
            <style>uppercase</style>
        </font>
        <font>
            <name>font_infotag</name>
            <filename>LeagueSpartan-SemiBold.ttf</filename>
            <size>22</size>
            <style>uppercase</style>
        </font>

        <!-- Music visualisation scrolling text -->
        <font>
            <name>font_musicvis_biggest</name>
            <filename>RobotoCondensed-Light.ttf</filename>
            <size>230</size>
        </font>
        <font>
            <name>font_musicvis_bigger</name>
            <filename>RobotoCondensed-Light.ttf</filename>
            <size>130</size>
        </font>
        <font>
            <name>font_musicvis_big</name>
            <filename>RobotoCondensed-Light.ttf</filename>
            <size>80</size>
        </font>

        <!-- Arial font -->
        <font>
            <name>font_mini_arial</name>
            <filename>Arial.ttf</filename>
            <size>25</size>
            <aspect>0.8</aspect>
        </font>

        <!-- Keyboard Symbol Font -->
        <font>
            <name>font_main_iconic</name>
            <filename>iconmonstr-iconic-font.ttf</filename>
            <size>30</size>
        </font>

        <!-- Kodi Logo Font -->
        <font>
            <name>font_logo</name>
            <filename>Questrial-Regular.ttf</filename>
            <size>32</size>
        </font>
        <font>
            <name>font_logo_large</name>
            <filename>Questrial-Regular.ttf</filename>
            <size>44</size>
        </font>

        <!-- Required for system -->
        <font>
            <name>font13</name>
            <filename>RobotoCondensed-Regular.ttf</filename>
            <size>30</size>
        </font>
        <font>
            <name>Clock</name>
            <filename>RobotoCondensed-Bold.ttf</filename>
            <size>130</size>
        </font>

        <!-- Testing Fonts -->
        <font>
            <name>font_debug</name>
            <filename>RobotoMono-Light.ttf</filename>
            <size>24</size>
            <aspect>0.8</aspect>
        </font>
    </fontset>

    <fontset id="NotoRoboto - Arabic / Hebrew" unicode="true">

        <!-- Title fonts -->
        <font>
            <name>font_info_black</name>
            <filename>RobotoNotoCondensed-Black.ttf</filename>
            <size>128</size>
        </font>
        <font>
            <name>font_title_black</name>
            <filename>RobotoNotoCondensed-Black.ttf</filename>
            <size>74</size>
        </font>

        <!-- Black Fonts -->
        <font>
            <name>font_huge_black</name>
            <filename>RobotoNotoCondensed-Black.ttf</filename>
            <size>49</size>
        </font>
        <font>
            <name>font_head_black</name>
            <filename>RobotoNotoCondensed-Black.ttf</filename>
            <size>42</size>
        </font>
        <font>
            <name>font_midi_black</name>
            <filename>RobotoNotoCondensed-Black.ttf</filename>
            <size>37</size>
        </font>
        <font>
            <name>font_main_black</name>
            <filename>RobotoNotoCondensed-Black.ttf</filename>
            <size>32</size>
        </font>
        <font>
            <name>font_mini_black</name>
            <filename>RobotoNotoCondensed-Black.ttf</filename>
            <size>28</size>
        </font>
        <font>
            <name>font_tiny_black</name>
            <filename>RobotoNotoCondensed-Black.ttf</filename>
            <size>24</size>
        </font>
        <font>
            <name>font_hint_black</name>
            <style>uppercase</style>
            <filename>RobotoNotoCondensed-Black.ttf</filename>
            <size>18</size>
        </font>

        <!-- Bold Fonts -->
        <font>
            <name>font_huge_bold</name>
            <filename>RobotoNotoCondensed-Bold.ttf</filename>
            <size>49</size>
        </font>
        <font>
            <name>font_head_bold</name>
            <filename>RobotoNotoCondensed-Bold.ttf</filename>
            <size>42</size>
        </font>
        <font>
            <name>font_midi_bold</name>
            <filename>RobotoNotoCondensed-Bold.ttf</filename>
            <size>37</size>
        </font>
        <font>
            <name>font_main_bold</name>
            <filename>RobotoNotoCondensed-Bold.ttf</filename>
            <size>32</size>
        </font>
        <font>
            <name>font_mini_bold</name>
            <filename>RobotoNotoCondensed-Bold.ttf</filename>
            <size>28</size>
        </font>
        <font>
            <name>font_tiny_bold</name>
            <filename>RobotoNotoCondensed-Bold.ttf</filename>
            <size>24</size>
        </font>
        <font>
            <name>font_hint_bold</name>
            <filename>RobotoNotoCondensed-Bold.ttf</filename>
            <size>18</size>
        </font>

        <!-- Standard Fonts -->
        <font>
            <name>font_midi</name>
            <filename>RobotoNotoCondensed-Regular.ttf</filename>
            <size>35</size>
        </font>
        <font>
            <name>font_main</name>
            <filename>RobotoNotoCondensed-Regular.ttf</filename>
            <size>30</size>
        </font>
        <font>
            <name>font_mini</name>
            <filename>RobotoNotoCondensed-Regular.ttf</filename>
            <size>26</size>
        </font>
        <font>
            <name>font_tiny</name>
            <filename>RobotoNotoCondensed-Regular.ttf</filename>
            <size>22</size>
        </font>
        <font>
            <name>font_hint</name>
            <filename>RobotoNotoCondensed-Regular.ttf</filename>
            <size>16</size>
            <linespacing>0.9</linespacing>
        </font>
        <font>
            <name>font_hint_button</name>
            <filename>RobotoNotoCondensed-Regular.ttf</filename>
            <size>16</size>
            <linespacing>1.15</linespacing>
        </font>

        <!-- Textbox Fonts -->
        <font>
            <name>font_huge_plot</name>
            <filename>RobotoNotoCondensed-Regular.ttf</filename>
            <linespacing>1.46</linespacing>
            <size>47</size>
        </font>
        <font>
            <name>font_midi_plot</name>
            <filename>RobotoNotoCondensed-Regular.ttf</filename>
            <linespacing>1.46</linespacing>
            <size>35</size>
        </font>
        <font>
            <name>font_main_plot</name>
            <filename>RobotoNotoCondensed-Regular.ttf</filename>
            <linespacing>1.14</linespacing>
            <size>30</size>
        </font>
        <font>
            <name>font_mini_plot</name>
            <filename>RobotoNotoCondensed-Regular.ttf</filename>
            <linespacing>1.24</linespacing>
            <size>26</size>
        </font>
        <font>
            <name>font_mini_cond</name>
            <filename>RobotoNotoCondensed-Regular.ttf</filename>
            <linespacing>0.96</linespacing>
            <size>26</size>
        </font>

        <!-- Font for codec flag -->
        <font>
            <name>font_videocodec_bold</name>
            <filename>Nick-Titling.ttf</filename>
            <size>22</size>
        </font>
        <font>
            <name>font_infotag_bold</name>
            <filename>LeagueSpartan-ExtraBold.ttf</filename>
            <size>22</size>
            <style>uppercase</style>
        </font>
        <font>
            <name>font_infotag</name>
            <filename>LeagueSpartan-SemiBold.ttf</filename>
            <size>22</size>
            <style>uppercase</style>
        </font>

        <!-- Music visualisation scrolling text -->
        <font>
            <name>font_musicvis_biggest</name>
            <filename>RobotoNotoCondensed-Light.ttf</filename>
            <size>230</size>
        </font>
        <font>
            <name>font_musicvis_bigger</name>
            <filename>RobotoNotoCondensed-Light.ttf</filename>
            <size>130</size>
        </font>
        <font>
            <name>font_musicvis_big</name>
            <filename>RobotoNotoCondensed-Light.ttf</filename>
            <size>80</size>
        </font>

        <!-- Arial font -->
        <font>
            <name>font_mini_arial</name>
            <filename>Arial.ttf</filename>
            <size>25</size>
            <aspect>0.8</aspect>
        </font>

        <!-- Keyboard Symbol Font -->
        <font>
            <name>font_main_iconic</name>
            <filename>iconmonstr-iconic-font.ttf</filename>
            <size>30</size>
        </font>

        <!-- Kodi Logo Font -->
        <font>
            <name>font_logo</name>
            <filename>Questrial-Regular.ttf</filename>
            <size>32</size>
        </font>
        <font>
            <name>font_logo_large</name>
            <filename>Questrial-Regular.ttf</filename>
            <size>44</size>
        </font>

        <!-- Required for system -->
        <font>
            <name>font13</name>
            <filename>RobotoNotoCondensed-Regular.ttf</filename>
            <size>30</size>
        </font>
        <font>
            <name>Clock</name>
            <filename>RobotoNotoCondensed-Bold.ttf</filename>
            <size>130</size>
        </font>

        <!-- Testing Fonts -->
        <font>
            <name>font_debug</name>
            <filename>RobotoMono-Light.ttf</filename>
            <size>24</size>
            <aspect>0.8</aspect>
        </font>
    </fontset>

    <fontset id="CJK - Chinese / Japanese / Korean" unicode="true">

        <!-- Title fonts -->
        <font>
            <name>font_info_black</name>
            <filename>resource://resource.font.robotocjksc/RobotoCJKSC-Bold.ttf</filename>
            <aspect>0.89</aspect>
            <size>128</size>
        </font>
        <font>
            <name>font_title_black</name>
            <filename>resource://resource.font.robotocjksc/RobotoCJKSC-Bold.ttf</filename>
            <aspect>0.89</aspect>
            <size>74</size>
        </font>

        <!-- Black Fonts -->
        <font>
            <name>font_huge_black</name>
            <filename>resource://resource.font.robotocjksc/RobotoCJKSC-Bold.ttf</filename>
            <aspect>0.89</aspect>
            <size>49</size>
        </font>
        <font>
            <name>font_head_black</name>
            <filename>resource://resource.font.robotocjksc/RobotoCJKSC-Bold.ttf</filename>
            <aspect>0.89</aspect>
            <size>42</size>
        </font>
        <font>
            <name>font_midi_black</name>
            <filename>resource://resource.font.robotocjksc/RobotoCJKSC-Bold.ttf</filename>
            <aspect>0.89</aspect>
            <size>37</size>
        </font>
        <font>
            <name>font_main_black</name>
            <filename>resource://resource.font.robotocjksc/RobotoCJKSC-Bold.ttf</filename>
            <aspect>0.89</aspect>
            <size>32</size>
        </font>
        <font>
            <name>font_mini_black</name>
            <filename>resource://resource.font.robotocjksc/RobotoCJKSC-Bold.ttf</filename>
            <aspect>0.89</aspect>
            <size>28</size>
        </font>
        <font>
            <name>font_tiny_black</name>
            <filename>resource://resource.font.robotocjksc/RobotoCJKSC-Bold.ttf</filename>
            <aspect>0.89</aspect>
            <size>24</size>
        </font>
        <font>
            <name>font_hint_black</name>
            <style>uppercase</style>
            <filename>resource://resource.font.robotocjksc/RobotoCJKSC-Bold.ttf</filename>
            <aspect>0.89</aspect>
            <size>18</size>
        </font>

        <!-- Bold Fonts -->
        <font>
            <name>font_huge_bold</name>
            <filename>resource://resource.font.robotocjksc/RobotoCJKSC-Bold.ttf</filename>
            <aspect>0.89</aspect>
            <size>49</size>
        </font>
        <font>
            <name>font_head_bold</name>
            <filename>resource://resource.font.robotocjksc/RobotoCJKSC-Bold.ttf</filename>
            <aspect>0.89</aspect>
            <size>42</size>
        </font>
        <font>
            <name>font_midi_bold</name>
            <filename>resource://resource.font.robotocjksc/RobotoCJKSC-Bold.ttf</filename>
            <aspect>0.89</aspect>
            <size>37</size>
        </font>
        <font>
            <name>font_main_bold</name>
            <filename>resource://resource.font.robotocjksc/RobotoCJKSC-Bold.ttf</filename>
            <aspect>0.89</aspect>
            <size>32</size>
        </font>
        <font>
            <name>font_mini_bold</name>
            <filename>resource://resource.font.robotocjksc/RobotoCJKSC-Bold.ttf</filename>
            <aspect>0.89</aspect>
            <size>28</size>
        </font>
        <font>
            <name>font_tiny_bold</name>
            <filename>resource://resource.font.robotocjksc/RobotoCJKSC-Bold.ttf</filename>
            <aspect>0.89</aspect>
            <size>24</size>
        </font>
        <font>
            <name>font_hint_bold</name>
            <filename>resource://resource.font.robotocjksc/RobotoCJKSC-Bold.ttf</filename>
            <aspect>0.89</aspect>
            <size>18</size>
        </font>

        <!-- Standard Fonts -->
        <font>
            <name>font_midi</name>
            <filename>resource://resource.font.robotocjksc/RobotoCJKSC-Regular.ttf</filename>
            <aspect>0.89</aspect>
            <size>35</size>
        </font>
        <font>
            <name>font_main</name>
            <filename>resource://resource.font.robotocjksc/RobotoCJKSC-Regular.ttf</filename>
            <aspect>0.89</aspect>
            <size>30</size>
        </font>
        <font>
            <name>font_mini</name>
            <filename>resource://resource.font.robotocjksc/RobotoCJKSC-Regular.ttf</filename>
            <aspect>0.89</aspect>
            <size>26</size>
        </font>
        <font>
            <name>font_tiny</name>
            <filename>resource://resource.font.robotocjksc/RobotoCJKSC-Regular.ttf</filename>
            <aspect>0.89</aspect>
            <size>22</size>
        </font>
        <font>
            <name>font_hint</name>
            <filename>resource://resource.font.robotocjksc/RobotoCJKSC-Regular.ttf</filename>
            <aspect>0.89</aspect>
            <size>16</size>
            <linespacing>0.9</linespacing>
        </font>
        <font>
            <name>font_hint_button</name>
            <filename>resource://resource.font.robotocjksc/RobotoCJKSC-Regular.ttf</filename>
            <aspect>0.89</aspect>
            <size>16</size>
            <linespacing>1.15</linespacing>
        </font>

        <!-- Textbox Fonts -->
        <font>
            <name>font_huge_plot</name>
            <filename>resource://resource.font.robotocjksc/RobotoCJKSC-Regular.ttf</filename>
            <aspect>0.89</aspect>
            <linespacing>1.46</linespacing>
            <size>47</size>
        </font>
        <font>
            <name>font_midi_plot</name>
            <filename>resource://resource.font.robotocjksc/RobotoCJKSC-Regular.ttf</filename>
            <aspect>0.89</aspect>
            <linespacing>1.46</linespacing>
            <size>35</size>
        </font>
        <font>
            <name>font_main_plot</name>
            <filename>resource://resource.font.robotocjksc/RobotoCJKSC-Regular.ttf</filename>
            <aspect>0.89</aspect>
            <linespacing>1.14</linespacing>
            <size>30</size>
        </font>
        <font>
            <name>font_mini_plot</name>
            <filename>resource://resource.font.robotocjksc/RobotoCJKSC-Regular.ttf</filename>
            <aspect>0.89</aspect>
            <linespacing>1.24</linespacing>
            <size>26</size>
        </font>
        <font>
            <name>font_mini_cond</name>
            <filename>resource://resource.font.robotocjksc/RobotoCJKSC-Regular.ttf</filename>
            <aspect>0.89</aspect>
            <linespacing>0.96</linespacing>
            <size>26</size>
        </font>

        <!-- Font for codec flag -->
        <font>
            <name>font_videocodec_bold</name>
            <filename>Nick-Titling.ttf</filename>
            <size>22</size>
        </font>
        <font>
            <name>font_infotag_bold</name>
            <filename>LeagueSpartan-ExtraBold.ttf</filename>
            <size>22</size>
            <style>uppercase</style>
        </font>
        <font>
            <name>font_infotag</name>
            <filename>LeagueSpartan-SemiBold.ttf</filename>
            <size>22</size>
            <style>uppercase</style>
        </font>

        <!-- Music visualisation scrolling text -->
        <font>
            <name>font_musicvis_biggest</name>
            <filename>resource://resource.font.robotocjksc/RobotoCJKSC-Light.ttf</filename>
            <aspect>0.89</aspect>
            <size>230</size>
        </font>
        <font>
            <name>font_musicvis_bigger</name>
            <filename>resource://resource.font.robotocjksc/RobotoCJKSC-Light.ttf</filename>
            <aspect>0.89</aspect>
            <size>130</size>
        </font>
        <font>
            <name>font_musicvis_big</name>
            <filename>resource://resource.font.robotocjksc/RobotoCJKSC-Light.ttf</filename>
            <aspect>0.89</aspect>
            <size>80</size>
        </font>

        <!-- Arial font -->
        <font>
            <name>font_mini_arial</name>
            <filename>Arial.ttf</filename>
            <size>25</size>
            <aspect>0.8</aspect>
        </font>

        <!-- Keyboard Symbol Font -->
        <font>
            <name>font_main_iconic</name>
            <filename>iconmonstr-iconic-font.ttf</filename>
            <size>30</size>
        </font>

        <!-- Kodi Logo Font -->
        <font>
            <name>font_logo</name>
            <filename>Questrial-Regular.ttf</filename>
            <size>32</size>
        </font>
        <font>
            <name>font_logo_large</name>
            <filename>Questrial-Regular.ttf</filename>
            <size>44</size>
        </font>

        <!-- Required for system -->
        <font>
            <name>font13</name>
            <filename>resource://resource.font.robotocjksc/RobotoCJKSC-Regular.ttf</filename>
            <aspect>0.89</aspect>
            <size>30</size>
        </font>
        <font>
            <name>Clock</name>
            <filename>resource://resource.font.robotocjksc/RobotoCJKSC-Bold.ttf</filename>
            <aspect>0.89</aspect>
            <size>130</size>
        </font>

        <!-- Testing Fonts -->
        <font>
            <name>font_debug</name>
            <filename>RobotoMono-Light.ttf</filename>
            <size>24</size>
            <aspect>0.8</aspect>
        </font>
    </fontset>

</fonts>

