<?xml version="1.0" encoding="UTF-8"?>
<includes>

    <default type="label">
        <align>left</align>
        <aligny>center</aligny>
        <font>font_main</font>
        <textcolor>main_fg_70</textcolor>
        <selectedcolor>main_fg_70</selectedcolor>
        <include content="Object_Scroll" condition="Skin.HasSetting(Labels.Autoscroll)">
            <param name="scroll">true</param>
        </include>
    </default>

    <default type="textbox">
        <align>left</align>
        <font>font_main</font>
        <textcolor>main_fg_70</textcolor>
        <selectedcolor>main_fg_70</selectedcolor>
        <autoscroll delay="6000" time="3000" repeat="10000">!Skin.HasSetting(Textboxes.DisableAutoscroll)</autoscroll>
    </default>

    <default type="button">
        <align>center</align>
        <aligny>center</aligny>
        <font>font_mini</font>
        <textoffsetx>30</textoffsetx>
        <textcolor>main_fg_70</textcolor>
        <selectedcolor>main_fg_70</selectedcolor>
        <focusedcolor>$VAR[ColorSelected]</focusedcolor>
        <disabledcolor>main_fg_30</disabledcolor>
        <include>Texture_Button</include>
        <pulseonselect>false</pulseonselect>
    </default>

    <include name="defs_dialog_button">
        <textcolor>dialog_fg_70</textcolor>
        <selectedcolor>dialog_fg_70</selectedcolor>
        <disabledcolor>dialog_fg_30</disabledcolor>
        <texturenofocus colordiffuse="panel_fg_12" border="40">common/menu.png</texturenofocus>
    </include>

    <default type="colorbutton">
        <align>center</align>
        <aligny>center</aligny>
        <font>font_mini</font>
        <textoffsetx>30</textoffsetx>
        <textcolor>main_fg_70</textcolor>
        <selectedcolor>main_fg_70</selectedcolor>
        <focusedcolor>$VAR[ColorSelected]</focusedcolor>
        <disabledcolor>main_fg_30</disabledcolor>
        <include>Texture_Button</include>
        <colorwidth>84</colorwidth>
        <colorheight>24</colorheight>
        <texturecolormask>buttons/colorpicker.png</texturecolormask>
        <texturecolordisabledmask colordiffuse="main_fg_30">buttons/colorpicker.png</texturecolordisabledmask>
        <pulseonselect>false</pulseonselect>
    </default>

    <default type="edit">
        <align>center</align>
        <aligny>center</aligny>
        <font>font_mini</font>
        <textoffsetx>30</textoffsetx>
        <textcolor>main_fg_70</textcolor>
        <selectedcolor>main_fg_70</selectedcolor>
        <focusedcolor>$VAR[ColorSelected]</focusedcolor>
        <disabledcolor>main_fg_30</disabledcolor>
        <include>Texture_Button</include>
        <pulseonselect>false</pulseonselect>
    </default>

    <include name="defs_dialog_edit">
        <include>defs_dialog_button</include>
    </include>

    <default type="progress">
        <texturebg colordiffuse="2f5f5f5f" border="4">progress/progress-bg.png</texturebg>
        <lefttexture colordiffuse="$VAR[ColorHighlight]" border="4">progress/progress-left.png</lefttexture>
        <midtexture colordiffuse="$VAR[ColorHighlight]" border="4">progress/progress-end.png</midtexture>
        <righttexture colordiffuse="$VAR[ColorHighlight]" border="4">progress/progress-right.png</righttexture>
        <overlaytexture/>
    </default>

    <default type="radiobutton">
        <align>center</align>
        <aligny>center</aligny>
        <font>font_mini</font>
        <textoffsetx>30</textoffsetx>
        <textcolor>main_fg_70</textcolor>
        <focusedcolor>$VAR[ColorSelected]</focusedcolor>
        <disabledcolor>main_fg_30</disabledcolor>
        <include>Texture_Button</include>
        <pulseonselect>false</pulseonselect>
        <radiowidth>86</radiowidth>
        <radioheight>24</radioheight>
        <texturenofocus/>
        <textureradioondisabled colordiffuse="main_fg_12">buttons/check-on.png</textureradioondisabled>
        <textureradiooffdisabled colordiffuse="main_fg_12">buttons/check-off.png</textureradiooffdisabled>
        <textureradioonfocus colordiffuse="$VAR[ColorSelected]">buttons/check-on.png</textureradioonfocus>
        <textureradioofffocus colordiffuse="$VAR[ColorSelected]">buttons/check-off.png</textureradioofffocus>
        <textureradioonnofocus colordiffuse="main_fg_70">buttons/check-on.png</textureradioonnofocus>
        <textureradiooffnofocus colordiffuse="main_fg_70">buttons/check-off.png</textureradiooffnofocus>
    </default>

    <include name="defs_dialog_radiobutton">
        <include>defs_dialog_button</include>
        <textureradioondisabled colordiffuse="dialog_fg_12">buttons/check-on.png</textureradioondisabled>
        <textureradiooffdisabled colordiffuse="dialog_fg_12">buttons/check-off.png</textureradiooffdisabled>
        <textureradioonnofocus colordiffuse="dialog_fg_70">buttons/check-on.png</textureradioonnofocus>
        <textureradiooffnofocus colordiffuse="dialog_fg_70">buttons/check-off.png</textureradiooffnofocus>
    </include>

    <default type="spincontrol">
        <align>center</align>
        <aligny>center</aligny>
        <font>font_mini</font>
        <textoffsetx>30</textoffsetx>
        <textcolor>main_fg_70</textcolor>
        <focusedcolor>$VAR[ColorSelected]</focusedcolor>
        <disabledcolor>main_fg_30</disabledcolor>
        <include>Texture_Button</include>
        <pulseonselect>false</pulseonselect>
        <texturefocus colordiffuse="main_fg_12">common/white.png</texturefocus>
        <texturenofocus/>
        <textureup flipy="true" colordiffuse="main_fg_30">buttons/triangle-down.png</textureup>
        <texturedown colordiffuse="main_fg_30">buttons/triangle-down.png</texturedown>
        <textureupfocus flipy="true" colordiffuse="$VAR[ColorSelected]">buttons/triangle-down.png</textureupfocus>
        <texturedownfocus colordiffuse="$VAR[ColorSelected]">buttons/triangle-down.png</texturedownfocus>
        <textureupdisabled flipy="true" colordiffuse="main_fg_12">buttons/triangle-down.png</textureupdisabled>
        <texturedowndisabled colordiffuse="main_fg_12">buttons/triangle-down.png</texturedowndisabled>
        <spinwidth>30</spinwidth>
        <spinheight>30</spinheight>
        <reverse>yes</reverse>
    </default>
    <default type="spincontrolex">
        <align>center</align>
        <aligny>center</aligny>
        <font>font_mini</font>
        <textoffsetx>30</textoffsetx>
        <textcolor>main_fg_70</textcolor>
        <focusedcolor>$VAR[ColorSelected]</focusedcolor>
        <disabledcolor>main_fg_30</disabledcolor>
        <include>Texture_Button</include>
        <pulseonselect>false</pulseonselect>
        <texturefocus colordiffuse="main_fg_12">common/white.png</texturefocus>
        <texturenofocus/>
        <textureup flipy="true" colordiffuse="main_fg_30">buttons/triangle-down.png</textureup>
        <texturedown colordiffuse="main_fg_30">buttons/triangle-down.png</texturedown>
        <textureupfocus flipy="true" colordiffuse="$VAR[ColorSelected]">buttons/triangle-down.png</textureupfocus>
        <texturedownfocus colordiffuse="$VAR[ColorSelected]">buttons/triangle-down.png</texturedownfocus>
        <textureupdisabled flipy="true" colordiffuse="main_fg_12">buttons/triangle-down.png</textureupdisabled>
        <texturedowndisabled colordiffuse="main_fg_12">buttons/triangle-down.png</texturedowndisabled>
        <reverse>yes</reverse>
        <spinwidth>30</spinwidth>
        <spinheight>30</spinheight>
    </default>
    <include name="defs_dialog_spincontrolex">
        <include>defs_dialog_button</include>
        <textureup flipy="true" colordiffuse="dialog_fg_30">buttons/triangle-down.png</textureup>
        <texturedown colordiffuse="dialog_fg_30">buttons/triangle-down.png</texturedown>
        <textureupdisabled flipy="true" colordiffuse="dialog_fg_12">buttons/triangle-down.png</textureupdisabled>
        <texturedowndisabled colordiffuse="dialog_fg_12">buttons/triangle-down.png</texturedowndisabled>
    </include>

    <default type="slider">
        <align>center</align>
        <aligny>center</aligny>
        <font>font_mini</font>
        <textoffsetx>30</textoffsetx>
        <textcolor>main_fg_70</textcolor>
        <focusedcolor>$VAR[ColorSelected]</focusedcolor>
        <disabledcolor>main_fg_30</disabledcolor>
        <include>Texture_Button</include>
        <pulseonselect>false</pulseonselect>
        <texturefocus colordiffuse="main_fg_12">common/white.png</texturefocus>
        <texturenofocus/>
        <sliderwidth>192</sliderwidth>
        <sliderheight>12</sliderheight>
        <pulseonselect>false</pulseonselect>
        <texturesliderbar colordiffuse="main_fg_12" border="6">slider/slider_bg.png</texturesliderbar>
        <textureslidernib colordiffuse="main_fg_30" border="6">slider/slider_nib.png</textureslidernib>
        <textureslidernibfocus colordiffuse="$VAR[ColorSelected]" border="6">slider/slider_nib.png</textureslidernibfocus>
        <orientation>horizontal</orientation>
    </default>
    <default type="sliderex">
        <align>center</align>
        <aligny>center</aligny>
        <font>font_mini</font>
        <textoffsetx>30</textoffsetx>
        <textcolor>main_fg_70</textcolor>
        <focusedcolor>$VAR[ColorSelected]</focusedcolor>
        <disabledcolor>main_fg_30</disabledcolor>
        <include>Texture_Button</include>
        <pulseonselect>false</pulseonselect>
        <texturefocus colordiffuse="main_fg_12">common/white.png</texturefocus>
        <texturenofocus/>
        <sliderwidth>120</sliderwidth>
        <sliderheight>12</sliderheight>
        <pulseonselect>false</pulseonselect>
        <texturesliderbar colordiffuse="main_fg_12" border="6">slider/slider_bg.png</texturesliderbar>
        <textureslidernib colordiffuse="main_fg_30" border="6">slider/slider_nib.png</textureslidernib>
        <textureslidernibfocus colordiffuse="$VAR[ColorSelected]" border="6">slider/slider_nib.png</textureslidernibfocus>
        <orientation>horizontal</orientation>
    </default>
    <include name="defs_dialog_sliderex">
        <include>defs_dialog_button</include>
        <texturesliderbar colordiffuse="dialog_fg_12" border="6">slider/slider_bg.png</texturesliderbar>
        <textureslidernib colordiffuse="dialog_fg_30" border="6">slider/slider_nib.png</textureslidernib>
    </include>

    <default type="togglebutton">
        <align>center</align>
        <aligny>center</aligny>
        <font>font_mini</font>
        <textoffsetx>30</textoffsetx>
        <textcolor>main_fg_70</textcolor>
        <focusedcolor>$VAR[ColorSelected]</focusedcolor>
        <disabledcolor>main_fg_30</disabledcolor>
        <include>Texture_Button</include>
        <include>Texture_ToggleButton</include>
        <pulseonselect>false</pulseonselect>
    </default>

    <include name="defs_dialog_togglebutton">
        <include>defs_dialog_button</include>
    </include>

    <default type="grouplist">
        <scrolltime tween="quadratic">400</scrolltime>
        <usecontrolcoords>true</usecontrolcoords>
        <itemgap>0</itemgap>
    </default>

    <default type="scrollbar">
        <texturesliderbackground colordiffuse="00ffffff" border="4">scrollbar/scrollv.png</texturesliderbackground>
        <texturesliderbar colordiffuse="main_back" border="4">scrollbar/scrollv.png</texturesliderbar>
        <include>Texture_Scrollbar_V</include>
        <textureslidernib/>
        <textureslidernibfocus/>
        <showonepage>false</showonepage>
        <orientation>vertical</orientation>
    </default>


    <include name="Defs_Progress_Colorfader">
        <animation effect="fade" start="100" end="0" condition="Integer.IsEqual($PARAM[info],0)">Conditional</animation>
        <animation effect="fade" start="100" end="1" condition="Integer.IsEqual($PARAM[info],1)">Conditional</animation>
        <animation effect="fade" start="100" end="2" condition="Integer.IsEqual($PARAM[info],2)">Conditional</animation>
        <animation effect="fade" start="100" end="3" condition="Integer.IsEqual($PARAM[info],3)">Conditional</animation>
        <animation effect="fade" start="100" end="4" condition="Integer.IsEqual($PARAM[info],4)">Conditional</animation>
        <animation effect="fade" start="100" end="5" condition="Integer.IsEqual($PARAM[info],5)">Conditional</animation>
        <animation effect="fade" start="100" end="6" condition="Integer.IsEqual($PARAM[info],6)">Conditional</animation>
        <animation effect="fade" start="100" end="7" condition="Integer.IsEqual($PARAM[info],7)">Conditional</animation>
        <animation effect="fade" start="100" end="8" condition="Integer.IsEqual($PARAM[info],8)">Conditional</animation>
        <animation effect="fade" start="100" end="9" condition="Integer.IsEqual($PARAM[info],9)">Conditional</animation>
        <animation effect="fade" start="100" end="10" condition="Integer.IsEqual($PARAM[info],10)">Conditional</animation>
        <animation effect="fade" start="100" end="11" condition="Integer.IsEqual($PARAM[info],11)">Conditional</animation>
        <animation effect="fade" start="100" end="12" condition="Integer.IsEqual($PARAM[info],12)">Conditional</animation>
        <animation effect="fade" start="100" end="13" condition="Integer.IsEqual($PARAM[info],13)">Conditional</animation>
        <animation effect="fade" start="100" end="14" condition="Integer.IsEqual($PARAM[info],14)">Conditional</animation>
        <animation effect="fade" start="100" end="15" condition="Integer.IsEqual($PARAM[info],15)">Conditional</animation>
        <animation effect="fade" start="100" end="16" condition="Integer.IsEqual($PARAM[info],16)">Conditional</animation>
        <animation effect="fade" start="100" end="17" condition="Integer.IsEqual($PARAM[info],17)">Conditional</animation>
        <animation effect="fade" start="100" end="18" condition="Integer.IsEqual($PARAM[info],18)">Conditional</animation>
        <animation effect="fade" start="100" end="19" condition="Integer.IsEqual($PARAM[info],19)">Conditional</animation>
        <animation effect="fade" start="100" end="20" condition="Integer.IsEqual($PARAM[info],20)">Conditional</animation>
        <animation effect="fade" start="100" end="21" condition="Integer.IsEqual($PARAM[info],21)">Conditional</animation>
        <animation effect="fade" start="100" end="22" condition="Integer.IsEqual($PARAM[info],22)">Conditional</animation>
        <animation effect="fade" start="100" end="23" condition="Integer.IsEqual($PARAM[info],23)">Conditional</animation>
        <animation effect="fade" start="100" end="24" condition="Integer.IsEqual($PARAM[info],24)">Conditional</animation>
        <animation effect="fade" start="100" end="25" condition="Integer.IsEqual($PARAM[info],25)">Conditional</animation>
        <animation effect="fade" start="100" end="26" condition="Integer.IsEqual($PARAM[info],26)">Conditional</animation>
        <animation effect="fade" start="100" end="27" condition="Integer.IsEqual($PARAM[info],27)">Conditional</animation>
        <animation effect="fade" start="100" end="28" condition="Integer.IsEqual($PARAM[info],28)">Conditional</animation>
        <animation effect="fade" start="100" end="29" condition="Integer.IsEqual($PARAM[info],29)">Conditional</animation>
        <animation effect="fade" start="100" end="30" condition="Integer.IsEqual($PARAM[info],30)">Conditional</animation>
        <animation effect="fade" start="100" end="31" condition="Integer.IsEqual($PARAM[info],31)">Conditional</animation>
        <animation effect="fade" start="100" end="32" condition="Integer.IsEqual($PARAM[info],32)">Conditional</animation>
        <animation effect="fade" start="100" end="33" condition="Integer.IsEqual($PARAM[info],33)">Conditional</animation>
        <animation effect="fade" start="100" end="34" condition="Integer.IsEqual($PARAM[info],34)">Conditional</animation>
        <animation effect="fade" start="100" end="35" condition="Integer.IsEqual($PARAM[info],35)">Conditional</animation>
        <animation effect="fade" start="100" end="36" condition="Integer.IsEqual($PARAM[info],36)">Conditional</animation>
        <animation effect="fade" start="100" end="37" condition="Integer.IsEqual($PARAM[info],37)">Conditional</animation>
        <animation effect="fade" start="100" end="38" condition="Integer.IsEqual($PARAM[info],38)">Conditional</animation>
        <animation effect="fade" start="100" end="39" condition="Integer.IsEqual($PARAM[info],39)">Conditional</animation>
        <animation effect="fade" start="100" end="40" condition="Integer.IsEqual($PARAM[info],40)">Conditional</animation>
        <animation effect="fade" start="100" end="41" condition="Integer.IsEqual($PARAM[info],41)">Conditional</animation>
        <animation effect="fade" start="100" end="42" condition="Integer.IsEqual($PARAM[info],42)">Conditional</animation>
        <animation effect="fade" start="100" end="43" condition="Integer.IsEqual($PARAM[info],43)">Conditional</animation>
        <animation effect="fade" start="100" end="44" condition="Integer.IsEqual($PARAM[info],44)">Conditional</animation>
        <animation effect="fade" start="100" end="45" condition="Integer.IsEqual($PARAM[info],45)">Conditional</animation>
        <animation effect="fade" start="100" end="46" condition="Integer.IsEqual($PARAM[info],46)">Conditional</animation>
        <animation effect="fade" start="100" end="47" condition="Integer.IsEqual($PARAM[info],47)">Conditional</animation>
        <animation effect="fade" start="100" end="48" condition="Integer.IsEqual($PARAM[info],48)">Conditional</animation>
        <animation effect="fade" start="100" end="49" condition="Integer.IsEqual($PARAM[info],49)">Conditional</animation>
        <animation effect="fade" start="100" end="50" condition="Integer.IsEqual($PARAM[info],50)">Conditional</animation>
        <animation effect="fade" start="100" end="51" condition="Integer.IsEqual($PARAM[info],51)">Conditional</animation>
        <animation effect="fade" start="100" end="52" condition="Integer.IsEqual($PARAM[info],52)">Conditional</animation>
        <animation effect="fade" start="100" end="53" condition="Integer.IsEqual($PARAM[info],53)">Conditional</animation>
        <animation effect="fade" start="100" end="54" condition="Integer.IsEqual($PARAM[info],54)">Conditional</animation>
        <animation effect="fade" start="100" end="55" condition="Integer.IsEqual($PARAM[info],55)">Conditional</animation>
        <animation effect="fade" start="100" end="56" condition="Integer.IsEqual($PARAM[info],56)">Conditional</animation>
        <animation effect="fade" start="100" end="57" condition="Integer.IsEqual($PARAM[info],57)">Conditional</animation>
        <animation effect="fade" start="100" end="58" condition="Integer.IsEqual($PARAM[info],58)">Conditional</animation>
        <animation effect="fade" start="100" end="59" condition="Integer.IsEqual($PARAM[info],59)">Conditional</animation>
        <animation effect="fade" start="100" end="60" condition="Integer.IsEqual($PARAM[info],60)">Conditional</animation>
        <animation effect="fade" start="100" end="61" condition="Integer.IsEqual($PARAM[info],61)">Conditional</animation>
        <animation effect="fade" start="100" end="62" condition="Integer.IsEqual($PARAM[info],62)">Conditional</animation>
        <animation effect="fade" start="100" end="63" condition="Integer.IsEqual($PARAM[info],63)">Conditional</animation>
        <animation effect="fade" start="100" end="64" condition="Integer.IsEqual($PARAM[info],64)">Conditional</animation>
        <animation effect="fade" start="100" end="65" condition="Integer.IsEqual($PARAM[info],65)">Conditional</animation>
        <animation effect="fade" start="100" end="66" condition="Integer.IsEqual($PARAM[info],66)">Conditional</animation>
        <animation effect="fade" start="100" end="67" condition="Integer.IsEqual($PARAM[info],67)">Conditional</animation>
        <animation effect="fade" start="100" end="68" condition="Integer.IsEqual($PARAM[info],68)">Conditional</animation>
        <animation effect="fade" start="100" end="69" condition="Integer.IsEqual($PARAM[info],69)">Conditional</animation>
        <animation effect="fade" start="100" end="70" condition="Integer.IsEqual($PARAM[info],70)">Conditional</animation>
        <animation effect="fade" start="100" end="71" condition="Integer.IsEqual($PARAM[info],71)">Conditional</animation>
        <animation effect="fade" start="100" end="72" condition="Integer.IsEqual($PARAM[info],72)">Conditional</animation>
        <animation effect="fade" start="100" end="73" condition="Integer.IsEqual($PARAM[info],73)">Conditional</animation>
        <animation effect="fade" start="100" end="74" condition="Integer.IsEqual($PARAM[info],74)">Conditional</animation>
        <animation effect="fade" start="100" end="75" condition="Integer.IsEqual($PARAM[info],75)">Conditional</animation>
        <animation effect="fade" start="100" end="76" condition="Integer.IsEqual($PARAM[info],76)">Conditional</animation>
        <animation effect="fade" start="100" end="77" condition="Integer.IsEqual($PARAM[info],77)">Conditional</animation>
        <animation effect="fade" start="100" end="78" condition="Integer.IsEqual($PARAM[info],78)">Conditional</animation>
        <animation effect="fade" start="100" end="79" condition="Integer.IsEqual($PARAM[info],79)">Conditional</animation>
        <animation effect="fade" start="100" end="80" condition="Integer.IsEqual($PARAM[info],80)">Conditional</animation>
        <animation effect="fade" start="100" end="81" condition="Integer.IsEqual($PARAM[info],81)">Conditional</animation>
        <animation effect="fade" start="100" end="82" condition="Integer.IsEqual($PARAM[info],82)">Conditional</animation>
        <animation effect="fade" start="100" end="83" condition="Integer.IsEqual($PARAM[info],83)">Conditional</animation>
        <animation effect="fade" start="100" end="84" condition="Integer.IsEqual($PARAM[info],84)">Conditional</animation>
        <animation effect="fade" start="100" end="85" condition="Integer.IsEqual($PARAM[info],85)">Conditional</animation>
        <animation effect="fade" start="100" end="86" condition="Integer.IsEqual($PARAM[info],86)">Conditional</animation>
        <animation effect="fade" start="100" end="87" condition="Integer.IsEqual($PARAM[info],87)">Conditional</animation>
        <animation effect="fade" start="100" end="88" condition="Integer.IsEqual($PARAM[info],88)">Conditional</animation>
        <animation effect="fade" start="100" end="89" condition="Integer.IsEqual($PARAM[info],89)">Conditional</animation>
        <animation effect="fade" start="100" end="90" condition="Integer.IsEqual($PARAM[info],90)">Conditional</animation>
        <animation effect="fade" start="100" end="91" condition="Integer.IsEqual($PARAM[info],91)">Conditional</animation>
        <animation effect="fade" start="100" end="92" condition="Integer.IsEqual($PARAM[info],92)">Conditional</animation>
        <animation effect="fade" start="100" end="93" condition="Integer.IsEqual($PARAM[info],93)">Conditional</animation>
        <animation effect="fade" start="100" end="94" condition="Integer.IsEqual($PARAM[info],94)">Conditional</animation>
        <animation effect="fade" start="100" end="95" condition="Integer.IsEqual($PARAM[info],95)">Conditional</animation>
        <animation effect="fade" start="100" end="96" condition="Integer.IsEqual($PARAM[info],96)">Conditional</animation>
        <animation effect="fade" start="100" end="97" condition="Integer.IsEqual($PARAM[info],97)">Conditional</animation>
        <animation effect="fade" start="100" end="98" condition="Integer.IsEqual($PARAM[info],98)">Conditional</animation>
        <animation effect="fade" start="100" end="99" condition="Integer.IsEqual($PARAM[info],99)">Conditional</animation>
    </include>

    <include name="Defs_Progress_Colorfade">
        <include content="Defs_Progress_Colorfader">
            <param name="info">Control.GetLabel($PARAM[id])</param>
        </include>
    </include>

    <variable name="Defs_ScreensaverWidget_Target">
        <value condition="!String.IsEmpty(Skin.String(screensaver.arctic.mirage.target))">$INFO[Skin.String(screensaver.arctic.mirage.target)]</value>
        <value>videos</value>
    </variable>
    <variable name="Defs_ScreensaverWidget">
        <value condition="!String.IsEmpty(Skin.String(screensaver.arctic.mirage.path))">$INFO[Skin.String(screensaver.arctic.mirage.path)]</value>
        <value>special://skin/extras/playlists/RandomMovies.xsp</value>
    </variable>

    <include name="Defs_Search_Button">
        <include>Texture_Box_Highlight_Focus_H</include>
        <texturenofocus border="12" colordiffuse="main_fg_12">common/box.png</texturenofocus>
        <height>80</height>
        <textoffsetx>30</textoffsetx>
        <align>left</align>
        <font>font_main</font>
        <textcolor>main_fg_70</textcolor>
    </include>

    <include name="Defs_PauseAtEnd_Value">
        <pauseatend>$PARAM[time]</pauseatend>
    </include>

    <include name="Defs_PauseAtEnd">
        <include content="Defs_AutoScroll">
            <param name="include">Defs_PauseAtEnd_Value</param>
        </include>
    </include>

    <include name="Defs_TimePerImage_Value">
        <timeperimage>$PARAM[time]</timeperimage>
    </include>

    <include name="Defs_TimePerImage">
        <include content="Defs_AutoScroll">
            <param name="include">Defs_TimePerImage_Value</param>
        </include>
    </include>

    <include name="Defs_AutoSample_MultiImage">
        <onload condition="$PARAM[condition]">AlarmClock(ResampleMultiImage,RunScript(script.skinvariables,run_executebuiltin=special://skin/shortcuts/builtins/skinvariables-blurfallback.json,use_rules),$PARAM[alarm],silent,loop)</onload>
    </include>

    <include name="Defs_AutoSample_ExtraFanart">
        <onload condition="$PARAM[condition]">AlarmClock(ResampleExtraFanart,RunScript(script.skinvariables,run_executebuiltin=special://skin/shortcuts/builtins/skinvariables-blurextrafanart.json,use_rules),$PARAM[alarm],silent,loop)</onload>
    </include>

    <include name="Defs_AutoScroll_Value">
        <autoscroll time="$PARAM[time]">$PARAM[condition]</autoscroll>
    </include>

    <include name="Defs_AutoScroll">
        <param name="include">Defs_AutoScroll_Value</param>
        <definition>
            <include content="$PARAM[include]" condition="String.IsEqual(Skin.String(AutoScrollTime),5s)">
                <param name="time">5000</param>
                <param name="alarm">00:05</param>
                <param name="condition">$PARAM[condition]</param>
            </include>
            <include content="$PARAM[include]" condition="String.IsEqual(Skin.String(AutoScrollTime),8s)">
                <param name="time">8000</param>
                <param name="alarm">00:08</param>
                <param name="condition">$PARAM[condition]</param>
            </include>
            <include content="$PARAM[include]" condition="String.IsEqual(Skin.String(AutoScrollTime),10s)">
                <param name="time">10000</param>
                <param name="alarm">00:10</param>
                <param name="condition">$PARAM[condition]</param>
            </include>
            <include content="$PARAM[include]" condition="String.IsEqual(Skin.String(AutoScrollTime),12s) | String.IsEmpty(Skin.String(AutoScrollTime))">
                <param name="time">12000</param>
                <param name="alarm">00:12</param>
                <param name="condition">$PARAM[condition]</param>
            </include>
            <include content="$PARAM[include]" condition="String.IsEqual(Skin.String(AutoScrollTime),15s)">
                <param name="time">15000</param>
                <param name="alarm">00:15</param>
                <param name="condition">$PARAM[condition]</param>
            </include>
            <include content="$PARAM[include]" condition="String.IsEqual(Skin.String(AutoScrollTime),20s)">
                <param name="time">20000</param>
                <param name="alarm">00:20</param>
                <param name="condition">$PARAM[condition]</param>
            </include>
            <include content="$PARAM[include]" condition="String.IsEqual(Skin.String(AutoScrollTime),30s)">
                <param name="time">30000</param>
                <param name="alarm">00:30</param>
                <param name="condition">$PARAM[condition]</param>
            </include>
            <include content="$PARAM[include]" condition="String.IsEqual(Skin.String(AutoScrollTime),60s)">
                <param name="time">60000</param>
                <param name="alarm">01:00</param>
                <param name="condition">$PARAM[condition]</param>
            </include>
            <include content="$PARAM[include]" condition="String.IsEqual(Skin.String(AutoScrollTime),10m)">
                <param name="time">600000</param>
                <param name="alarm">10:00</param>
                <param name="condition">$PARAM[condition]</param>
            </include>
        </definition>
    </include>

    <include name="Defs_TMDbHelper_Loader">
        <definition>
            <include content="Object_Hidden_List">
                <param name="id">99950</param>
            </include>
            <include content="Object_Hidden_List" condition="!String.IsEmpty(Skin.String(Background.MultiImage))">
                <param name="id">99972</param>
                <content sortby="random">$INFO[Skin.String(Background.MultiImage)]</content>
                <include content="Defs_AutoScroll">
                    <param name="condition">true</param>
                </include>
            </include>
            <include content="Object_Control" condition="Skin.HasSetting(Background.ExtraFanart)">
                <param name="control">fadelabel</param>
                <param name="id">99973</param>
                <description>Randomizer for plugin-free multiple fanart</description>
                <font>font_tiny</font>
                <height>1</height>
                <width>1</width>
                <top>-1000</top>

                <info>ListItem.Art(fanart1)</info>
                <info>ListItem.Art(fanart2)</info>
                <info>ListItem.Art(fanart3)</info>
                <info>ListItem.Art(fanart4)</info>
                <info>ListItem.Art(fanart5)</info>
                <info>ListItem.Art(fanart6)</info>
                <info>ListItem.Art(fanart7)</info>
                <info>ListItem.Art(fanart8)</info>
                <info>ListItem.Art(fanart9)</info>
                <info>ListItem.Art(fanart)</info>
                <info>ListItem.Art(tvshow.fanart1)</info>
                <info>ListItem.Art(tvshow.fanart2)</info>
                <info>ListItem.Art(tvshow.fanart3)</info>
                <info>ListItem.Art(tvshow.fanart4)</info>
                <info>ListItem.Art(tvshow.fanart5)</info>
                <info>ListItem.Art(tvshow.fanart6)</info>
                <info>ListItem.Art(tvshow.fanart7)</info>
                <info>ListItem.Art(tvshow.fanart8)</info>
                <info>ListItem.Art(tvshow.fanart9)</info>
                <info>ListItem.Art(tvshow.fanart)</info>

                <randomize>true</randomize>
                <include condition="!Skin.HasSetting(TMDbHelper.EnableBlur) | Skin.String(Background.ArtworkStyle,Fanart)">Defs_PauseAtEnd</include>
                <include condition="Skin.HasSetting(TMDbHelper.EnableBlur) + !Skin.String(Background.ArtworkStyle,Fanart)" content="Defs_PauseAtEnd_Value">
                    <param name="time">4000</param>
                </include>
                <scroll>false</scroll>
                <scrollout>false</scrollout>
                <resetonlabelchange>true</resetonlabelchange>
            </include>
        </definition>
    </include>

    <variable name="Def_PlotDetails_Fallback">
        <value condition="$EXP[Exp_IsWindow_Music] | Window.IsVisible(1103)">$LOCALIZE[31156] $LOCALIZE[31157]</value>
        <value condition="!String.IsEmpty(Window(Home).Property(TMDbHelper.TraktStats.Movies.Watched)) + !String.IsEmpty(Window(Home).Property(TMDbHelper.TraktStats.Shows.Watched))">$LOCALIZE[31147] $LOCALIZE[31146]</value>
        <value condition="!String.IsEmpty(Window(Home).Property(TMDbHelper.TraktStats.Total.Minutes))">$LOCALIZE[31144] $LOCALIZE[31146]</value>
        <value condition="$EXP[Exp_IsWindow_TVShows]">$LOCALIZE[31172]</value>
        <value condition="$EXP[Exp_IsWindow_Movies]">$LOCALIZE[31175]</value>
        <value>$LOCALIZE[31176]</value>
    </variable>

    <variable name="Defs_BrowseLimitedLists">
        <value condition="Skin.HasSetting(Widgets.DisableShowMore)">never</value>
        <value>auto</value>
    </variable>

    <include name="Defs_Label_AudioChannels">
        <font>font_videocodec_bold</font>
        <align>center</align>
        <height>16</height>
        <width>64</width>
        <left>20</left>
        <top>0</top>
    </include>

    <include name="Defs_Label_FooterItem">
        <centertop>50%</centertop>
        <width>auto</width>
        <aligny>top</aligny>
        <height>40</height>
        <textcolor>main_fg_90</textcolor>
        <font>font_mini</font>
        <textoffsetx>0</textoffsetx>
    </include>

    <include name="Defs_Label_Viewline">
        <aligny>center</aligny>
        <textcolor>main_fg_90</textcolor>
        <font>font_main_black</font>
        <width>auto</width>
        <height>35</height>
    </include>

    <include name="Defs_OSD_Button">
        <param name="autoclose">true</param>
        <param name="back_colordiffuse">00ffffff</param>
        <definition>
            <height>80</height>
            <width>80</width>
            <include>Texture_Circle_Highlight_Focus_V</include>
            <texturenofocus colordiffuse="$PARAM[back_colordiffuse]">common/circle.png</texturenofocus>
            <include condition="$PARAM[autoclose]">Action_OSD_Button_OnFocus</include>
            <textcolor>panel_fg_70</textcolor>
            <focusedcolor>$VAR[ColorSelected]</focusedcolor>
            <font>font_hint</font>
            <align>center</align>
            <aligny>top</aligny>
            <textoffsety>45</textoffsety>
            <textoffsetx>0</textoffsetx>
        </definition>
    </include>


</includes>
