<?xml version="1.0" encoding="UTF-8"?>
<includes>

    <include name="DialogInfo_Main_Group">
    </include>

    <include name="DialogInfo_Body_Group">
        <include>Dimension_Info</include>
        <include>Animation_Transition_InfoPanel_Open</include>
    </include>

    <include name="DialogInfo_InfoDetails_Group">
        <top>390</top>
        <left>-200</left>
        <right>-80</right>
        <include content="Animation_Fade_In">
            <param name="type">WindowOpen</param>
        </include>
        <visible>![Window.IsActive(1120) | Window.IsActive(1121) | Window.IsActive(1122) | Window.IsActive(1123)]</visible>
    </include>

    <include name="DialogInfo_InfoPanel_Group">
        <visible>!String.IsEqual(Window.Property(DetailsView),Artwork)</visible>
        <include content="Animation_Fade_In">
            <param name="type">Visible</param>
            <param name="delay">400</param>
        </include>
        <include content="Info_Panel">
            <param name="titlelabel">$VAR[Label_Title]</param>
            <param name="plotlabel">$VAR[Label_Plot]</param>
        </include>
        <include content="Info_Viewline">
            <param name="label">$VAR[Label_Info_ViewLine_Sub]</param>
            <top>320</top>
            <left>0</left>
        </include>
    </include>

    <include name="DialogInfo_Furniture">
        <control type="group">
            <include>Furniture_Top</include>
        </control>
        <control type="group">
            <include condition="!$EXP[Exp_Footer_BottomLeft_IsVisible]">Animation_FadeIn_Delay</include>
            <include>Furniture_Bottom_Left</include>
        </control>
        <control type="group">
            <visible>!Window.IsVisible(1122)</visible>
            <include>Furniture_Bottom_Right</include>
        </control>
    </include>

    <include name="DialogInfo_Onload">
        <onload>ClearProperty(TMDbHelper.WidgetContainer)</onload>
        <onload>AlarmClock(reclear,ClearProperty(TMDbHelper.WidgetContainer),00:00,silent)</onload>
        <onload>SetProperty(TMDbHelper.Blur.SourceImage,$INFO[Window(home).Property(TMDbHelper.Blur.SourceImage)])</onload>
        <onunload>Dialog.Close(1120)</onunload>
        <onunload>Dialog.Close(1121)</onunload>
        <onunload>ClearProperty(DetailsView,12003)</onunload>
        <onunload>ClearProperty(CropImage,Home)</onunload>
        <onunload>ClearProperty(BlurImage,Home)</onunload>
        <onunload>ClearProperty(BlurImage.Original,Home)</onunload>
        <onunload>ClearProperty(TMDbHelper.Image.Override,Home)</onunload>
        <onload>ClearProperty(CropImage,Home)</onload>
        <onload>ClearProperty(BlurImage,Home)</onload>
        <onload>ClearProperty(BlurImage.Original,Home)</onload>
        <onload>ClearProperty(TMDbHelper.Image.Override,Home)</onload>
        <onload>ClearProperty(ReviewsActive)</onload>
    </include>

    <include name="DialogInfo_List_Movement">
        <param name="onright_condition">true</param>
        <param name="onup_condition">true</param>
        <param name="ondown_condition">true</param>
        <param name="onleft_condition">true</param>
        <definition>
            <onright condition="$PARAM[onright_condition]">SetFocus($PARAM[id],0,absolute)</onright>
            <onright condition="$PARAM[onright_condition]">4000</onright>
            <onleft condition="$PARAM[onleft_condition]">SetFocus($PARAM[id],0,absolute)</onleft>
            <onleft condition="$PARAM[onleft_condition]">4000</onleft>
            <onback>SetFocus($PARAM[id],0,absolute)</onback>
            <onback>4000</onback>
            <onup condition="$PARAM[onup_condition]">SetFocus($PARAM[id],0,absolute)</onup>
            <onup condition="$PARAM[onup_condition]">4000</onup>
            <ondown condition="$PARAM[ondown_condition]">SetFocus($PARAM[id],0,absolute)</ondown>
            <ondown condition="$PARAM[ondown_condition]">4000</ondown>
        </definition>
    </include>

    <include name="DialogInfo_MusicInfo">
        <include content="DialogInfo_MusicDetails">
            <visible>String.IsEmpty(Window.Property(DetailsView))</visible>
        </include>
        <control type="group">
            <visible>String.IsEqual(Window.Property(DetailsView),Songs)</visible>
            <include content="List_Button_Row" condition="String.IsEqual(ListItem.DBType,album)">
                <param name="id">50</param>
                <param name="orientation">horizontal</param>
                <param name="offset_x">40</param>
                <param name="offset_y">0</param>
                <param name="item_h">80</param>
                <param name="itemlayout_h">80</param>
                <param name="item_w">view_listwall_itemlayout_w</param>
                <param name="itemlayout_w">view_listwall_itemlayout_w</param>
                <param name="itemlayout_include">Layout_MediaList</param>
                <param name="control">panel</param>
                <param name="detailed">true</param>
                <top>-15</top>
                <bottom>-15</bottom>
                <preloaditems>0</preloaditems>
                <left>140</left>
                <include content="DialogInfo_List_Movement">
                    <param name="id">50</param>
                </include>
            </include>
            <include content="List_Button_Row" condition="String.IsEqual(ListItem.DBType,artist) | String.IsEqual(ListItem.DBType,song)">
                <param name="id">5050</param>
                <param name="orientation">horizontal</param>
                <param name="offset_x">40</param>
                <param name="offset_y">0</param>
                <param name="item_h">80</param>
                <param name="itemlayout_h">80</param>
                <param name="item_w">view_listwall_itemlayout_w</param>
                <param name="itemlayout_w">view_listwall_itemlayout_w</param>
                <param name="itemlayout_include">Layout_MediaList</param>
                <param name="control">panel</param>
                <param name="detailed">true</param>
                <top>-15</top>
                <bottom>-15</bottom>
                <preloaditems>0</preloaditems>
                <left>140</left>
                <include content="DialogInfo_List_Movement">
                    <param name="id">5050</param>
                </include>
                <include content="Object_ContentDynamic" condition="String.IsEqual(ListItem.DBType,artist)">
                    <param name="target">music</param>
                    <param name="sortby">playcount</param>
                    <param name="sortorder">descending</param>
                    <param name="content">$INFO[Window.Property(Encoded.ListItem.Artist),musicdb://songs/?xsp=%7B%22order%22%3A%7B%22direction%22%3A%22ascending%22%2C%22ignorefolders%22%3A0%2C%22method%22%3A%22sorttitle%22%7D%2C%22rules%22%3A%7B%22and%22%3A%5B%7B%22field%22%3A%22artist%22%2C%22operator%22%3A%22is%22%2C%22value%22%3A%5B%22,%22%5D%7D%5D%7D%2C%22type%22%3A%22songs%22%7D]</param>
                </include>
                <include content="Object_ContentDynamic" condition="String.IsEqual(ListItem.DBType,song)">
                    <param name="target">music</param>
                    <param name="sortby">track</param>
                    <param name="sortorder">ascending</param>
                    <param name="content">$INFO[Window.Property(Encoded.ListItem.Album),musicdb://songs/?xsp=%7B%22order%22%3A%7B%22direction%22%3A%22ascending%22%2C%22ignorefolders%22%3A0%2C%22method%22%3A%22sorttitle%22%7D%2C%22rules%22%3A%7B%22and%22%3A%5B%7B%22field%22%3A%22album%22%2C%22operator%22%3A%22is%22%2C%22value%22%3A%5B%22,%22%5D%7D%5D%7D%2C%22type%22%3A%22songs%22%7D]</param>
                </include>
            </include>
        </control>
        <include content="List_Landscape_Row">
            <param name="id">5002</param>
            <height>divider_bottom</height>

            <bottom>-160</bottom>
            <include content="DialogInfo_List_Movement">
                <param name="id">5002</param>
            </include>

            <include content="Animation_ConditionalFade">
                <param name="condition">Container(5002).IsUpdating</param>
            </include>

            <include content="Action_PlayTrailer_OnClick">
                <param name="trailer">Container(5002).ListItem.FileNameAndPath</param>
                <param name="trailer_fallback" />
            </include>

            <content target="videos">$VAR[Path_Youtube_Query,plugin://plugin.video.youtube/kodion/search/query/?q=,&amp;search_type=notvalid]</content>
            <visible>String.IsEqual(Window.Property(DetailsView),Trailer)</visible>
        </include>
        <include content="List_Square_Row">
            <param name="id">5008</param>
            <height>divider_bottom</height>

            <bottom>-160</bottom>
            
            <include content="DialogInfo_List_Movement">
                <param name="id">5008</param>
            </include>

            <include content="Animation_ConditionalFade">
                <param name="condition">Container(5008).IsUpdating</param>
            </include>

            <onclick condition="!System.AddonIsEnabled(script.playalbum) + System.HasAddon(script.playalbum)">EnableAddon(script.playalbum)</onclick>
            <onclick condition="!System.HasAddon(script.playalbum)">InstallAddon(script.playalbum)</onclick>

            <!-- Album / Song Play -->
            <onclick condition="System.AddonIsEnabled(script.playalbum) + String.IsEmpty(Container(5008).ListItem.DBID) + !String.IsEqual(Container(5008).ListItem.DBType,artist)">PlayMedia($ESCINFO[Container(5008).ListItem.FilenameAndPath])</onclick>
            <onclick condition="System.AddonIsEnabled(script.playalbum) + String.IsEqual(Container(5008).ListItem.DBType,album)">RunScript(script.playalbum,albumid=$INFO[Container(5008).ListItem.DBID])</onclick>
            <onclick condition="System.AddonIsEnabled(script.playalbum) + String.IsEqual(Container(5008).ListItem.DBType,song)">RunScript(script.playalbum,songid=$INFO[Container(5008).ListItem.DBID])</onclick>

            <!-- <onclick>Dialog.Close(musicinformation,force)</onclick>
            <onclick condition="Window.IsVisible(MyMusicNav.xml)">Container.Update($INFO[Container(5008).ListItem.FolderPath])</onclick>
            <onclick condition="!Window.IsVisible(MyMusicNav.xml)">ActivateWindow(music,$INFO[Container(5008).ListItem.FolderPath],return)</onclick> -->

            <content target="music">musicdb://albums/?xsp={"rules":{"and":[{"field":"artist","operator":"contains","value":["$INFO[Window.Property(Encoded.ListItem.Artist)]"]}]},"type":"albums"}</content>
            <visible>String.IsEqual(Window.Property(DetailsView),Albums)</visible>
        </include>

        <control type="group">
            <right>40</right>
            <bottom>-40</bottom>
            <height>view_poster_itemlayout_h</height>
            <visible>String.IsEqual(Window.Property(DetailsView),Critics) | String.IsEmpty(Window.Property(DetailsView))</visible>
            <control type="group">
                <right>0</right>
                <height>view_poster_itemlayout_h</height>
                <width>view_board_itemlayout_w</width>
                <include content="Layout_Poster">
                    <param name="icon">$VAR[Image_DialogInfo_Landscape]</param>
                    <param name="diffuse">diffuse/landscape_w520_h294.png</param>
                    <param name="indicator">true</param>
                    <param name="item_w">view_board_item_w</param>
                    <param name="item_h">view_poster_item_h</param>
                </include>
            </control>
            <control type="group">
                <right>view_board_itemlayout_w</right>
                <height>view_poster_itemlayout_h</height>
                <width>view_poster_itemlayout_h</width>
                <include content="Layout_Poster">
                    <param name="icon">$INFO[ListItem.Icon]</param>
                    <param name="indicator">false</param>
                    <param name="item_w">view_poster_item_h</param>
                    <param name="item_h">view_poster_item_h</param>
                </include>
            </control>
        </control>

        <include content="Widget_Busy">
            <param name="label">$INFO[Window.Property(DetailsView)]</param>
            <param name="visible">[String.IsEqual(Window.Property(DetailsView),Trailer) + Container(5002).IsUpdating] | [String.IsEqual(Window.Property(DetailsView),Albums) + Container(5008).IsUpdating]</param>
            <top>-90</top>
            <left>200</left>
        </include>
    </include>

    <include name="DialogInfo_VideoInfo_CastSpotlight">
        <param name="icon">$INFO[Container(5003).ListItem.Icon]</param>
        <param name="plot">$VAR[Label_VideoInfo_CastBio]</param>
        <param name="label">$INFO[Container(5003).ListItem.Label]</param>
        <param name="label2">$VAR[Label_VideoInfo_CastAge,   ,]</param>
        <definition>
            <right>80</right>
            <height>320</height>
            <control type="group">
                <height>294</height>
                <bottom>0</bottom>
                <right>240</right>
                <left>920</left>
                <include content="Dialog_Background_Blur">
                    <animation effect="fade" end="90" condition="true">Conditional</animation>
                    <param name="diffuse">diffuse/card_w800_h294.png</param>
                </include>
                <control type="image">
                    <texture colordiffuse="panel_fg_12" border="20">common/dialog.png</texture>
                </control>

                <control type="grouplist">
                    <top>20</top>
                    <left>40</left>
                    <right>40</right>
                    <bottom>20</bottom>
                    <orientation>vertical</orientation>
                    <control type="grouplist">
                        <orientation>horizontal</orientation>
                        <height>40</height>
                        <control type="label">
                            <font>font_main_bold</font>
                            <textcolor>dialog_fg_90</textcolor>
                            <label>$PARAM[label]</label>
                            <height>40</height>
                            <aligny>center</aligny>
                            <top>0</top>
                            <width>auto</width>
                        </control>
                        <control type="label">
                            <font>font_mini</font>
                            <textcolor>dialog_fg_90</textcolor>
                            <label>$PARAM[label2]</label>
                            <height>40</height>
                            <aligny>center</aligny>
                            <top>3</top>
                        </control>
                    </control>
                    <control type="textbox">
                        <top>10</top>
                        <font>font_main_plot</font>
                        <textcolor>dialog_fg_90</textcolor>
                        <label>$PARAM[plot]</label>
                        <height>200</height>
                    </control>
                </control>
            </control>
            <control type="group">
                <width>200</width>
                <height>294</height>
                <bottom>0</bottom>
                <right>0</right>
                <include>Object_ItemBack</include>
                <control type="image">
                    <aspectratio scalediffuse="false">scale</aspectratio>
                    <texture background="true" diffuse="diffuse/poster_w200_h294.png">$PARAM[icon]</texture>
                </control>
            </control>
        </definition>
    </include>

    <include name="DialogInfo_VideoInfo">
        <include content="DialogInfo_VideoDetails">
            <param name="visible">String.IsEmpty(Window.Property(DetailsView))</param>
        </include>

        <include content="List_Landscape_Row">
            <param name="id">5002</param>
            <height>divider_bottom</height>

            <bottom>-160</bottom>
            <include content="DialogInfo_List_Movement">
                <param name="id">5002</param>
            </include>

            <include content="Action_PlayTrailer_OnClick">
                <param name="trailer">Container(5002).ListItem.FileNameAndPath</param>
                <param name="trailer_fallback" />
            </include>

            <content target="videos">$VAR[Path_VideoInfo_Generic,,&amp;info=videos]</content>
            <visible>String.IsEqual(Window.Property(DetailsView),Trailer)</visible>
            <animation effect="fade" start="100" end="0" condition="Container(5002).IsUpdating">Conditional</animation>
        </include>

        <include content="Object_Control" condition="!Skin.HasSetting(Info.UseLocalCast)">
            <param name="control">group</param>
            <include content="Animation_ConditionalFade">
                <param name="condition">Container(5003).IsUpdating</param>
            </include>
            <visible>String.IsEqual(Window.Property(DetailsView),Cast)</visible>

            <include content="Object_Hidden_List">
                <param name="id">5203</param>
                <content sortby="year" sortorder="descending">$INFO[Container(5003).ListItem.Property(TMDb_ID),plugin://plugin.video.themoviedb.helper/?info=details&amp;tmdb_type=person&amp;tmdb_id=,]</content>
            </include>
            <control type="group">
                <include>DialogInfo_VideoInfo_CastSpotlight</include>
                <include>Animation_Right</include>
                <visible>Control.HasFocus(5003) | Control.HasFocus(5103) | Control.HasFocus(5303)</visible>
                <top>-390</top>
            </control>

            <control type="group">
                <top>-40</top>
                <height>345</height>
                <left>120</left>
                <right>80</right>

                <include content="List_Button_Row">
                    <param name="id">5003</param>
                    <param name="orientation">vertical</param>
                    <param name="offset_x">60</param>
                    <param name="offset_y">25</param>
                    <param name="item_h">80</param>
                    <param name="itemlayout_h">80</param>
                    <param name="item_w">400</param>
                    <param name="itemlayout_w">420</param>
                    <param name="itemlayout_include">Layout_InfoDialog_Simple</param>
                    <param name="control">fixedlist</param>
                    <preloaditems>0</preloaditems>
                    <focusposition>1</focusposition>
                    <movement>1</movement>
                    <!-- <onclick>runscript(script.wikipedia,wikipedia=$INFO[Container(5003).ListItem.Label],tmdb_type=person)</onclick> -->
                    <onclick>SetProperty(Item_Title,$INFO[Container(5003).ListItem.Label],1122)</onclick>
                    <onclick>SetProperty(Item_Query,$INFO[Container(5003).ListItem.Property(TMDb_ID),&amp;tmdb_id=,],1122)</onclick>
                    <onclick>SetProperty(Item_Icon,$INFO[Container(5003).ListItem.Icon],1122)</onclick>
                    <onclick>SetProperty(Item_Plot,$VAR[Label_VideoInfo_CastBio_Prop],1122)</onclick>
                    <onclick>SetProperty(Item_Label,$INFO[Container(5003).ListItem.Label],1122)</onclick>
                    <onclick>SetProperty(Item_Label2,$VAR[Label_VideoInfo_CastAge],1122)</onclick>


                    <onclick>SetProperty(CustomDialogSettingsTitle,$INFO[Container(5003).ListItem.Label],Home)</onclick>
                    <onclick>SetProperty(CustomDialogSettingsItems,Items_Settings_DialogInfo_ActorChoice,Home)</onclick>
                    <onclick>ActivateWindow(1118)</onclick>
                    <!-- <onclick>ActivateWindow(1122)</onclick> -->
                    <include content="DialogInfo_List_Movement">
                        <param name="id">5003</param>
                        <param name="onright_condition">false</param>
                        <param name="onup_condition">false</param>
                        <param name="ondown_condition">false</param>
                    </include>
                    <onright condition="![Integer.IsEqual(Container(5103).NumItems,0) | Container(5103).IsUpdating]">SetFocus(5303)</onright>
                    <content target="videos">$VAR[Path_VideoInfo_Generic,,&amp;info=cast&amp;aggregate=true]</content>
                    <include content="Animation_ConditionalFade">
                        <param name="condition">!Control.HasFocus(5003) + !Control.HasFocus(5303)</param>
                    </include>
                </include>
                <control type="group">
                    <left>60</left>
                    <right>-60</right>
                    <top>25</top>
                    <bottom>-25</bottom>
                    <visible>Control.IsVisible(5003) + !Control.HasFocus(5003) + !Control.HasFocus(5103) + !Control.HasFocus(5303)</visible>
                    <include content="ObjectWall_FixedList">
                        <param name="container">Container(5003).</param>
                        <param name="listitem">ListItemAbsolute</param>
                    </include>
                </control>

                <control type="group">
                    <visible>Control.HasFocus(5003) | Control.HasFocus(5103) | Control.HasFocus(5303)</visible>

                    <left>420</left>

                    <control type="group">
                        <visible>!Container(5103).IsUpdating</visible>
                        <height>scrollbar_w</height>
                        <centerbottom>-25</centerbottom>
                        <left>80</left>
                        <control type="image">
                            <height>1</height>
                            <centertop>50%</centertop>
                            <texture colordiffuse="main_fg_12">common/white.png</texture>
                        </control>
                        <control type="scrollbar" id="5303">
                            <orientation>horizontal</orientation>
                            <onleft>5003</onleft>
                            <texturesliderbar colordiffuse="main_logo" border="4">scrollbar/scrollv.png</texturesliderbar>
                        </control>
                    </control>

                    <include content="List_Button_Row">
                        <param name="id">5103</param>
                        <param name="orientation">horizontal</param>
                        <param name="offset_x">60</param>
                        <param name="offset_y">25</param>
                        <param name="item_h">80</param>
                        <param name="itemlayout_h">80</param>
                        <param name="item_w">400</param>
                        <param name="itemlayout_w">420</param>
                        <param name="itemlayout_include">Layout_InfoDialog_Simple</param>
                        <param name="control">panel</param>
                        <preloaditems>0</preloaditems>
                        <pagecontrol>5303</pagecontrol>
                        <onleft>SetFocus(5103,0,absolute)</onleft>
                        <onleft>5003</onleft>
                        <onright>SetFocus(5103,0,absolute)</onright>
                        <onright>5003</onright>
                        <content sortby="year" sortorder="descending">$INFO[Container(5003).ListItem.Property(TMDb_ID),plugin://plugin.video.themoviedb.helper/?info=credits_in_both&amp;tmdb_type=person&amp;tmdb_id=,]$VAR[Path_Param_Widget]</content>
                        <include content="Animation_ConditionalFade">
                            <param name="condition">Container(5103).IsUpdating</param>
                        </include>
                    </include>

                    <include content="Widget_Busy">
                        <param name="label">$LOCALIZE[19032]</param>
                        <param name="visible">Container(5103).IsUpdating</param>
                        <top>-50</top>
                        <left>80</left>
                    </include>
                </control>
            </control>

        </include>
        <include content="Object_Control" condition="Skin.HasSetting(Info.UseLocalCast)">
            <param name="control">group</param>

            <visible>String.IsEqual(Window.Property(DetailsView),Cast)</visible>
            <include content="Animation_ConditionalFade">
                <param name="condition">Container(50).IsUpdating</param>
            </include>
            <include content="Object_Hidden_List">
                <param name="id">5203</param>
                <content sortby="year" sortorder="descending">$INFO[Container(50).ListItem.Label,plugin://plugin.video.themoviedb.helper/?info=details&amp;tmdb_type=person&amp;query=,]</content>
            </include>

            <control type="group">
                <include content="DialogInfo_VideoInfo_CastSpotlight">
                    <param name="icon">$INFO[Container(50).ListItem.Icon]</param>
                    <param name="label">$INFO[Container(50).ListItem.Label]</param>
                </include>
                <include>Animation_Right</include>
                <visible>Control.HasFocus(50)</visible>
                <top>-390</top>
            </control>

            <include content="List_Poster_Row">
                <param name="id">50</param>
                <param name="detailed">true</param>
                <height>divider_bottom</height>

                <bottom>-160</bottom>
                <include content="DialogInfo_List_Movement">
                    <param name="id">50</param>
                    <param name="ondown_condition">false</param>
                    <param name="onup_condition">false</param>
                </include>

                <onup>SetProperty(Item_Title,$INFO[Container(50).ListItem.Label],1122)</onup>
                <onup>SetProperty(Item_Query,$INFO[Container(50).ListItem.Label,&amp;query=,],1122)</onup>
                <onup>SetProperty(Item_Icon,$INFO[Container(50).ListItem.Icon],1122)</onup>
                <onup>SetProperty(Item_Plot,$VAR[Label_VideoInfo_CastBio_Prop],1122)</onup>
                <onup>SetProperty(Item_Label,$INFO[Container(50).ListItem.Label],1122)</onup>
                <onup>SetProperty(Item_Label2,$VAR[Label_VideoInfo_CastAge],1122)</onup>
                <onup>SetProperty(CustomDialogSettingsTitle,$INFO[Container(50).ListItem.Label],Home)</onup>
                <onup>SetProperty(CustomDialogSettingsItems,Items_Settings_DialogInfo_ActorChoice,Home)</onup>
                <onup>ActivateWindow(1118)</onup>

                <ondown>SetProperty(Item_Title,$INFO[Container(50).ListItem.Label],1122)</ondown>
                <ondown>SetProperty(Item_Query,$INFO[Container(50).ListItem.Label,&amp;query=,],1122)</ondown>
                <ondown>SetProperty(Item_Icon,$INFO[Container(50).ListItem.Icon],1122)</ondown>
                <ondown>SetProperty(Item_Plot,$VAR[Label_VideoInfo_CastBio_Prop],1122)</ondown>
                <ondown>SetProperty(Item_Label,$INFO[Container(50).ListItem.Label],1122)</ondown>
                <ondown>SetProperty(Item_Label2,$VAR[Label_VideoInfo_CastAge],1122)</ondown>
                <ondown>ActivateWindow(1122)</ondown>
            </include>
        </include>

        <include content="List_Reviews_Row">
            <param name="id">5004</param>
            <height>divider_bottom</height>

            <bottom>-160</bottom>
            <include content="DialogInfo_List_Movement">
                <param name="id">5004</param>
            </include>
            <onclick>SetFocus(61)</onclick>


            <content>
                <item>
                    <label>$LOCALIZE[31024]</label>
                    <property name="sublabel">$INFO[Container(99950).ListItem.Property(Awards)]</property>
                    <property name="plotlabel">$INFO[Container(99950).ListItem.Property(rottentomatoes_consensus),, ]$INFO[Container(99950).ListItem.Property(rottentomatoes_reviewsfresh),$LOCALIZE[31054] , ]$INFO[Container(99950).ListItem.Property(rottentomatoes_reviewstotal),$LOCALIZE[31055] , $LOCALIZE[31056] ]$INFO[Container(99950).ListItem.Property(Awards),, ]$INFO[Container(99950).ListItem.Property(Total_Awards_Won),[CR][CR][B]$LOCALIZE[31286] , $LOCALIZE[31064][/B][CR]]$INFO[Container(99950).ListItem.Property(Awards_Won_CR)]$INFO[Container(99950).ListItem.Property(Total_Awards_Nominated),[CR][CR][B]$LOCALIZE[31287] , $LOCALIZE[31064][/B][CR]]$INFO[Container(99950).ListItem.Property(Awards_Nominated_CR)]</property>
                    <visible>!String.IsEmpty(Container(99950).ListItem.Property(Awards)) | !String.IsEmpty(Container(99950).ListItem.Property(rottentomatoes_consensus))</visible>
                </item>
            </content>

            <content>$VAR[Path_VideoInfo_Generic,,&amp;info=trakt_comments]</content>
            <visible>String.IsEqual(Window.Property(DetailsView),Reviews)</visible>
            <animation effect="fade" start="100" end="0" condition="Container(5004).IsUpdating">Conditional</animation>
            <onfocus>SetProperty(ReviewsActive,1)</onfocus>
        </include>

        <control type="group">
            <left>200</left>
            <right>880</right>
            <visible>String.IsEqual(Window.Property(DetailsView),Critics)</visible>

            <include content="Object_InfoCircle">
                <param name="icon">special://skin/extras/icons/trophy.png</param>
                <param name="role">$LOCALIZE[31064]</param>
                <param name="name">$INFO[Container(99950).ListItem.Property(Awards)]</param>
                <left>0</left>
                <top>-15</top>
            </include>
            <control type="textbox">
                <font>font_mini_plot</font>
                <textcolor>main_fg_70</textcolor>
                <label>$VAR[Label_Critics]</label>
                <aligny>top</aligny>
                <top>70</top>
                <autoscroll>false</autoscroll>
                <bottom>-5</bottom>
            </control>
        </control>

        <control type="group">
            <right>40</right>
            <bottom>-40</bottom>
            <height>view_poster_itemlayout_h</height>
            <visible>String.IsEqual(Window.Property(DetailsView),Critics) | String.IsEmpty(Window.Property(DetailsView))</visible>
            <control type="group">
                <right>0</right>
                <height>view_poster_itemlayout_h</height>
                <width>view_board_itemlayout_w</width>
                <include content="Layout_Poster">
                    <param name="icon">$VAR[Image_DialogInfo_Landscape]</param>
                    <param name="diffuse">diffuse/landscape_w520_h294.png</param>
                    <param name="indicator">true</param>
                    <param name="item_w">view_board_item_w</param>
                    <param name="item_h">view_poster_item_h</param>
                </include>
            </control>
            <control type="group">
                <right>view_board_itemlayout_w</right>
                <height>view_poster_itemlayout_h</height>
                <width>view_poster_itemlayout_w</width>
                <include content="Layout_Poster">
                    <param name="icon">$VAR[Image_DialogInfo_Poster]</param>
                    <param name="indicator">false</param>
                    <param name="item_w">view_poster_item_w</param>
                    <param name="item_h">view_poster_item_h</param>
                </include>
            </control>
        </control>


        <include content="Widget_Busy">
            <param name="label">$INFO[Window.Property(DetailsView)]</param>
            <param name="visible">[String.IsEqual(Window.Property(DetailsView),Trailer) + Container(5002).IsUpdating] | [String.IsEqual(Window.Property(DetailsView),Cast) + Container(5003).IsUpdating] | [String.IsEqual(Window.Property(DetailsView),Reviews) + Container(5004).IsUpdating]</param>
            <top>-90</top>
            <left>200</left>
        </include>
    </include>

    <include name="DialogInfo_ButtonGroup_Basic">
        <param name="id">4000</param>
        <param name="dim_visible">true</param>
        <definition>
            <include content="Home_Fade">
                <param name="visible">$PARAM[dim_visible]</param>
            </include>
            <control type="grouplist" id="$PARAM[id]">
                <top>250</top>
                <itemgap>0</itemgap>
                <orientation>vertical</orientation>
                <width>160</width>
                <left>view_list</left>
                <include>$PARAM[include]</include>
                <nested />
            </control>
        </definition>
    </include>

    <!-- Button Group for DialogInfo -->
    <include name="DialogInfo_ButtonGroup">
        <param name="search_visible">true</param>
        <param name="settings_visible">true</param>
        <definition>
            <control type="group">
                <include content="Home_Fade">
                    <param name="visible">true</param>
                </include>
                <control type="grouplist" id="4000">
                    <top>250</top>
                    <itemgap>0</itemgap>
                    <orientation>vertical</orientation>
                    <width>160</width>
                    <left>view_list</left>
                    <onback>Dialog.Close(movieinformation)</onback>
                    <onleft>61</onleft>

                    <include content="Action_VideoInfo_Main_OnRight" condition="Window.IsVisible(DialogVideoInfo.xml)">
                        <param name="condition">![String.IsEqual(Window.Property(DetailsView),Cast) | String.IsEqual(Window.Property(DetailsView),Reviews) | String.IsEqual(Window.Property(DetailsView),Trailer) | String.IsEqual(Window.Property(DetailsView),Critics)]</param>
                    </include>

                    <!-- Cast -->
                    <onright condition="[String.IsEqual(Window.Property(DetailsView),Cast) + !Integer.IsEqual(Container(5003).NumItems,0)]">SetFocus(5003,0,absolute)</onright>
                    <onright condition="[String.IsEqual(Window.Property(DetailsView),Cast) + !Integer.IsEqual(Container(50).NumItems,0)]">SetFocus(50,0,absolute)</onright>

                    <!-- Songs -->
                    <onright condition="[String.IsEqual(Window.Property(DetailsView),Songs) + !Integer.IsEqual(Container(5050).NumItems,0)]">SetFocus(5050,0,absolute)</onright>
                    <onright condition="[String.IsEqual(Window.Property(DetailsView),Songs) + !Integer.IsEqual(Container(50).NumItems,0)]">SetFocus(50,0,absolute)</onright>

                    <!-- Videos / Trailers / Extras -->
                    <onright condition="[String.IsEqual(Window.Property(DetailsView),Trailer) + !Integer.IsEqual(Container(5002).NumItems,0)]">SetFocus(5002,0,absolute)</onright>

                    <!-- Reviews -->
                    <onright condition="[String.IsEqual(Window.Property(DetailsView),Reviews) + !Integer.IsEqual(Container(5004).NumItems,0)]">SetFocus(5004,0,absolute)</onright>

                    <!-- Albums -->
                    <onright condition="[String.IsEqual(Window.Property(DetailsView),Albums) + !Integer.IsEqual(Container(5008).NumItems,0)]">SetFocus(5008,0,absolute)</onright>

                    <include>$PARAM[include]</include>
                </control>
                <nested />
            </control>
        </definition>
    </include>

    <include name="DialogInfo_Button_GroupBuiltin">
        <visible>Control.IsVisible($PARAM[id])</visible>
        <animation effect="fade" start="100" end="43" condition="!Control.IsEnabled($PARAM[id])">Conditional</animation>
    </include>

    <include name="DialogInfo_Button_RadioCross">
        <textureradiooffdisabled colordiffuse="$PARAM[color_disabled]">buttons/cross.png</textureradiooffdisabled>
        <textureradioofffocus colordiffuse="$VAR[ColorSelected]">buttons/cross.png</textureradioofffocus>
        <textureradiooffnofocus colordiffuse="$PARAM[color_nofocus]">buttons/cross.png</textureradiooffnofocus>
    </include>

    <include name="DialogInfo_Button_RadioRound">
        <textureradiooffdisabled colordiffuse="$PARAM[color_disabled]">buttons/check-off.png</textureradiooffdisabled>
        <textureradioofffocus colordiffuse="$VAR[ColorSelected]">buttons/check-off.png</textureradioofffocus>
        <textureradiooffnofocus colordiffuse="$PARAM[color_nofocus]">buttons/check-off.png</textureradiooffnofocus>
        <textureradioondisabled colordiffuse="$PARAM[color_disabled]">buttons/check-off.png</textureradioondisabled>
        <textureradioonfocus colordiffuse="$VAR[ColorSelected]">buttons/check-off.png</textureradioonfocus>
        <textureradioonnofocus colordiffuse="$PARAM[color_nofocus]">buttons/check-off.png</textureradioonnofocus>
    </include>

    <include name="DialogInfo_Button_RadioCheck">
        <textureradioondisabled colordiffuse="$PARAM[color_disabled]">buttons/check-on.png</textureradioondisabled>
        <textureradioonfocus colordiffuse="$VAR[ColorSelected]">buttons/check-on.png</textureradioonfocus>
        <textureradioonnofocus colordiffuse="$PARAM[color_nofocus]">buttons/check-on.png</textureradioonnofocus>
    </include>

    <include name="DialogInfo_Button">
        <param name="back_size">160</param>
        <param name="icon_size">40</param>
        <param name="bordersize">-4</param>
        <param name="itemgap">10</param>
        <param name="visible">true</param>
        <param name="vertical">true</param>
        <param name="textcolor">main_fg</param>
        <param name="nf_opacity">70</param>
        <param name="db_opacity">30</param>
        <param name="control">button</param>
        <param name="builtin">false</param>
        <param name="radioround">false</param>
        <param name="radiocross">false</param>
        <param name="radiocheck">true</param>
        <param name="zoom_in_delay">0</param>
        <param name="zoom_in_include">false</param>
        <definition>
            <control type="$PARAM[control]" id="$PARAM[id]">
                <include content="Object_Top" condition="$PARAM[vertical]">
                    <param name="top">$PARAM[itemgap]</param>
                </include>
                <include content="Object_Left" condition="!$PARAM[vertical]">
                    <param name="left">$PARAM[itemgap]</param>
                </include>

                <include content="Animation_DialogInfoButton_ZoomIn" condition="$PARAM[zoom_in_include]">
                    <param name="delay">$PARAM[zoom_in_delay]</param>
                </include>

                <height>$PARAM[back_size]</height>
                <width>$PARAM[back_size]</width>
                <include>Texture_CircleButtonDialog_Highlight_Focus_V</include>
                <texturenofocus />
                <visible>$PARAM[visible]</visible>
                <textcolor>$PARAM[textcolor]_$PARAM[nf_opacity]</textcolor>
                <selectedcolor>$PARAM[textcolor]_$PARAM[nf_opacity]</selectedcolor>
                <radiowidth>100</radiowidth>
                <radioheight>14</radioheight>
                <radioposy>56</radioposy>

                <include content="DialogInfo_Button_RadioCheck" condition="$PARAM[radiocheck]">
                    <param name="color_nofocus">$PARAM[textcolor]_$PARAM[nf_opacity]</param>
                    <param name="color_disabled">$PARAM[textcolor]_$PARAM[db_opacity]</param>
                </include>

                <include content="DialogInfo_Button_RadioCross" condition="$PARAM[radiocross]">
                    <param name="color_nofocus">$PARAM[textcolor]_$PARAM[nf_opacity]</param>
                    <param name="color_disabled">$PARAM[textcolor]_$PARAM[db_opacity]</param>
                </include>

                <include content="DialogInfo_Button_RadioRound" condition="$PARAM[radioround]">
                    <param name="color_nofocus">$PARAM[textcolor]_$PARAM[nf_opacity]</param>
                    <param name="color_disabled">$PARAM[textcolor]_$PARAM[db_opacity]</param>
                </include>

                <textureradioondisabled colordiffuse="00ffffff">buttons/check-on.png</textureradioondisabled>
                <textureradioonfocus colordiffuse="00ffffff">buttons/check-on.png</textureradioonfocus>
                <textureradioonnofocus colordiffuse="00ffffff">buttons/check-on.png</textureradioonnofocus>

                <textureradiooffdisabled colordiffuse="00ffffff">buttons/check-off.png</textureradiooffdisabled>
                <textureradioofffocus colordiffuse="00ffffff">buttons/check-off.png</textureradioofffocus>
                <textureradiooffnofocus colordiffuse="00ffffff">buttons/check-off.png</textureradiooffnofocus>

                <nested />
            </control>
            <control type="group" id="$PARAM[groupid]">

                <include content="Animation_DialogInfoButton_ZoomIn" condition="$PARAM[zoom_in_include]">
                    <param name="delay">$PARAM[zoom_in_delay]</param>
                </include>

                <include content="Object_Top" condition="$PARAM[vertical]">
                    <param name="top">-110</param>
                </include>
                <include content="Object_Left" condition="$PARAM[vertical]">
                    <param name="left">60</param>
                </include>

                <include content="Object_Top" condition="!$PARAM[vertical]">
                    <param name="top">50</param>
                </include>
                <include content="Object_Left" condition="!$PARAM[vertical]">
                    <param name="left">-100</param>
                </include>


                <width>$PARAM[icon_size]</width>
                <height>$PARAM[icon_size]</height>
                <visible>$PARAM[visible]</visible>

                <include content="DialogInfo_Button_GroupBuiltin" condition="$PARAM[builtin]">
                    <param name="id">$PARAM[id]</param>
                </include>

                <control type="image">
                    <texture colordiffuse="$PARAM[textcolor]_$PARAM[nf_opacity]">$PARAM[icon]</texture>
                    <aspectratio>keep</aspectratio>
                    <bordersize>icon_menu_bordersize</bordersize>
                    <bordersize>$PARAM[bordersize]</bordersize>
                    <visible>!Control.HasFocus($PARAM[id])</visible>
                </control>
                <control type="image">
                    <texture colordiffuse="$VAR[ColorSelected]">$PARAM[icon]</texture>
                    <aspectratio>keep</aspectratio>
                    <bordersize>icon_menu_bordersize</bordersize>
                    <bordersize>$PARAM[bordersize]</bordersize>
                    <visible>Control.HasFocus($PARAM[id])</visible>
                </control>
            </control>
        </definition>
    </include>

    <include name="DialogInfo_Button_HintLabel">
        <param name="textcolor">dialog_fg</param>
        <definition>
            <label>$PARAM[label]</label>
            <textcolor>$PARAM[textcolor]_90</textcolor>
            <focusedcolor>$VAR[ColorSelected]</focusedcolor>
            <font>font_hint</font>
            <align>center</align>
            <aligny>top</aligny>
            <textoffsetx>0</textoffsetx>
            <textoffsety>85</textoffsety>
        </definition>
    </include>

    <!-- Additional Video Info Details not included in info line such as Director and Genres -->
    <include name="DialogInfo_VideoDetails">

        <control type="group">
            <left>200</left>

            <visible>$PARAM[visible]</visible>

            <!-- Left Details -->
            <control type="grouplist">
                <left>-40</left>
                <top>-40</top>
                <orientation>vertical</orientation>
                <itemgap>0</itemgap>
                <height>350</height>
                <width>355</width>
                <control type="group">
                    <top>25</top>
                </control>
                <include content="Object_InfoCircle">
                    <param name="icon">special://skin/extras/icons/video-addons.png</param>
                    <param name="role">$LOCALIZE[20339]</param>
                    <param name="name">$VAR[Label_FromDirector]</param>
                    <include content="Object_InfoCircle_Image">
                        <param name="colordiffuse">white</param>
                        <param name="icon">$VAR[Image_DirectorIcon]</param>
                    </include>
                    <visible>!String.IsEmpty(Container(99950).ListItem.Director) | !String.IsEmpty(ListItem.Director)</visible>
                </include>

                <include content="Object_InfoCircle">
                    <param name="icon">special://skin/extras/icons/write.png</param>
                    <param name="role">$LOCALIZE[20417]</param>
                    <param name="name">$VAR[Label_FromWriter]</param>
                    <include content="Object_InfoCircle_Image">
                        <param name="colordiffuse">white</param>
                        <param name="icon">$VAR[Image_WriterIcon]</param>
                    </include>
                    <visible>!String.IsEmpty(Container(99950).ListItem.Writer) | !String.IsEmpty(ListItem.Writer)</visible>
                </include>

                <include content="Object_InfoCircle">
                    <param name="icon">special://skin/extras/icons/person.png</param>
                    <param name="role">$LOCALIZE[31065]</param>
                    <param name="name">$VAR[Label_Creator]</param>
                    <include content="Object_InfoCircle_Image">
                        <param name="colordiffuse">white</param>
                        <param name="icon">$VAR[Image_CreatorIcon]</param>
                    </include>
                    <visible>!String.IsEmpty(Container(99950).ListItem.Property(Creator)) | !String.IsEmpty(ListItem.Property(Creator))</visible>
                </include>

                <include content="Object_InfoCircle">
                    <param name="icon">special://skin/extras/icons/director.png</param>
                    <param name="role">$LOCALIZE[572]</param>
                    <param name="name">$VAR[Label_FromStudio]</param>
                    <visible>!String.IsEmpty(Container(99950).ListItem.Studio) | !String.IsEmpty(ListItem.Studio)</visible>
                </include>

                <include content="Object_InfoCircle">
                    <param name="icon">special://skin/extras/icons/cubes.png</param>
                    <param name="role">$LOCALIZE[31236]</param>
                    <param name="name">$INFO[Container(99950).ListItem.Property(Set.Name)]</param>
                    <include content="Object_InfoCircle_Image">
                        <param name="colordiffuse">white</param>
                        <param name="icon">$INFO[Container(99950).ListItem.Property(Set.Fanart)]</param>
                    </include>
                    <visible>!String.IsEmpty(Container(99950).ListItem.Property(Set.TMDb_ID))</visible>
                </include>

                <include content="Object_InfoCircle">
                    <param name="icon">special://skin/extras/icons/cubes.png</param>
                    <param name="role">$LOCALIZE[31159]</param>
                    <param name="name">$INFO[ListItem.VideoVersionName]</param>
                    <include content="Object_InfoCircle_Image">
                        <param name="colordiffuse">white</param>
                        <param name="icon">$INFO[ListItem.Art(poster)]</param>
                    </include>
                    <visible>!String.IsEmpty(ListItem.VideoVersionName)</visible>
                </include>

                <include content="Object_InfoCircle">
                    <param name="icon">special://skin/extras/icons/tv.png</param>
                    <param name="role">$LOCALIZE[20360]</param>
                    <param name="name">$LOCALIZE[20366]</param>
                    <visible>String.IsEqual(Container(99950).ListItem.DBType,tvshow) | String.IsEqual(ListItem.DBType,tvshow) | String.IsEqual(Container(99950).ListItem.DBType,season) | String.IsEqual(ListItem.DBType,season) | String.IsEqual(Container(99950).ListItem.DBType,episode) | String.IsEqual(ListItem.DBType,episode)</visible>
                </include>

            </control>


            <!-- Right Details -->
            <control type="grouplist">
                <left>300</left>
                <right>880</right>
                <top>-40</top>
                <orientation>vertical</orientation>
                <itemgap>0</itemgap>
                <height>350</height>
                <control type="group">
                    <top>25</top>
                </control>
                <include content="Object_InfoCircle">
                    <param name="icon">special://skin/extras/icons/genre.png</param>
                    <param name="role">$LOCALIZE[515]</param>
                    <param name="name">$VAR[Label_Genre]</param>
                    <visible>!String.IsEmpty(Container(99950).ListItem.Genre) | !String.IsEmpty(ListItem.Genre)</visible>
                </include>
                <include content="Object_InfoCircle">
                    <param name="icon">special://skin/extras/icons/coins.png</param>
                    <param name="role">$LOCALIZE[31264] / $LOCALIZE[31265]</param>
                    <param name="name">$INFO[Container(99950).ListItem.Property(Revenue),, $LOCALIZE[19159] ]$INFO[Container(99950).ListItem.Property(Budget)]</param>
                    <visible>!String.IsEmpty(Container(99950).ListItem.Property(Revenue)) | !String.IsEmpty(Container(99950).ListItem.Property(Budget))</visible>
                    <visible>!String.IsEqual(Container(99950).ListItem.Property(Budget),$0)</visible>
                </include>
                <include content="Object_InfoCircle">
                    <param name="icon">special://skin/extras/icons/trophy.png</param>
                    <param name="role">$LOCALIZE[31064]</param>
                    <param name="name">$INFO[Container(99950).ListItem.Property(Awards)]</param>
                    <visible>!String.IsEmpty(Container(99950).ListItem.Property(Awards))</visible>
                </include>
                <include content="Object_InfoCircle">
                    <param name="icon">special://skin/extras/icons/ticket.png</param>
                    <param name="role">$LOCALIZE[202]</param>
                    <param name="name">$VAR[Label_Tagline]</param>
                    <visible>!String.IsEmpty(Container(99950).ListItem.Tagline) | !String.IsEmpty(ListItem.Tagline)</visible>
                </include>
                <include content="Object_InfoCircle">
                    <param name="icon">special://skin/extras/icons/earth-americas.png</param>
                    <param name="role">$LOCALIZE[574]</param>
                    <param name="name">$VAR[Label_Country]</param>
                    <visible>!String.IsEmpty(Container(99950).ListItem.Country) | !String.IsEmpty(ListItem.Country)</visible>
                </include>
            </control>
        </control>
    </include>

    <include name="DialogInfo_MusicDetails">

        <control type="group">
            <left>200</left>

            <nested />

            <!-- Left Details -->
            <control type="grouplist">
                <left>-40</left>
                <top>-40</top>
                <orientation>vertical</orientation>
                <itemgap>0</itemgap>
                <height>350</height>
                <width>355</width>
                <control type="group">
                    <top>25</top>
                </control>
                <include content="Object_InfoCircle">
                    <param name="icon">special://skin/extras/icons/genre.png</param>
                    <param name="role">$LOCALIZE[515]</param>
                    <param name="name">$INFO[ListItem.Genre]</param>
                    <visible>!String.IsEmpty(ListItem.Genre)</visible>
                </include>
                <include content="Object_InfoCircle">
                    <param name="icon">special://skin/extras/icons/headphones-simple.png</param>
                    <param name="role">$LOCALIZE[31308]</param>
                    <param name="name">$VAR[Label_MusicMood]</param>
                    <visible>!String.IsEmpty(ListItem.Property(Artist_Mood)) | !String.IsEmpty(ListItem.Property(Album_Mood))</visible>
                </include>
                <include content="Object_InfoCircle">
                    <param name="icon">special://skin/extras/icons/drum.png</param>
                    <param name="role">$LOCALIZE[736]</param>
                    <param name="name">$VAR[Label_MusicStyle]</param>
                    <visible>!String.IsEmpty(ListItem.Property(Artist_Style)) | !String.IsEmpty(ListItem.Property(Album_Style))</visible>
                </include>
                <include content="Object_InfoCircle">
                    <param name="icon">special://skin/extras/icons/radio.png</param>
                    <param name="role">$LOCALIZE[467]</param>
                    <param name="name">$VAR[Label_MusicType]</param>
                    <visible>!String.IsEmpty(ListItem.Property(Artist_Type)) | !String.IsEmpty(ListItem.Property(Album_Type))</visible>
                </include>


            </control>


            <!-- Right Details -->
            <control type="grouplist">
                <left>300</left>
                <right>880</right>
                <top>-40</top>
                <orientation>vertical</orientation>
                <itemgap>0</itemgap>
                <height>350</height>
                <control type="group">
                    <top>25</top>
                </control>
                <include content="Object_InfoCircle">
                    <param name="icon">special://skin/extras/icons/cake-candles.png</param>
                    <param name="role">$LOCALIZE[21893]</param>
                    <param name="name">$INFO[ListItem.Property(Artist_Born)]</param>
                    <visible>!String.IsEmpty(ListItem.Property(Artist_Born))</visible>
                </include>
                <include content="Object_InfoCircle">
                    <param name="icon">special://skin/extras/icons/cross.png</param>
                    <param name="role">$LOCALIZE[21897]</param>
                    <param name="name">$INFO[ListItem.Property(Artist_Died)]</param>
                    <visible>!String.IsEmpty(ListItem.Property(Artist_Died))</visible>
                </include>
                <include content="Object_InfoCircle">
                    <param name="icon">special://skin/extras/icons/people-group.png</param>
                    <param name="role">$LOCALIZE[21894]</param>
                    <param name="name">$INFO[ListItem.Property(Artist_Formed)]</param>
                    <visible>!String.IsEmpty(ListItem.Property(Artist_Formed))</visible>
                </include>
                <include content="Object_InfoCircle">
                    <param name="icon">special://skin/extras/icons/explosion.png</param>
                    <param name="role">$LOCALIZE[21896]</param>
                    <param name="name">$INFO[ListItem.Property(Artist_Disbanded)]</param>
                    <visible>!String.IsEmpty(ListItem.Property(Artist_Disbanded))</visible>
                </include>
                <include content="Object_InfoCircle">
                    <param name="icon">special://skin/extras/icons/guitar.png</param>
                    <param name="role">$LOCALIZE[31307]</param>
                    <param name="name">$INFO[ListItem.Property(Artist_Instrument)]</param>
                    <visible>!String.IsEmpty(ListItem.Property(Artist_Instrument))</visible>
                </include>
                <include content="Object_InfoCircle">
                    <param name="icon">special://skin/extras/icons/compact-disc.png</param>
                    <param name="role">$LOCALIZE[21899]</param>
                    <param name="name">$INFO[ListItem.Property(Album_Label)]</param>
                    <visible>!String.IsEmpty(ListItem.Property(Album_Label))</visible>
                </include>
            </control>
        </control>
    </include>

    <include name="DialogInfo_1121_SlideWidget">
        <animation effect="slide" start="0,440" end="0" time="400" tween="quadratic" easing="out" condition="Control.HasFocus($PARAM[id])" reversible="false">Conditional</animation>
        <animation type="Conditional" condition="!Control.HasFocus($PARAM[id])" reversible="false">
            <effect type="fade" start="0" end="100" delay="400" time="200" />
            <effect type="slide" start="0" end="0,440" time="0" />
        </animation>
    </include>

    <include name="DialogInfo_PlotBox_Artwork">
        <param name="poster_icon">$VAR[Image_DialogInfo_Poster]</param>
        <param name="poster_visible">[!String.IsEmpty(ListItem.Art(poster)) | !String.IsEmpty(ListItem.Art(season.poster)) | !String.IsEmpty(ListItem.Art(tvshow.poster)) | !String.IsEmpty(Container(99950).ListItem.Art(poster)) | !String.IsEmpty(Container(99950).ListItem.Art(season.poster)) | !String.IsEmpty(Container(99950).ListItem.Art(tvshow.poster))]</param>
        <param name="square_icon">$INFO[Container(99950).ListItem.Property(base_icon)]</param>
        <param name="landscape_visible">true</param>
        <param name="landscape_icon">$VAR[Image_Landscape]</param>
        <param name="clearlogo_icon">$VAR[Image_Clearlogo]</param>
        <definition>
            <include content="Dialog_Outline_InnerBox">
                <width>436</width>
                <right>20</right>
                <top>-20</top>
                <bottom>-20</bottom>
                <control type="grouplist">
                    <orientation>vertical</orientation>
                    <itemgap>40</itemgap>
                    <control type="group">
                        <height>0</height>
                    </control>
                    <control type="group">
                        <left>40</left>
                        <right>40</right>
                        <height>520</height>
                        <visible>$PARAM[poster_visible]</visible>
                        <include content="Dialog_Outline_InnerBox">
                            <control type="image">
                                <aspectratio scalediffuse="false">scale</aspectratio>
                                <texture background="true" diffuse="diffuse/poster_w356_h520.png">$PARAM[poster_icon]</texture>
                            </control>
                        </include>
                    </control>
                    <control type="group">
                        <height>356</height>
                        <left>40</left>
                        <right>40</right>
                        <visible>![$PARAM[poster_visible]]</visible>
                        <include content="Dialog_Outline_InnerBox">
                            <control type="image">
                                <aspectratio scalediffuse="false">keep</aspectratio>
                                <texture background="true" diffuse="diffuse/square_w320_h320.png">$PARAM[square_icon]</texture>
                            </control>
                        </include>
                    </control>
                    <control type="group">
                        <left>40</left>
                        <right>40</right>
                        <height>200</height>
                        <visible>$PARAM[landscape_visible]</visible>
                        <include content="Dialog_Outline_InnerBox">
                            <control type="image">
                                <aspectratio scalediffuse="false">scale</aspectratio>
                                <texture background="true" diffuse="diffuse/landscape_w356_h200.png">$PARAM[landscape_icon]</texture>
                            </control>
                        </include>
                    </control>

                    <control type="group">
                        <left>40</left>
                        <right>40</right>
                        <height>124</height>
                        <visible>![$PARAM[poster_visible]]</visible>
                        <control type="image">
                            <aspectratio scalediffuse="false" aligny="center">keep</aspectratio>
                            <texture background="true">$PARAM[clearlogo_icon]</texture>
                        </control>
                    </control>
                </control>
            </include>
        </definition>
    </include>

    <include name="DialogInfo_PlotBox">
        <param name="visible">[Control.HasFocus(61)]</param>
        <definition>
            <control type="group">
                <include>Dimension_DialogFullMenu</include>
                <visible allowhiddenfocus="true">$PARAM[visible]</visible>
                <include content="Animation_Slide_Out">
                    <param name="type">Hidden</param>
                    <param name="posx">320</param>
                    <param name="reversible">true</param>
                </include>
                <include content="Animation_Slide_In">
                    <param name="type">Visible</param>
                    <param name="posx">320</param>
                    <param name="delay">400</param>
                    <param name="reversible">true</param>
                </include>
                <include content="Dialog_Dim_Side">
                    <param name="slide_animation">false</param>
                </include>

                <include content="Dialog_Foreground_Side">
                    <param name="dialog_size">Dimension_DialogFullMenu</param>
                    <param name="lines_right">476</param>
                    <param name="topline">true</param>
                    <param name="subline">true</param>

                    <!-- Header -->
                    <include content="Dialog_Head">
                        <param name="label">$VAR[Label_Title]</param>
                    </include>

                    <!-- Content -->
                    <include content="Dialog_Body">
                        <include content="Dialog_Body_Group">
                            <include>DialogInfo_PlotBox_Artwork</include>
                            <control type="textbox">
                                <font>font_midi_plot</font>
                                <textcolor>dialog_fg_70</textcolor>
                                <pagecontrol>61</pagecontrol>
                                <label>$VAR[Label_Overlay_PlotBox]</label>
                                <autoscroll>false</autoscroll>
                                <right>496</right>
                                <include content="Dimension_Padding">
                                    <param name="pad">20</param>
                                </include>
                            </control>
                        </include>
                        <control type="scrollbar" id="61">
                            <onright condition="String.IsEmpty(Window.Property(ReviewsActive)) + String.IsEmpty(Window.Property(ReturnFromPlot))">4000</onright>
                            <onleft condition="String.IsEmpty(Window.Property(ReviewsActive)) + String.IsEmpty(Window.Property(ReturnFromPlot))">4000</onleft>
                            <onback condition="String.IsEmpty(Window.Property(ReviewsActive))">4000</onback>

                            <onright condition="String.IsEmpty(Window.Property(ReviewsActive)) + !String.IsEmpty(Window.Property(ReturnFromPlot))">SetFocus($INFO[Window.Property(ReturnFromPlot)])</onright>
                            <onleft condition="String.IsEmpty(Window.Property(ReviewsActive)) + !String.IsEmpty(Window.Property(ReturnFromPlot))">SetFocus($INFO[Window.Property(ReturnFromPlot)])</onleft>
                            <onback condition="String.IsEmpty(Window.Property(ReviewsActive)) + !String.IsEmpty(Window.Property(ReturnFromPlot))">AlarmClock(refocus,SetFocus($INFO[Window.Property(ReturnFromPlot)]),00:00,silent)</onback>

                            <onright condition="String.IsEmpty(Window.Property(ReviewsActive)) + !String.IsEmpty(Window.Property(ReturnFromPlot))">ClearProperty(ReturnFromPlot)</onright>
                            <onleft condition="String.IsEmpty(Window.Property(ReviewsActive)) + !String.IsEmpty(Window.Property(ReturnFromPlot))">ClearProperty(ReturnFromPlot)</onleft>
                            <onback condition="String.IsEmpty(Window.Property(ReviewsActive)) + !String.IsEmpty(Window.Property(ReturnFromPlot))">ClearProperty(ReturnFromPlot)</onback>

                            <onright condition="!String.IsEmpty(Window.Property(ReviewsActive))">5004</onright>
                            <onleft condition="!String.IsEmpty(Window.Property(ReviewsActive))">5004</onleft>
                            <onback condition="!String.IsEmpty(Window.Property(ReviewsActive))">5004</onback>

                            <centerright>-20</centerright>
                            <width>scrollbar_w</width>
                            <showonepage>true</showonepage>
                            <texturesliderbackground colordiffuse="main_fg_12" border="4">scrollbar/scrollv_line.png</texturesliderbackground>

                            <include>Texture_Scrollbar_SliderBar_V</include>
                        </control>
                    </include>
                </include>

            </control>
        </definition>
    </include>

    <include name="DialogInfo_ArtworkGallery">
        <control type="group">
            <include>Animation_Right</include>
            <visible>String.IsEqual(Window.Property(DetailsView),Artwork)</visible>
            <control type="group">
                <width>1140</width>
                <control type="grouplist">
                    <orientation>horizontal</orientation>
                    <height>10</height>
                    <centerbottom>-40</centerbottom>
                    <itemgap>10</itemgap>
                    <include content="Object_Circle_Counter_Ten">
                        <param name="id">7003</param>
                        <param name="ten">0</param>
                        <param name="first">true</param>
                    </include>
                    <include content="Object_Circle_Counter_Ten">
                        <param name="id">7003</param>
                        <param name="ten">1</param>
                    </include>
                    <include content="Object_Circle_Counter_Ten">
                        <param name="id">7003</param>
                        <param name="ten">2</param>
                    </include>
                </control>
                <control type="image">
                    <include>Texture_Shadow_40</include>
                    <texture colordiffuse="black" border="12">common/box.png</texture>
                </control>
                <control type="wraplist" id="7003">
                    <orientation>horizontal</orientation>
                    <scrolltime tween="quadratic">400</scrolltime>
                    <onright>4000</onright>
                    <onleft>4000</onleft>
                    <onback>4000</onback>
                    <onclick>SendClick(10)</onclick>
                    <itemlayout>
                        <control type="image">
                            <aspectratio scalediffuse="false">scale</aspectratio>
                            <texture background="true" diffuse="diffuse/landscape_w1140_h680.png">$INFO[ListItem.Icon]</texture>
                        </control>
                    </itemlayout>
                    <focusedlayout>
                        <control type="image">
                            <aspectratio scalediffuse="false">scale</aspectratio>
                            <texture background="true" diffuse="diffuse/landscape_w1140_h680.png">$INFO[ListItem.Icon]</texture>
                        </control>
                    </focusedlayout>
                    <content>
                        <item>
                            <icon>$INFO[ListItem.Art(thumb)]</icon>
                            <visible>!String.IsEmpty(ListItem.Art(thumb))</visible>
                            <visible>Window.IsVisible(DialogVideoInfo.xml)</visible>
                        </item>
                        <item>
                            <icon>$INFO[ListItem.Art(fanart)]</icon>
                            <visible>!String.IsEmpty(ListItem.Art(fanart))</visible>
                        </item>
                        <item>
                            <icon>$INFO[Container(99950).ListItem.Art(fanart)]</icon>
                            <visible>!String.IsEmpty(Container(99950).ListItem.Art(fanart))</visible>
                            <visible>!String.IsEqual(Container(99950).ListItem.Art(fanart),ListItem.Art(fanart))</visible>
                        </item>
                        <item>
                            <icon>$INFO[ListItem.Art(fanart1)]</icon>
                            <visible>!String.IsEmpty(ListItem.Art(fanart1))</visible>
                            <visible>!String.IsEqual(ListItem.Art(fanart1),ListItem.Art(fanart))</visible>
                        </item>
                        <item>
                            <icon>$INFO[ListItem.Art(fanart2)]</icon>
                            <visible>!String.IsEmpty(ListItem.Art(fanart2))</visible>
                            <visible>!String.IsEqual(ListItem.Art(fanart2),ListItem.Art(fanart))</visible>
                        </item>
                        <item>
                            <icon>$INFO[ListItem.Art(fanart3)]</icon>
                            <visible>!String.IsEmpty(ListItem.Art(fanart3))</visible>
                            <visible>!String.IsEqual(ListItem.Art(fanart3),ListItem.Art(fanart))</visible>
                        </item>
                        <item>
                            <icon>$INFO[ListItem.Art(fanart4)]</icon>
                            <visible>!String.IsEmpty(ListItem.Art(fanart4))</visible>
                            <visible>!String.IsEqual(ListItem.Art(fanart4),ListItem.Art(fanart))</visible>
                        </item>
                        <item>
                            <icon>$INFO[ListItem.Art(fanart5)]</icon>
                            <visible>!String.IsEmpty(ListItem.Art(fanart5))</visible>
                            <visible>!String.IsEqual(ListItem.Art(fanart5),ListItem.Art(fanart))</visible>
                        </item>
                    </content>
                    <include condition="Window.IsVisible(DialogVideoInfo.xml) | Window.IsVisible(DialogPVRInfo.xml)">DialogInfo_VideoFanartContent</include>
                </control>
            </control>
        </control>
        <include content="Object_BigPoster" condition="![String.IsEqual(Skin.AspectRatio,3:2) | String.IsEqual(Skin.AspectRatio,4:3) | String.IsEqual(Skin.AspectRatio,16:10)] + Window.IsVisible(DialogVideoInfo.xml)">
            <param name="icon">$VAR[Image_DialogInfo_Poster]</param>
            <param name="diffuse">diffuse/poster_w460_h680.png</param>
            <include>Animation_Right_Delay</include>
            <visible>String.IsEqual(Window.Property(DetailsView),Artwork)</visible>
            <left>1180</left>
            <width>infodialog_poster_w</width>
            <height>infodialog_poster_h</height>
        </include>
        <include content="Object_BigPoster" condition="![String.IsEqual(Skin.AspectRatio,3:2) | String.IsEqual(Skin.AspectRatio,4:3) | String.IsEqual(Skin.AspectRatio,16:10)] + !Window.IsVisible(DialogVideoInfo.xml)">
            <param name="icon">$INFO[ListItem.Icon]</param>
            <param name="diffuse">diffuse/square_w460_h460.png</param>
            <include>Animation_Right_Delay</include>
            <visible>String.IsEqual(Window.Property(DetailsView),Artwork)</visible>
            <left>1180</left>
            <width>infodialog_poster_w</width>
            <height>infodialog_poster_w</height>
        </include>
        <include content="Object_Control" condition="![String.IsEqual(Skin.AspectRatio,3:2) | String.IsEqual(Skin.AspectRatio,4:3) | String.IsEqual(Skin.AspectRatio,16:10)] + !Window.IsVisible(DialogVideoInfo.xml)">
            <param name="control">image</param>
            <include>Animation_Right_Delay</include>
            <visible>String.IsEqual(Window.Property(DetailsView),Artwork)</visible>
            <left>1180</left>
            <width>infodialog_poster_w</width>
            <top>infodialog_poster_w</top>
            <aspectratio>keep</aspectratio>
            <texture background="true">$VAR[Image_Clearlogo]</texture>
        </include>
    </include>

    <include name="DialogInfo_VideoFanartContent">
        <content target="images" limit="20">$VAR[Path_VideoInfo_Generic,,&amp;info=fanart]</content>
    </include>

    <include name="DialogInfo_Recommendations_BackgroundLoader">
        <include content="View_Bumper">
            <param name="groupid">5000</param>
        </include>

        <include content="Object_Hidden_Button">
            <param name="id">7000</param>
            <onfocus>SetFocus(4000)</onfocus>
        </include>

        <include>Defs_TMDbHelper_Loader</include>
    </include>

    <include name="DialogInfo_Recommendations_BackgroundFake">
        <control type="image">
            <texture colordiffuse="$VAR[ColorBackground]">common/white.png</texture>
        </control>
        <include>Background_Main</include>
    </include>

    <include name="DialogInfo_Recommendations_Furniture">
        <param name="header">$LOCALIZE[31148]</param>
        <param name="onlist">5000</param>
        <definition>
            <include condition="!Window.IsVisible(1121)">Home_Fade</include>
            <include content="Home_Menu" condition="!Window.IsVisible(1121)">
                <param name="onlist">$PARAM[onlist]</param>
            </include>
            <include content="DialogInfo_ButtonGroup_Basic" condition="Window.IsVisible(1121)">
                <param name="id">303</param>
                <param name="include">Items_Recommendations_MenuBar</param>
                <include content="Action_HomeMenu_OnRightLeft">
                    <param name="onlist">5000</param>
                </include>
                <ondown>5000</ondown>
                <onup>PreviousMenu</onup>
            </include>
            <control type="group">
                <include>Animation_Group_Bumper</include>
                <include>Animation_View_WindowChange</include>
                <include content="Furniture_Top">
                    <param name="label">$PARAM[header]</param>
                </include>
                <include content="Hub_Widgets_Group_Furniture">
                    <param name="visible">true</param>
                    <param name="include_conditionalfade">false</param>
                </include>
            </control>
            <include content="Hub_Widgets_HintArrows" condition="Skin.HasSetting(Views.DisableItemPeek)">
                <param name="id">$PARAM[onlist]</param>
                <param name="visible">true</param>
                <param name="visible_hasnext">[Window.IsVisible(1185) + Skin.String(Navigation.Global.OnUp,Search)]</param>
                <param name="visible_hasprevious">[!Window.IsVisible(1185) | !Skin.String(Navigation.Global.OnUp,Search)]</param>
                <param name="bottom">0</param>
            </include>
        </definition>
    </include>

    <include name="DialogInfo_Recommendations_Widgets_Grouplist">
        <param name="onup">PreviousMenu</param>
        <param name="ondown">330</param>
        <definition>
            <control type="grouplist" id="5000">
                <onup>$PARAM[onup]</onup>
                <ondown>$PARAM[ondown]</ondown>
                <include content="Animation_Half_WindowChange">
                    <param name="windowopen_up">!$EXP[Exp_SettingsDialogs_Prev] + !String.IsEmpty(Window(Home).Property(ReverseTransition))</param>
                    <param name="windowopen_down">!$EXP[Exp_SettingsDialogs_Prev] + String.IsEmpty(Window(Home).Property(ReverseTransition))</param>
                    <param name="windowclose_up">!$EXP[Exp_SettingsDialogs_Next] + !String.IsEmpty(Window(Home).Property(ReverseTransition))</param>
                    <param name="windowclose_down">!$EXP[Exp_SettingsDialogs_Next] + String.IsEmpty(Window(Home).Property(ReverseTransition))</param>
                </include>
                <orientation>vertical</orientation>
                <control type="group" id="5999">
                    <height>widget_tbump_h</height>
                </control>
                <nested />
                <top>500</top>
            </control>
        </definition>
    </include>


    <include name="DialogInfo_Recommendations_Widgets">
        <param name="include_onclick">true</param>
        <param name="transition_include">false</param>
        <definition>

            <include content="Widget_Info_Row" condition="!String.IsEmpty(Window.Property(Item_Year))">
                <param name="id">01</param>
                <param name="label">$LOCALIZE[31390]$INFO[Window.Property(Item_Year), (,)]</param>
                <param name="include">List_Poster_Row</param>
                <param name="visible">!String.IsEmpty(Window.Property(Item_Year))</param>
                <param name="transition_include">$PARAM[transition_include]</param>
                <param name="transition_hidden">Control.HasFocus(5001)</param>
                <param name="widgetfade_include">true</param>
                <content target="$PARAM[target]">plugin://plugin.video.themoviedb.helper/?info=discover$INFO[Window.Property(Item_Year),&amp;first_air_date_year=,]$INFO[Window.Property(Item_Year),&amp;primary_release_year=,]$INFO[Window.Property(Item_Type),&amp;,]$VAR[Path_Param_Widget]&amp;vote_count.gte=10</content>
                <include condition="$PARAM[include_onclick]" content="Action_Recommendations_OnClick">
                    <param name="id">5001</param>
                </include>
            </include>

            <include content="Widget_Info_Row" condition="!String.IsEmpty(Window.Property(Genre_Title))">
                <param name="id">02</param>
                <param name="label">$LOCALIZE[515]$INFO[Window.Property(Genre_Title), (,)]</param>
                <param name="include">List_Poster_Row</param>
                <param name="visible">!String.IsEmpty(Window.Property(Genre_Query))</param>
                <param name="transition_include">$PARAM[transition_include]</param>
                <param name="transition_hidden">Control.HasFocus(5002)</param>
                <param name="widgetfade_include">true</param>
                <content target="$PARAM[target]">plugin://plugin.video.themoviedb.helper/?info=discover$INFO[Window.Property(Genre_Query)]$INFO[Window.Property(Item_Type),&amp;,]$VAR[Path_Param_Widget]&amp;vote_count.gte=10</content>
                <include condition="$PARAM[include_onclick]" content="Action_Recommendations_OnClick">
                    <param name="id">5002</param>
                </include>
            </include>

            <include content="Widget_Info_Row" condition="!String.IsEmpty(Window.Property(Item_Query))">
                <param name="id">03</param>
                <param name="label">$LOCALIZE[31018]$INFO[Window.Property(Item_Title), (,)]</param>
                <param name="include">List_Poster_Row</param>
                <param name="visible">!String.IsEmpty(Window.Property(Item_Query))</param>
                <param name="transition_include">$PARAM[transition_include]</param>
                <param name="transition_hidden">Control.HasFocus(5003)</param>
                <param name="widgetfade_include">true</param>
                <content target="$PARAM[target]">$INFO[Window.Property(Item_Query),plugin://plugin.video.themoviedb.helper/?info=recommendations,]$INFO[Window.Property(Item_Type),&amp;,]$VAR[Path_Param_Widget]</content>
                <include condition="$PARAM[include_onclick]" content="Action_Recommendations_OnClick">
                    <param name="id">5003</param>
                </include>
            </include>


        </definition>
    </include>

    <include name="DialogInfo_Recommendations_InfoPanel">
        <control type="group">
            <nested />
            <include>Dimension_Info</include>
            <include content="Info_Panel">
                <param name="titlelabel">$VAR[Label_Title_Container]</param>
                <param name="container">Container.</param>
                <param name="plotlabel">$VAR[Label_Plot_Container]</param>
                <width>info_panel_w</width>
            </include>
        </control>
    </include>

    <include name="DialogInfo_Recommendations_Group">
        <control type="group">
            <include>Animation_View_WindowChange</include>
            <include>Animation_Group_Bumper</include>
            <nested />
        </control>
    </include>
</includes>
