<?xml version="1.0" encoding="UTF-8"?>
<includes>

    <include name="Furniture_Topbar_Group">
        <control type="group">
            <nested />
            <include>Dimension_Topbar</include>
        </control>
    </include>

    <include name="Furniture_Bottombar_Group">
        <control type="group">
            <nested />
            <include>Dimension_Bottombar</include>
        </control>
    </include>

    <include name="Furniture_Top">
        <param name="label">[CAPITALIZE]$VAR[Label_Header_Main][/CAPITALIZE]</param>
        <param name="enabled">true</param>
        <param name="clock">Skin.HasSetting(Furniture.EnableClock.TopLeft)</param>
        <param name="textcolor">main_fg_100</param>
        <param name="textcolor_sublabel">main_fg_70</param>
        <param name="shadowcolor_sublabel">main_bg_12</param>
        <definition>
            <include content="Furniture_Topbar_Group" condition="$PARAM[enabled]">
                <nested />
                <include content="Furniture_Gutters">
                    <control type="group">
                        <animation effect="slide" start="0" end="0,-15" condition="[Window.IsVisible(MyPVRGuide.xml) | Window.IsVisible(MyPVRChannels.xml) | $PARAM[clock]] + !Skin.HasSetting(Furniture.EnableClock)">Conditional</animation>
                        <include content="Furniture_MainLabel">
                            <param name="id">$PARAM[id]</param>
                            <param name="textcolor">$PARAM[textcolor]</param>
                            <aligny>center</aligny>
                            <label>$PARAM[label]</label>
                        </include>
                        <include content="Furniture_DateLabel">
                            <param name="textcolor">$PARAM[textcolor_sublabel]</param>
                            <param name="shadowcolor">$PARAM[shadowcolor_sublabel]</param>
                            <visible>!Skin.HasSetting(Furniture.EnableClock)</visible>
                            <visible>Window.IsVisible(MyPVRGuide.xml) | Window.IsVisible(MyPVRChannels.xml) | $PARAM[clock]</visible>
                        </include>
                    </control>
                </include>
            </include>
        </definition>
    </include>

    <include name="Furniture_Bottom_Right">
        <param name="enabled">!Skin.HasSetting(Furniture.BottomRight.Disable)</param>
        <definition>
            <include content="Furniture_Bottombar_Group" condition="$PARAM[enabled]">
                <include content="Furniture_Gutters">

                    <control type="group">
                        <visible>Skin.HasSetting(Furniture.DisableNowPlaying) | !Player.HasMedia</visible>
                        <include content="Info_Studio" condition="![Skin.HasSetting(Furniture.EnableClock) | $EXP[Exp_Furniture_PVR]]">
                            <centertop>50%</centertop>
                        </include>
                        <include content="Furniture_Clock" condition="Skin.HasSetting(Furniture.EnableClock)">
                            <param name="flipx">true</param>
                            <param name="topshadowcolor">main_bg_50</param>
                            <param name="bottomshadowcolor">main_bg_50</param>
                        </include>
                    </control>
                    <include condition="!Skin.HasSetting(Furniture.DisableNowPlaying)">Furniture_NowPlaying</include>
                </include>
            </include>
        </definition>
    </include>

    <include name="Furniture_NowPlaying">
        <control type="group">
            <visible>Player.HasMedia</visible>
            <right>-20</right>
            <height>80</height>
            <centertop>50%</centertop>
            <control type="group">
                <width>80</width>
                <right>0</right>
                <include content="Info_Codec_LabelIcon">
                    <param name="icon">$VAR[Image_NowPlaying_PlayPause]</param>
                    <centerleft>50%</centerleft>
                </include>
                <control type="image">
                    <bordersize>-4</bordersize>
                    <texture colordiffuse="$VAR[ColorHighlight]">$INFO[Player.Progress,progress/circle/p,.png]</texture>
                    <aspectratio align="center" aligny="center">keep</aspectratio>
                </control>
                <control type="image">
                    <bordersize>-4</bordersize>
                    <texture colordiffuse="$VAR[ColorGradient]">$INFO[Player.Progress,progress/circle/p,.png]</texture>
                    <animation effect="fade" end="66" condition="true">Conditional</animation>
                    <aspectratio align="center" aligny="center">keep</aspectratio>
                    <include content="Defs_Progress_Colorfade">
                        <param name="id">933</param>
                    </include>
                </control>
                <control type="progress" id="933">
                    <height>1</height>
                    <width>1</width>
                    <left>-1000</left>
                    <texturebg />
                    <lefttexture />
                    <midtexture />
                    <righttexture />
                    <info>Player.Progress</info>
                    <visible>false</visible>
                </control>
            </control>
            <include content="Furniture_NowPlaying_Text">
                <param name="title_w">240</param>
                <param name="sublabel_music_w">115</param>
                <param name="sublabel_video_w">62</param>
                <visible>$EXP[Exp_ScrollbarVisible_H]</visible>
            </include>
            <include content="Furniture_NowPlaying_Text">
                <visible>!$EXP[Exp_ScrollbarVisible_H]</visible>
            </include>
        </control>
    </include>

    <include name="Furniture_NowPlaying_Text">
        <param name="title_w">360</param>
        <param name="sublabel_music_w">235</param>
        <param name="sublabel_video_w">182</param>
        <definition>
            <control type="group">
                <nested />
                <right>90</right>
                <control type="grouplist">
                    <orientation>horizontal</orientation>
                    <align>right</align>
                    <include content="Object_InfoCircle_Text_Top">
                        <width max="$PARAM[title_w]">auto</width>
                        <label>$VAR[Label_NowPlayingTitle]</label>
                    </include>
                </control>
                <control type="grouplist">
                    <orientation>horizontal</orientation>
                    <align>right</align>
                    <itemgap>7</itemgap>
                    <visible>!Player.HasVideo</visible>
                    <include content="Object_InfoCircle_Text_Sub">
                        <label>$VAR[Label_NowPlayingSubLabel]</label>
                        <width max="$PARAM[sublabel_music_w]">auto</width>
                    </include>
                    <include content="Object_InfoCircle_Text_Sub">
                        <label>$INFO[Player.Time(mm:ss)]$INFO[Player.Duration(mm:ss), / ,]</label>
                        <width>auto</width>
                        <align>right</align>
                    </include>
                </control>
                <control type="grouplist">
                    <orientation>horizontal</orientation>
                    <align>right</align>
                    <itemgap>7</itemgap>
                    <visible>Player.HasVideo</visible>
                    <include content="Object_InfoCircle_Text_Sub">
                        <label>$VAR[Label_NowPlayingSubLabel]</label>
                        <width max="$PARAM[sublabel_video_w]">auto</width>
                    </include>
                    <include content="Object_InfoCircle_Text_Sub">
                        <label>$INFO[Player.Time(hh:mm:ss)]$INFO[Player.Duration(hh:mm:ss), / ,]</label>
                        <width>auto</width>
                        <align>right</align>
                    </include>
                </control>
            </control>
        </definition>
    </include>

    <include name="Furniture_Bottom_Left">
        <param name="enabled">true</param>
        <definition>
            <include content="Furniture_Bottombar_Group" condition="$PARAM[enabled]">
                <include content="Furniture_Gutters">
                    <include content="Info_Media" condition="!$EXP[Exp_Furniture_PVR] + [Skin.HasSetting(Furniture.DisableCount) | $EXP[Exp_InfoDialogs]]">
                        <param name="align">left</param>
                        <param name="container">$PARAM[container]</param>
                    </include>
                    <include content="Object_Control" condition="!$EXP[Exp_Furniture_PVR] + ![Skin.HasSetting(Furniture.DisableCount) | $EXP[Exp_InfoDialogs]]">
                        <param name="control">grouplist</param>
                        <hitrect x="0" y="0" w="0" h="0" />
                        <orientation>horizontal</orientation>
                        <itemgap>30</itemgap>
                        <height>80</height>
                        <centertop>50%</centertop>
                        <usecontrolcoords>true</usecontrolcoords>
                        <left>-80</left>
                        <control type="group">
                            <width>50</width>
                        </control>
                        <include content="Info_Codec_Label">
                            <param name="icon">$VAR[Image_Scrollbar_NumItems]</param>
                            <param name="icon">special://skin/extras/icons/grip.png</param>
                            <param name="label">$VAR[Label_Scrollbar_NumItems]</param>
                        </include>
                    </include>
                </include>
                <nested />
            </include>
        </definition>
    </include>

    <include name="Furniture_DateLabel">
        <control type="grouplist">
            <nested />
            <orientation>horizontal</orientation>
            <bottom>-30</bottom>
            <height>50</height>
            <itemgap>10</itemgap>
            <control type="label">
                <aligny>center</aligny>
                <width>auto</width>
                <font>font_tiny_bold</font>
                <label>$INFO[System.Date]</label>
                <textcolor>$PARAM[textcolor]</textcolor>
                <shadowcolor>$PARAM[shadowcolor]</shadowcolor>
            </control>
            <control type="label">
                <aligny>center</aligny>
                <width>auto</width>
                <font>font_tiny_bold</font>
                <label>$LOCALIZE[19107]</label>
                <textcolor>main_fg_30</textcolor>
            </control>
            <control type="label">
                <aligny>center</aligny>
                <width>auto</width>
                <font>font_tiny_bold</font>
                <label>$INFO[System.Time]</label>
                <textcolor>$PARAM[textcolor]</textcolor>
                <shadowcolor>$PARAM[shadowcolor]</shadowcolor>
            </control>
        </control>
    </include>

    <include name="Furniture_Bottom">
        <include>Furniture_Bottom_Left</include>
        <include>Furniture_Bottom_Right</include>
    </include>

    <include name="Furniture_Gutters">
        <control type="group">
            <top>view_gutter</top>
            <bottom>view_gutter</bottom>
            <nested />
        </control>
    </include>

    <include name="Furniture_MainLabel">
        <param name="textcolor">main_fg_100</param>
        <definition>
            <control type="label" id="$PARAM[id]">
                <nested />
                <font>font_midi_black</font>
                <textcolor>$PARAM[textcolor]</textcolor>
            </control>
        </definition>
    </include>

    <include name="Furniture_MenuLabel">
        <param name="textcolor">main_fg_100</param>
        <definition>
            <control type="label" id="$PARAM[id]">
                <nested />
                <font>font_main_black</font>
                <textcolor>$PARAM[textcolor]</textcolor>
            </control>
        </definition>
    </include>

    <include name="Furniture_MiniLabel">
        <param name="textcolor">main_fg_70</param>
        <definition>
            <control type="label" id="$PARAM[id]">
                <nested />
                <font>font_mini</font>
                <textcolor>$PARAM[textcolor]</textcolor>
            </control>
        </definition>
    </include>

    <include name="Furniture_Busy_Icon">
        <param name="hasspinner">false</param>
        <param name="hasprogress">false</param>
        <param name="hasicon">true</param>
        <param name="icon">special://skin/extras/icons/kodi.png</param>
        <param name="spinspinner">false</param>
        <param name="spinnervisible">true</param>
        <definition>
            <control type="group">
                <description>Busy animation</description>
                <height>80</height>
                <width>80</width>
                <nested />
                <include content="Info_Codec_LabelIcon" condition="$PARAM[hasicon]">
                    <param name="icon">$PARAM[icon]</param>
                    <centerleft>50%</centerleft>
                </include>
                <include content="Generator_Object_BusySpinner" condition="$PARAM[hasspinner]">
                    <param name="spinspinner">$PARAM[spinspinner]</param>
                    <visible>$PARAM[spinnervisible]</visible>
                    <bordersize>-4</bordersize>
                    <include content="Animation_Fade_Out">
                        <param name="type">hidden</param>
                        <param name="delay">200</param>
                    </include>
                </include>
                <include content="Object_Control" condition="$PARAM[hasprogress]">
                    <param name="control">group</param>
                    <description>Busy animation</description>
                    <animation effect="rotate" condition="$PARAM[spinspinner]" start="0" end="360" loop="true" time="2000" center="auto">Conditional</animation>
                    <description>Busy animation</description>
                    <visible>$PARAM[spinnervisible]</visible>
                    <include content="Animation_Fade_Out">
                        <param name="type">hidden</param>
                        <param name="delay">200</param>
                    </include>
                    <control type="image">
                        <bordersize>-4</bordersize>
                        <texture colordiffuse="$VAR[ColorHighlight]">$INFO[$PARAM[progress],progress/circle/p,.png]</texture>
                        <aspectratio align="center" aligny="center">keep</aspectratio>
                    </control>
                    <control type="image">
                        <bordersize>-4</bordersize>
                        <texture colordiffuse="$VAR[ColorGradient]">$INFO[$PARAM[progress],progress/circle/p,.png]</texture>
                        <animation effect="fade" end="66" condition="true">Conditional</animation>
                        <aspectratio align="center" aligny="center">keep</aspectratio>
                        <include content="Defs_Progress_Colorfade">
                            <param name="id">$PARAM[progress_id]</param>
                        </include>
                    </control>
                </include>
            </control>
        </definition>
    </include>

    <include name="Furniture_Busy_Group">
        <param name="floating">!Skin.HasSetting(ToastNotifications.Tabbed)</param>
        <param name="hasbackground">Skin.HasSetting(ToastNotifications.Tabbed)</param>
        <definition>
            <control type="group">
                <include content="Object_Control" condition="$PARAM[hasbackground]">
                    <param name="control">group</param>
                    <include content="Object_Top" condition="![$PARAM[floating]]"><param name="top">-320</param></include>
                    <include content="Dialog_Background_Blur" condition="![$PARAM[floating]]">
                        <param name="diffuse">diffuse/dialog_w480_h400.png</param>
                        <param name="flipy">true</param>
                    </include>
                    <include content="Dialog_Background_Blur" condition="$PARAM[floating]">
                        <param name="flipy">true</param>
                        <param name="aspectratio">scale</param>
                        <param name="diffuse">diffuse/dialog_w480_h80.png</param>
                        <param name="border">0</param>
                    </include>
                    <control type="image">
                        <texture colordiffuse="dialog_fg_12" border="20">common/dialog.png</texture>
                    </control>
                </include>
                <nested />
                <height>80</height>
                <width>480</width>
                <include>Animation_SlideIn_Dialog</include>
                <include content="Object_Top" condition="$PARAM[floating]"><param name="top">60</param></include>
                <include content="Object_Right" condition="$PARAM[floating]"><param name="right">60</param></include>
                <include content="Object_Right" condition="![$PARAM[floating]]"><param name="right">80</param></include>
            </control>
        </definition>
    </include>

    <include name="Furniture_Busy_Text">
        <definition>
            <control type="group">
                <left>20</left>
                <right>80</right>
                <include content="Object_InfoCircle_Text_Top">
                    <param name="id">$PARAM[mainlabel_id]</param>
                    <label>$PARAM[mainlabel]</label>
                    <textcolor>dialog_fg_90</textcolor>
                </include>
                <include content="Object_InfoCircle_Text_Sub">
                    <param name="id">$PARAM[minilabel_id]</param>
                    <label>$PARAM[minilabel]</label>
                    <textcolor>dialog_fg_70</textcolor>
                </include>
            </control>
        </definition>
    </include>

    <include name="Furniture_Busy_FloatingText">
        <definition>
            <control type="group">
                <left>20</left>
                <right>80</right>
                <control type="label" id="$PARAM[mainlabel_id]">
                    <top>-15</top>
                    <bottom>15</bottom>
                    <align>right</align>
                    <label>$PARAM[mainlabel]</label>
                    <font>font_midi_black</font>
                    <textcolor>main_fg_100</textcolor>
                </control>
                <control type="label" id="$PARAM[minilabel_id]">
                    <bottom>-5</bottom>
                    <height>50</height>
                    <align>right</align>
                    <label>$PARAM[minilabel]</label>
                    <font>font_tiny_bold</font>
                    <shadowcolor>main_bg_12</shadowcolor>
                    <textcolor>main_fg_70</textcolor>
                </control>
            </control>
        </definition>
    </include>

    <include name="Furniture_Busy">
        <param name="mainlabel">$LOCALIZE[20186]</param>
        <param name="minilabel">$LOCALIZE[31023]...</param>
        <param name="hasspinner">false</param>
        <param name="hasprogress">false</param>
        <param name="haslabel">true</param>
        <param name="hasicon">true</param>
        <param name="spinspinner">false</param>
        <param name="spinnervisible">true</param>
        <param name="hasbackground">Skin.HasSetting(ToastNotifications.Tabbed)</param>
        <definition>

            <include content="Furniture_Busy_Group">
                <param name="hasbackground">$PARAM[hasbackground]</param>
                <include content="Furniture_Busy_Icon">
                    <param name="hasspinner">$PARAM[hasspinner]</param>
                    <param name="hasprogress">$PARAM[hasprogress]</param>
                    <param name="hasicon">$PARAM[hasicon]</param>
                    <param name="spinspinner">$PARAM[spinspinner]</param>
                    <param name="icon">$PARAM[icon]</param>
                    <param name="progress">$PARAM[progress]</param>
                    <param name="progress_id">$PARAM[progress_id]</param>
                    <param name="spinnervisible">$PARAM[spinnervisible]</param>
                    <right>0</right>
                </include>

                <nested />

                <include content="Furniture_Busy_Text" condition="$PARAM[haslabel] + $PARAM[hasbackground]">
                    <param name="mainlabel_id">$PARAM[mainlabel_id]</param>
                    <param name="mainlabel">$PARAM[mainlabel]</param>
                    <param name="minilabel_id">$PARAM[minilabel_id]</param>
                    <param name="minilabel">$PARAM[minilabel]</param>
                </include>

                <include content="Furniture_Busy_FloatingText" condition="$PARAM[haslabel] + ![$PARAM[hasbackground]]">
                    <param name="mainlabel_id">$PARAM[mainlabel_id]</param>
                    <param name="mainlabel">$PARAM[mainlabel]</param>
                    <param name="minilabel_id">$PARAM[minilabel_id]</param>
                    <param name="minilabel">$PARAM[minilabel]</param>
                </include>
            </include>
        </definition>
    </include>

    <include name="Furniture_Clock">
        <param name="flipx">true</param>
        <param name="toplabel">$INFO[System.Time]</param>
        <param name="bottomlabel">$INFO[System.Date]</param>
        <param name="topcolor">main_fg_90</param>
        <param name="bottomcolor">main_fg_70</param>
        <param name="minify">False</param>
        <param name="topfont">font_mini_black</param>
        <param name="bottomfont">font_tiny</param>
        <param name="centerfont">font_mini</param>
        <definition>
            <control type="group">
                <include content="Object_Left" condition="!$PARAM[flipx]">
                    <param name="left">-20</param>
                </include>
                <include content="Object_Right" condition="$PARAM[flipx]">
                    <param name="right">-20</param>
                </include>
                <height>80</height>
                <centertop>50%</centertop>
                <control type="group">
                    <width>80</width>
                    <include content="Object_Left" condition="!$PARAM[flipx]">
                        <param name="left">0</param>
                    </include>
                    <include content="Object_Right" condition="$PARAM[flipx]">
                        <param name="right">0</param>
                    </include>
                    <include content="Info_Codec_LabelIcon">
                        <param name="icon">special://skin/extras/icons/_none.png</param>
                        <param name="bordersize">12</param>
                        <centerleft>50%</centerleft>
                    </include>
                    <control type="group">
                        <centerleft>50%</centerleft>
                        <centertop>50%</centertop>
                        <width>40</width>
                        <height>40</height>
                        <control type="image">
                            <texture diffuse="clock/minute_diffuse.png" colordiffuse="main_bg_100">$INFO[System.Time(mm),clock/minutes/,.png]</texture>
                        </control>
                        <control type="image">
                            <texture diffuse="clock/hour_diffuse.png" colordiffuse="main_bg_100">$INFO[System.Time(h),clock/hours/,.png]</texture>
                        </control>
                        <control type="image">
                            <centerleft>50%</centerleft>
                            <centertop>50%</centertop>
                            <width>8</width>
                            <height>8</height>
                            <texture colordiffuse="main_bg_100">common/circle.png</texture>
                        </control>
                    </control>

                </control>
                <control type="group">
                    <include content="Object_Left" condition="!$PARAM[flipx]">
                        <param name="left">80</param>
                    </include>
                    <include content="Object_Right" condition="$PARAM[flipx]">
                        <param name="right">80</param>
                    </include>
                    <control type="label">
                        <height>10</height>
                        <centertop>50%</centertop>
                        <label>$PARAM[toplabel]</label>
                        <include content="Object_Align" condition="!$PARAM[flipx]">
                            <param name="align">left</param>
                        </include>
                        <include content="Object_Align" condition="$PARAM[flipx]">
                            <param name="align">right</param>
                        </include>
                        <font>$PARAM[centerfont]</font>
                        <textcolor>$PARAM[bottomcolor]</textcolor>
                        <shadowcolor>$PARAM[bottomshadowcolor]</shadowcolor>
                        <visible>[$PARAM[minify]]</visible>
                        <include content="Animation_Fade_Out">
                            <param name="type">Hidden</param>
                        </include>
                    </control>
                    <control type="label">
                        <height>10</height>
                        <top>22</top>
                        <label>$PARAM[toplabel]</label>
                        <include content="Object_Align" condition="!$PARAM[flipx]">
                            <param name="align">left</param>
                        </include>
                        <include content="Object_Align" condition="$PARAM[flipx]">
                            <param name="align">right</param>
                        </include>
                        <font>$PARAM[topfont]</font>
                        <textcolor>$PARAM[topcolor]</textcolor>
                        <shadowcolor>$PARAM[topshadowcolor]</shadowcolor>
                        <visible>![$PARAM[minify]]</visible>
                        <include content="Animation_Fade_In">
                            <param name="type">Visible</param>
                        </include>
                    </control>
                    <control type="label">
                        <height>10</height>
                        <bottom>22</bottom>
                        <label>$PARAM[bottomlabel]</label>
                        <include content="Object_Align" condition="!$PARAM[flipx]">
                            <param name="align">left</param>
                        </include>
                        <include content="Object_Align" condition="$PARAM[flipx]">
                            <param name="align">right</param>
                        </include>
                        <font>$PARAM[bottomfont]</font>
                        <textcolor>$PARAM[bottomcolor]</textcolor>
                        <shadowcolor>$PARAM[bottomshadowcolor]</shadowcolor>
                        <visible>![$PARAM[minify]]</visible>
                        <include content="Animation_Fade_In">
                            <param name="type">Visible</param>
                        </include>
                    </control>
                </control>
            </control>
        </definition>
    </include>

</includes>
