<?xml version="1.0" encoding="UTF-8"?>
<window type="dialog" id="1164">
    <defaultcontrol always="true">8000</defaultcontrol>
    <controls>

        <control type="group">
            <include>Dimension_DialogSideMenu</include>
            <include>Animation_Right_Delay</include>
            <include content="Dialog_Dim_Side">
                <param name="slide_condition">ControlGroup(9000).HasFocus()</param>
            </include>

            <!-- Bottom Layer -->
            <include content="Dialog_Background_Side">
                <param name="slide_condition">ControlGroup(9000).HasFocus()</param>
                <param name="dialog_size">Dimension_DialogSideMenu</param>
                <!-- Side Buttons -->
                <include content="Dialog_Body">
                    <include content="Dialog_Side_Grouplist">
                        <param name="id">9000</param>
                        <onright>8000</onright>

                        <include content="Dialog_Side_Button">
                            <param name="id">01</param>
                            <param name="label">$LOCALIZE[15067]</param>
                            <param name="icon">special://skin/extras/icons/circle-xmark.png</param>
                            <onclick>Close</onclick>
                        </include>
                    </include>
                </include>
            </include>

            <include content="Dialog_Foreground_Side">
                <param name="dialog_size">Dimension_DialogSideMenu</param>
                <param name="slide_condition">ControlGroup(9000).HasFocus()</param>
                <param name="lines_right">0</param>
                <param name="topline">true</param>
                <param name="subline">true</param>

                <!-- Header -->
                <include content="Dialog_Head">
                    <param name="label">$LOCALIZE[31048]</param>
                </include>

                <!-- Content -->
                <include content="Dialog_Body">
                    <include content="List_DialogSelect">
                        <param name="id">8000</param>
                        <param name="misc">[String.IsEqual(Window(1105).Property(SearchDiscover.SortBy),ListItem.Label)]</param>
                        <include>Dimension_Dialog_Body_Group</include>
                        <pagecontrol>61</pagecontrol>
                        <onright>61</onright>
                        <onleft>9000</onleft>
                        <content>
                            <item>
                                <label>label</label>
                                <onclick>SetProperty(SearchDiscover.SortBy,label,1105)</onclick>
                                <onclick>SetProperty(SearchDiscover.SortOrder,ascending,1105)</onclick>
                                <onclick>Close</onclick>
                            </item>
                            <item>
                                <label>random</label>
                                <onclick>SetProperty(SearchDiscover.SortBy,random,1105)</onclick>
                                <onclick>Close</onclick>
                            </item>
                            <item>
                                <label>dateadded</label>
                                <onclick>SetProperty(SearchDiscover.SortBy,dateadded,1105)</onclick>
                                <onclick>SetProperty(SearchDiscover.SortOrder,descending,1105)</onclick>
                                <onclick>Close</onclick>
                            </item>
                            <item>
                                <label>lastplayed</label>
                                <onclick>SetProperty(SearchDiscover.SortBy,lastplayed,1105)</onclick>
                                <onclick>SetProperty(SearchDiscover.SortOrder,descending,1105)</onclick>
                                <onclick>Close</onclick>
                            </item>
                            <item>
                                <label>playcount</label>
                                <onclick>SetProperty(SearchDiscover.SortBy,playcount,1105)</onclick>
                                <onclick>SetProperty(SearchDiscover.SortOrder,descending,1105)</onclick>
                                <onclick>Close</onclick>
                            </item>
                            <item>
                                <label>year</label>
                                <onclick>SetProperty(SearchDiscover.SortBy,year,1105)</onclick>
                                <onclick>SetProperty(SearchDiscover.SortOrder,descending,1105)</onclick>
                                <onclick>Close</onclick>
                            </item>
                            <item>
                                <label>rating</label>
                                <onclick>SetProperty(SearchDiscover.SortBy,rating,1105)</onclick>
                                <onclick>SetProperty(SearchDiscover.SortOrder,descending,1105)</onclick>
                                <onclick>Close</onclick>
                            </item>
                            <item>
                                <label>userrating</label>
                                <onclick>SetProperty(SearchDiscover.SortBy,userrating,1105)</onclick>
                                <onclick>SetProperty(SearchDiscover.SortOrder,descending,1105)</onclick>
                                <onclick>Close</onclick>
                            </item>
                            <item>
                                <label>votes</label>
                                <onclick>SetProperty(SearchDiscover.SortBy,votes,1105)</onclick>
                                <onclick>SetProperty(SearchDiscover.SortOrder,descending,1105)</onclick>
                                <onclick>Close</onclick>
                            </item>
                            <item>
                                <label>genre</label>
                                <onclick>SetProperty(SearchDiscover.SortBy,genre,1105)</onclick>
                                <onclick>SetProperty(SearchDiscover.SortOrder,ascending,1105)</onclick>
                                <onclick>Close</onclick>
                            </item>
                            <item>
                                <label>country</label>
                                <onclick>SetProperty(SearchDiscover.SortBy,country,1105)</onclick>
                                <onclick>SetProperty(SearchDiscover.SortOrder,ascending,1105)</onclick>
                                <onclick>Close</onclick>
                            </item>
                            <item>
                                <label>studio</label>
                                <onclick>SetProperty(SearchDiscover.SortBy,studio,1105)</onclick>
                                <onclick>SetProperty(SearchDiscover.SortOrder,ascending,1105)</onclick>
                                <onclick>Close</onclick>
                            </item>
                            <item>
                                <label>playlist</label>
                                <onclick>SetProperty(SearchDiscover.SortBy,playlist,1105)</onclick>
                                <onclick>SetProperty(SearchDiscover.SortOrder,ascending,1105)</onclick>
                                <onclick>Close</onclick>
                            </item>
                            <item>
                                <label>episode</label>
                                <onclick>SetProperty(SearchDiscover.SortBy,episode,1105)</onclick>
                                <onclick>SetProperty(SearchDiscover.SortOrder,ascending,1105)</onclick>
                                <onclick>Close</onclick>
                            </item>
                            <item>
                                <label>season</label>
                                <onclick>SetProperty(SearchDiscover.SortBy,season,1105)</onclick>
                                <onclick>SetProperty(SearchDiscover.SortOrder,ascending,1105)</onclick>
                                <onclick>Close</onclick>
                            </item>
                            <item>
                                <label>totalepisodes</label>
                                <onclick>SetProperty(SearchDiscover.SortBy,totalepisodes,1105)</onclick>
                                <onclick>SetProperty(SearchDiscover.SortOrder,descending,1105)</onclick>
                                <onclick>Close</onclick>
                            </item>
                            <item>
                                <label>watchedepisodes</label>
                                <onclick>SetProperty(SearchDiscover.SortBy,watchedepisodes,1105)</onclick>
                                <onclick>SetProperty(SearchDiscover.SortOrder,descending,1105)</onclick>
                                <onclick>Close</onclick>
                            </item>
                            <item>
                                <label>tvshowstatus</label>
                                <onclick>SetProperty(SearchDiscover.SortBy,tvshowstatus,1105)</onclick>
                                <onclick>SetProperty(SearchDiscover.SortOrder,ascending,1105)</onclick>
                                <onclick>Close</onclick>
                            </item>
                            <item>
                                <label>tvshowtitle</label>
                                <onclick>SetProperty(SearchDiscover.SortBy,tvshowtitle,1105)</onclick>
                                <onclick>SetProperty(SearchDiscover.SortOrder,ascending,1105)</onclick>
                                <onclick>Close</onclick>
                            </item>
                            <item>
                                <label>file</label>
                                <onclick>SetProperty(SearchDiscover.SortBy,file,1105)</onclick>
                                <onclick>SetProperty(SearchDiscover.SortOrder,ascending,1105)</onclick>
                                <onclick>Close</onclick>
                            </item>
                            <item>
                                <label>title</label>
                                <onclick>SetProperty(SearchDiscover.SortBy,title,1105)</onclick>
                                <onclick>SetProperty(SearchDiscover.SortOrder,ascending,1105)</onclick>
                                <onclick>Close</onclick>
                            </item>
                            <item>
                                <label>track</label>
                                <onclick>SetProperty(SearchDiscover.SortBy,track,1105)</onclick>
                                <onclick>SetProperty(SearchDiscover.SortOrder,ascending,1105)</onclick>
                                <onclick>Close</onclick>
                            </item>
                            <item>
                                <label>time</label>
                                <onclick>SetProperty(SearchDiscover.SortBy,time,1105)</onclick>
                                <onclick>SetProperty(SearchDiscover.SortOrder,ascending,1105)</onclick>
                                <onclick>Close</onclick>
                            </item>
                            <item>
                                <label>artist</label>
                                <onclick>SetProperty(SearchDiscover.SortBy,artist,1105)</onclick>
                                <onclick>SetProperty(SearchDiscover.SortOrder,ascending,1105)</onclick>
                                <onclick>Close</onclick>
                            </item>
                            <item>
                                <label>album</label>
                                <onclick>SetProperty(SearchDiscover.SortBy,album,1105)</onclick>
                                <onclick>SetProperty(SearchDiscover.SortOrder,ascending,1105)</onclick>
                                <onclick>Close</onclick>
                            </item>
                            <item>
                                <label>lastupdated</label>
                                <onclick>SetProperty(SearchDiscover.SortBy,lastupdated,1105)</onclick>
                                <onclick>SetProperty(SearchDiscover.SortOrder,descending,1105)</onclick>
                                <onclick>Close</onclick>
                            </item>
                            <item>
                                <label>lastused</label>
                                <onclick>SetProperty(SearchDiscover.SortBy,lastused,1105)</onclick>
                                <onclick>SetProperty(SearchDiscover.SortOrder,descending,1105)</onclick>
                                <onclick>Close</onclick>
                            </item>
                            <item>
                                <label>date</label>
                                <onclick>SetProperty(SearchDiscover.SortBy,date,1105)</onclick>
                                <onclick>SetProperty(SearchDiscover.SortOrder,descending,1105)</onclick>
                                <onclick>Close</onclick>
                            </item>
                        </content>
                    </include>
                    <include content="Dialog_Scrollbar">
                        <param name="id">61</param>
                        <onleft>8000</onleft>
                    </include>
                </include>
            </include>

        </control>

    </controls>
</window>