<?xml version="1.0" encoding="UTF-8"?>
<window type="window" id="1105">
    <defaultcontrol always="true">9501</defaultcontrol>
    <menucontrol>303</menucontrol>

    <include>Action_Blur_Onload</include>

    <onload condition="!String.IsEmpty(Window(Home).Property(CustomSearchTerm))">RunScript(script.skinvariables,set_editcontrol=9099,window_id=1105,setfocus=9501,text=$INFO[Window(Home).Property(CustomSearchTerm)])</onload>
    <onload condition="!String.IsEmpty(Window(Home).Property(CustomSearchTerm))">ClearProperty(CustomSearchTerm,Home)</onload>

    <onunload condition="!String.IsEmpty(Control.GetLabel(9099).index(1))">RunScript(script.skinvariables,add_skinstring_history=SearchHistory,value=$INFO[Control.GetLabel(9099).index(1)])</onunload>

    <controls>
        <include>Defs_TMDbHelper_Loader</include>
        <include>Background_Main</include>
        <include>Background_Transition</include>
        <include>Search_View_Widgets_Group</include>
        <include>Home_Fade</include>
        <include>Search_Filter_Panel</include>
        <include>Search_View_Header_Icon</include>
        <include content="Furniture_Top">
            <param name="label">$VAR[Label_Setting_SearchStyle][CAPITALIZE]$INFO[Control.GetLabel(9099).index(1),: ,][/CAPITALIZE]</param>
            <visible>!Control.HasFocus(9099)</visible>
            <include>Animation_Group_Bumper</include>
            <include>Animation_View_WindowChange</include>
        </include>
        <include content="Home_Menu">
            <param name="onlist">9099</param>
        </include>
        <include content="View_Bumper">
            <param name="groupid">6000</param>
        </include>
        <include>View_Dialog_Plot</include>
    </controls>
</window>
