<?xml version="1.0" encoding="UTF-8"?>
<colors>
    <!-- Main -->
    <color name="main_fg_100">ffededed</color>
    <color name="main_fg_90">e7ededed</color>
    <color name="main_fg_70">b3ededed</color>
    <color name="main_fg_50">80ededed</color>
    <color name="main_fg_30">4dededed</color>
    <color name="main_fg_12">1fededed</color>

    <color name="main_bg_100">ff000000</color>
    <color name="main_bg_90">e7000000</color>
    <color name="main_bg_70">b3000000</color>
    <color name="main_bg_50">80000000</color>
    <color name="main_bg_30">4d000000</color>
    <color name="main_bg_12">1f000000</color>

    <color name="main_back">ff4d4d4d</color>
    <color name="main_logo">ffb3b3b3</color>
    <color name="main_info">ffffffff</color>

    <!-- Dialogs -->
    <color name="dialog_nib">ff2a3643</color>
    <color name="dialog_overlay">80000008</color>

    <color name="dialog_fg_100">ffededed</color>
    <color name="dialog_fg_90">e7ededed</color>
    <color name="dialog_fg_70">b3ededed</color>
    <color name="dialog_fg_50">80ededed</color>
    <color name="dialog_fg_30">4dededed</color>
    <color name="dialog_fg_12">1fededed</color>

    <color name="dialog_bg_100">ff000000</color>
    <color name="dialog_bg_90">e7000000</color>
    <color name="dialog_bg_70">b3000000</color>
    <color name="dialog_bg_50">80000000</color>
    <color name="dialog_bg_30">4d000000</color>
    <color name="dialog_bg_12">1f000000</color>

    <!-- Panels -->
    <color name="panel_bg_70">b3000000</color>
    <color name="panel_bg_50">80000000</color>
    <color name="panel_fg_100">ffededed</color>
    <color name="panel_fg_90">e7ededed</color>
    <color name="panel_fg_70">b3ededed</color>
    <color name="panel_fg_50">80ededed</color>
    <color name="panel_fg_30">4dededed</color>
    <color name="panel_fg_12">1fededed</color>

    <!-- Overlay -->
    <color name="overlay_soft">0cffffff</color>
    <color name="overlay_hard">19ffffff</color>

    <!-- Shadow -->
    <color name="shadow_soft">1a000000</color>
    <color name="shadow_full">c0000000</color>
    <color name="shadow_hard">80000000</color>
    <color name="shadow_back">e7000000</color>

    <!-- Misc -->
    <color name="yellow_star">d7ffcd3c</color>

</colors>
