{
    "prefix": "Exp_View",
    "viewtypes": {
        "50":   "31113",
        "500":  "31117",
        "501":  "31121",
        "502":  "31120",
        "507":  "31143",
        "508":  "31193",
        "51":   "31112",
        "510":  "31116",
        "511":  "31122",
        "512":  "31119",
        "517":  "31144",
        "52":   "31111",
        "520":  "31115",
        "521":  "31343",
        "522":  "31118",
        "527":  "31344",
        "550":  "31275",
        "552":  "31342",
        "540":  "20459",
        "558":  "31276",
        "57":   "31149",
        "570":  "31150",
        "572":  "31148",
        "58":   "31172",
        "580":  "31128",
        "581":  "31345"
    },
    "icons": {
        "50":   "special://skin/extras/viewtypes/50.jpg",
        "500":  "special://skin/extras/viewtypes/500.jpg",
        "501":  "special://skin/extras/viewtypes/501.jpg",
        "502":  "special://skin/extras/viewtypes/502.jpg",
        "507":  "special://skin/extras/viewtypes/507.jpg",
        "508":  "special://skin/extras/viewtypes/508.jpg",
        "51":   "special://skin/extras/viewtypes/51.jpg",
        "510":  "special://skin/extras/viewtypes/510.jpg",
        "511":  "special://skin/extras/viewtypes/511.jpg",
        "512":  "special://skin/extras/viewtypes/512.jpg",
        "517":  "special://skin/extras/viewtypes/517.jpg",
        "52":   "special://skin/extras/viewtypes/52.jpg",
        "520":  "special://skin/extras/viewtypes/520.jpg",
        "521":  "special://skin/extras/viewtypes/521.jpg",
        "522":  "special://skin/extras/viewtypes/522.jpg",
        "527":  "special://skin/extras/viewtypes/527.jpg",
        "550":  "special://skin/extras/viewtypes/550.jpg",
        "552":  "special://skin/extras/viewtypes/552.jpg",
        "540":  "special://skin/extras/viewtypes/540.jpg",
        "558":  "special://skin/extras/viewtypes/558.jpg",
        "57":   "special://skin/extras/viewtypes/57.jpg",
        "570":  "special://skin/extras/viewtypes/570.jpg",
        "572":  "special://skin/extras/viewtypes/572.jpg",
        "58":   "special://skin/extras/viewtypes/58.jpg",
        "580":  "special://skin/extras/viewtypes/580.jpg",
        "581":  "special://skin/extras/viewtypes/581.jpg"
    },
    "rules": {
        "images": {
            "rule": "Container.Content(images)",
            "viewtypes": ["50", "500", "501", "507", "51", "510", "511", "517", "57", "570"],
            "library": "51",
            "plugins": "51"
        },
        "videos": {
            "rule": "Container.Content(videos)",
            "viewtypes": ["51", "510", "511", "517", "57", "570"],
            "library": "51",
            "plugins": "51"
        },
        "movies": {
            "rule": "Container.Content(movies)",
            "viewtypes": ["51", "510", "511", "517", "57", "570", "52", "520", "521", "527", "550", "558", "58", "580", "581"],
            "library": "52",
            "plugins": "52"
        },
        "sets": {
            "rule": "Container.Content(sets)",
            "viewtypes": ["51", "510", "512", "511", "517", "57", "570", "572", "52", "520", "521", "527", "550", "558", "58", "580", "581", "522"],
            "library": "52",
            "plugins": "52"
        },
        "tvshows": {
            "rule": "Container.Content(tvshows)",
            "viewtypes": ["51", "510", "512", "511", "517", "57", "570", "572", "52", "520", "521", "527", "550", "558", "58",  "580", "581", "522"],
            "library": "52",
            "plugins": "52"
        },
        "seasons": {
            "rule": "Container.Content(seasons)",
            "viewtypes": ["512", "511", "517", "57", "570", "572", "52", "520", "521", "527", "550", "558", "552", "58",  "580", "581"],
            "library": "512",
            "plugins": "512"
        },
        "episodes": {
            "rule": "Container.Content(episodes)",
            "viewtypes": ["51", "510", "511", "517", "521", "527", "57", "570", "558", "581"],
            "library": "51",
            "plugins": "51"
        },
        "genres": {
            "rule": "Container.Content(genres)",
            "viewtypes": ["50", "501", "512", "522", "540"],
            "library": "540",
            "plugins": "540"
        },
        "years": {
            "rule": "Container.Content(years)",
            "viewtypes": ["50", "501", "512", "522", "540"],
            "library": "540",
            "plugins": "540"
        },
        "studios": {
            "rule": "Container.Content(studios)",
            "viewtypes": ["50", "501", "512", "522", "540"],
            "library": "540",
            "plugins": "540"
        },
        "directors": {
            "rule": "Container.Content(directors)",
            "viewtypes": ["50", "501", "512", "522", "540"],
            "library": "540",
            "plugins": "540"
        },
        "countries": {
            "rule": "Container.Content(countries)",
            "viewtypes": ["50", "501", "512", "522", "540"],
            "library": "540",
            "plugins": "540"
        },
        "tags": {
            "rule": "Container.Content(tags)",
            "viewtypes": ["50", "501", "512", "522", "540"],
            "library": "540",
            "plugins": "540"
        },
        "roles": {
            "rule": "Container.Content(roles)",
            "viewtypes": ["50", "502", "501", "512", "540"],
            "library": "540",
            "plugins": "540"
        },
        "actors": {
            "rule": "Container.Content(actors)",
            "viewtypes": ["501", "512", "52", "520", "521", "58", "580", "522", "540"],
            "library": "52",
            "plugins": "52"
        },
        "playlists": {
            "rule": "Container.Content(playlists)",
            "viewtypes": ["50", "501", "540"],
            "library": "540",
            "plugins": "540"
        },
        "games": {
            "rule": "Container.Content(games)",
            "viewtypes": ["50", "500", "501", "502", "507", "51", "510", "511", "512", "517", "52", "520", "521", "522", "57", "570", "58", "580", "540"],
            "library": "50",
            "plugins": "50"
        },
        "musicvideos": {
            "rule": "Container.Content(musicvideos)",
            "viewtypes": ["50", "500", "501", "507", "51", "510", "511", "517", "52", "520", "521", "57", "570", "58", "580", "540"],
            "library": "50",
            "plugins": "50"
        },
        "artists": {
            "rule": "Container.Content(artists)",
            "viewtypes": ["50", "500", "502", "501", "507", "508", "51", "510", "511", "517", "57", "570", "572", "552", "540"],
            "library": "50",
            "plugins": "50"
        },
        "albums": {
            "rule": "Container.Content(albums)",
            "viewtypes": ["50", "500", "501", "507", "508", "517", "540"],
            "library": "50",
            "plugins": "50"
        },
        "songs": {
            "rule": "Container.Content(songs)",
            "viewtypes": ["501", "508", "511"],
            "library": "501",
            "plugins": "501"
        },
        "files": {
            "rule": "Container.Content(files)",
            "viewtypes": ["50", "501", "540", "558", "511", "517", "510", "570"],
            "library": "540",
            "plugins": "540"
        },
        "sources": {
            "rule": "Container.Content(sources)",
            "viewtypes": ["50", "501", "540"],
            "library": "540",
            "plugins": "540"
        },
        "addons": {
            "rule": "Container.Content(addons)",
            "viewtypes": ["50", "500", "501", "507", "51", "510", "511", "517", "57", "570", "572", "540"],
            "library": "50",
            "plugins": "50"
        },
        "none": {
            "rule": "Container.Content()",
            "viewtypes": ["50", "500", "502", "501", "511", "540"],
            "library": "50",
            "plugins": "50"
        }

    }
}