{
    "infolabels": {
        "skinstring_focuscolor_name": "Skin.String(focuscolor.name)",
        "skinstring_gradientcolor_name": "Skin.String(gradientcolor.name)",
        "skinstring_watchedprogresscolor_name": "Skin.String(watchedprogresscolor.name)",
        "skinstring_sidemenucollapse": "Skin.String(Home.SideMenuCollapse)",
        "skinstring_lastbuildtime": "Skin.String(Shortcuts.RebuildDateTime)"
    },
    "actions": [
        "route=action=buildtemplate&no_reload=true&template=textures&skinstring_focuscolor_name={skinstring_focuscolor_name}&skinstring_gradientcolor_name={skinstring_gradientcolor_name}&skinstring_watchedprogresscolor_name={skinstring_watchedprogresscolor_name}",
        "route=action=buildtemplate&sidemenucollapse={skinstring_sidemenucollapse}&lastbuildtime={skinstring_lastbuildtime}"
    ]
}