<?xml version="1.0" encoding="UTF-8"?>
<window type="window" id="1105">
    <defaultcontrol always="true">64</defaultcontrol>
    <menucontrol>303</menucontrol>

    <include>Action_Blur_Onload</include>

    <onload condition="!String.IsEmpty(Window(Home).Property(CustomSearchTerm))">AlarmClock(refocus,RunScript(script.skinvariables,set_editcontrol=9099,window_id=1105,setfocus=64,text=$INFO[Window(Home).Property(CustomSearchTerm)]),00:01,silent)</onload>
    <onload>ClearProperty(CustomSearchTerm,Home)</onload>

    <onunload condition="!String.IsEmpty(Control.GetLabel(9099).index(1))">RunScript(script.skinvariables,add_skinstring_history=SearchHistory,value=$INFO[Control.GetLabel(9099).index(1)])</onunload>
    <onunload>ClearProperty(SearchTerm,1105)</onunload>
    <onunload>ClearProperty(MediaFilterBase,1105)</onunload>
    <onunload>ClearProperty(MediaFilterWall,1105)</onunload>

    <controls>
        <include>Defs_TMDbHelper_Loader</include>
        <include>Background_Main</include>
        <include>Background_Transition</include>
        <include>Search_View</include>
        <include>Home_Fade</include>
        <include content="Home_Menu">
            <param name="onlist">6000</param>
        </include>
        <include content="View_Bumper">
            <param name="groupid">5099</param>
        </include>
        <include content="Furniture_Top">
            <param name="label">$VAR[Label_Setting_SearchStyle][CAPITALIZE]$INFO[Control.GetLabel(9099).index(1), [COLOR=main_fg_30]›[/COLOR] ,][/CAPITALIZE]</param>
            <include>Animation_Group_Bumper</include>
            <include>Animation_View_WindowChange</include>
            <visible>!$EXP[Exp_InfoDialogs]</visible>
        </include>
        <include>View_Dialog_VideoPIP</include>
        <include>View_Dialog_Plot</include>
        <include>Search_Filter</include>
    </controls>
</window>
