<?xml version="1.0" encoding="UTF-8" standalone="yes"?>
<addon id="resource.images.serenv2icons.white" name="Seren Icons V2- White" version="0.0.1" provider-name="Goldenfreddy0703">
	<extension point="kodi.resource.images" compile="true" type="serenv2icons" />
	<requires>
		<import addon="kodi.resource" version="1.0.0"/>
	</requires>
	<extension point="xbmc.addon.metadata">
		<summary lang="en">Seren Icons</summary>
		<description lang="en">Icons for Seren</description>
		<platform>all</platform>
		<license>CC-BY-SA-3.0</license>
		<assets>
			<icon>ico-seren-3.png</icon>
			<fanart>fanart-seren-3.png</fanart>
		</assets>
	</extension>
</addon>
