<contents>
    <value name="comments">Static Mainmenu</value>
    <template>generator/data/parts/basic_include.xmltemplate</template>
    <value name="includes_name">skinvariables-{item}-staticitems</value>
    <value name="includes_part">
        <items menu="{item}">
            <item>
                <template>generator/data/parts/menu_item.xmltemplate</template>
                <datafile>generator/data/setup/onclick_path.xml</datafile>
                <condition>{item_disabled}!=True</condition>
                <rules name="parts_visible">
                    <rule>
                        <condition>{item_sidemenu_guid}!=</condition>
                        <value>String.IsEqual(Container({sidemenu_id}).ListItem.Property(guid),{item_sidemenu_guid})</value>
                    </rule>
                    <rule>
                        <condition>True</condition>
                        <value>True</value>
                    </rule>
                </rules>
                <value name="parts_additional">
                    <template>generator/data/parts/additional_mainmenu.xmltemplate</template>
                </value>
            </item>
        </items>
    </value>
</contents>