<contents>
    <template>generator/data/parts/basic_include.xmltemplate</template>
    <value name="comments">Standard Widgets</value>
    <value name="includes_name">skinvariables-{item}-widgets</value>
    <value name="includes_part">
        <items menu="{item}">
            <item>
                <datafile>generator/data/base/category_widgets_standard_group.xml</datafile>
            </item>
        </items>
    </value>
    <value name="includes_misc">
        <datafile>generator/data/base/category_widgets_global_group.xml</datafile>
    </value>
</contents>
