<contents>
    <value name="comments">Search Menu End Row</value>
    <template>generator/data/parts/basic_include.xmltemplate</template>
    <value name="includes_name">skinvariables-searchmenu-rowitems</value>
    <value name="includes_part">
        <items menu="searchmenu">
            <item>
                <template>generator/data/parts/endrow_item.xmltemplate</template>
                <datafile>generator/data/setup/search_path.xml</datafile>
                <value name="item_path">$VAR[Path_SearchTerm,{widget_path},{widget_path_end}]</value>
                <value name="parts_onclick">
                    <template>&lt;onclick&gt;ActivateWindow({widget_target},$VAR[Path_SearchTerm,{widget_path},{widget_path_end}],return)&lt;/onclick&gt;</template>
                </value>
                <value name="endrow_widget_id">$MATH[5000 + {item_x} + 1]</value>
                <value name="parts_visible">!Skin.HasSetting(Search.EnableDiscover) + [!Integer.IsEqual(Container($MATH[5000 + {item_x} + 1]).NumItems,0) | Container($MATH[5000 + {item_x} + 1]).IsUpdating]</value>
                <condition>{item_path}!=</condition>
                <condition>{item_disabled}!=True</condition>
            </item>
        </items>
    </value>
</contents>