<?xml version="1.0" encoding="UTF-8" standalone="yes"?>
<addon id="resource.images.serenicons.white" name="Seren Icons - White" version="0.0.3" provider-name="Goldenfreddy0703">
	<extension point="kodi.resource.images" compile="true" type="serenicons" />
	<requires>
		<import addon="kodi.resource" version="1.0.0"/>
	</requires>
	<extension point="xbmc.addon.metadata">
		<summary lang="en">Seren Icons</summary>
		<description lang="en">Icons for Seren</description>
		<platform>all</platform>
		<license>CC-BY-SA-3.0</license>
		<assets>
			<icon>ico-seren-2.png</icon>
			<fanart>fanart-seren-2.jpg</fanart>
		</assets>
	</extension>
</addon>
