<?xml version="1.0" encoding="UTF-8"?>
<window>
    <defaultcontrol>300</defaultcontrol>
    <include>Action_Blur_Onload</include>
    <onload>Skin.SetString(TMDbHelper.MonitorContainer,99950)</onload>
    <onload>ClearProperty(TMDbHelper.HideView,Home)</onload>
    <onload>SetProperty(TMDbHelper.WidgetContainer,301)</onload>
    <onunload>ClearProperty(MenuSelect,Home)</onunload>
    <onunload>ClearProperty(AnimationDirection,Home)</onunload>
    <onload>RunScript(script.skinshortcuts,type=buildxml&amp;mainmenuID=300&amp;levels=1&amp;group=mainmenu|powermenu|searchmenu)</onload>
    <onload condition="Control.HasFocus(301) + !String.IsEmpty(Window(Home).Property(FullscreenWidgetRefocus))">SetFocus($INFO[Window(Home).Property(FullscreenWidgetRefocus)])</onload>
    <onload condition="Control.HasFocus(301) + String.IsEmpty(Window(Home).Property(FullscreenWidgetRefocus))">SetFocus(300)</onload>
    <onload>ClearProperty(FullscreenWidgetRefocus,Home)</onload>
    <controls>
        <include>Defs_TMDbHelper_Loader</include>
        <include content="Object_Hidden_List">
            <param name="id">99994</param>
            <content><include>skinshortcuts-submenu-1</include></content>
        </include>
        <include>skinshortcuts-template-fullscreen-widget</include>
        <include content="Object_Hidden_List">
            <param name="id">301</param>
            <visible>String.IsEmpty(Container(300).ListItem.Property(widgetPath))</visible>
            <content><include>skinshortcuts-template-fullscreen-fallback</include></content>
        </include>


        <include>Background_ExtraFanart</include>
        <include>Background_Main</include>

        <!-- Fullscreen Widget -->
        <control type="group">
            <visible>Integer.IsEqual(Window.Property(TMDBHelper.WidgetContainer),301)</visible>
            <visible>$EXP[Exp_FullscreenWidgetStandard]</visible>
            <visible>!$EXP[Exp_InfoDialogs]</visible>
            <visible>!$EXP[Exp_RecommendationDialogs]</visible>
            <animation effect="fade" start="0" end="100" time="400" reversible="false">Visible</animation>
            <animation effect="fade" start="100" end="0" time="400" reversible="false">Hidden</animation>
            <include>Animation_Foreground_FadeInOut</include>
            <include>Background_NotVideo</include>
            <control type="group">
                <animation condition="!Container(301).OnNext" effect="slide" start="0" end="-1920" delay="0" time="400" tween="quadratic" easing="out" reversible="false">Conditional</animation>
                <animation condition="!Container(301).OnPrevious" effect="slide" start="0" end="1920" delay="0" time="400" tween="quadratic" easing="out" reversible="false">Conditional</animation>
                <control type="image">
                    <left>-1920</left>
                    <width>1920</width>
                    <height>1080</height>
                    <texture background="true">$VAR[Image_FullscreenWidget_Artwork-1]</texture>
                    <aspectratio>scale</aspectratio>
                    <visible>Container(301).OnNext | Container(301).OnPrevious</visible>
                    <animation effect="fade" start="100" end="0" delay="400" time="1" reversible="false">Hidden</animation>
                </control>
                <control type="image">
                    <width>1920</width>
                    <height>1080</height>
                    <texture background="true">$VAR[Image_FullscreenWidget_Artwork]</texture>
                    <aspectratio>scale</aspectratio>
                    <fadetime>400</fadetime>
                </control>
                <control type="image">
                    <left>1920</left>
                    <width>1920</width>
                    <height>1080</height>
                    <texture background="true">$VAR[Image_FullscreenWidget_Artwork+1]</texture>
                    <aspectratio>scale</aspectratio>
                    <visible>Container(301).OnNext | Container(301).OnPrevious</visible>
                    <animation effect="fade" start="100" end="0" delay="400" time="1" reversible="false">Hidden</animation>
                </control>
            </control>
            <control type="image">
                <texture colordiffuse="d9ffffff">background/vignetted.png</texture>
            </control>
        </control>

        <!-- All Widgets Group -->
        <control type="group" id="320">
            <animation type="Conditional" condition="Control.IsVisible(330) | !String.IsEmpty(Window(Home).Property(330_FocusBounce))" reversible="false">
                <effect type="slide" end="0,-30" time="60" tween="sine" />
                <effect type="slide" end="0,30" time="180" tween="sine" delay="80" />
            </animation>
            <animation type="WindowOpen" reversible="false" condition="Window.Previous(1114)">
                <effect type="slide" start="320" end="0" time="400" delay="0" tween="cubic" easing="out" />
                <effect type="fade" start="0" end="100" time="300" delay="0" tween="sine" easing="out"/>
            </animation>
            <animation type="WindowClose" reversible="false" condition="Window.Next(1114)">
                <effect type="slide" start="0" end="320" time="300" delay="0" tween="cubic" easing="out" />
                <effect type="fade" start="100" end="0" time="300" delay="0" tween="sine" easing="out"/>
            </animation>
            <include>skinshortcuts-template-widgets</include>
        </control>

        <!-- Fade -->
        <control type="group">
            <animation effect="fade" reversible="false" start="0" end="100" time="400">WindowOpen</animation>
            <animation effect="fade" reversible="false" start="100" end="0" time="400">WindowClose</animation>
            <control type="image">
                <animation effect="fade" reversible="false" start="0" end="100" time="400">Visible</animation>
                <animation effect="fade" reversible="false" start="100" end="0" time="400">Hidden</animation>
                <include>skinshortcuts-template-wallfade-top-visible</include>
                <visible>!String.IsEqual(Window.Property(Slide.WidgetInfoStyle),Full)</visible>
                <visible>!$EXP[Exp_InfoDialogs]</visible>
                <visible>!$EXP[Exp_RecommendationDialogs]</visible>
                <height>200</height>
                <top>0</top>
                <texture>common/dim-top-bezier.png</texture>
            </control>

            <control type="group">
                <centertop>70</centertop>
                <height>140</height>
                <visible>!$EXP[Exp_InfoDialogs]</visible>
                <visible>!$EXP[Exp_RecommendationDialogs]</visible>
                <visible>!Control.HasFocus(399) + !Control.HasFocus(300) + !Control.HasFocus(302)</visible>
                <animation effect="fade" reversible="false" start="0" end="100" time="400">Visible</animation>
                <animation effect="fade" reversible="false" start="100" end="0" time="400">Hidden</animation>
                <include content="Object_NavButton">
                    <param name="id">320</param>
                    <param name="flipy">false</param>
                </include>
            </control>

            <control type="group">
                <animation effect="fade" reversible="false" start="0" end="100" time="400">Visible</animation>
                <animation effect="fade" reversible="false" start="100" end="0" delay="0" time="400">Hidden</animation>
                <include>skinshortcuts-template-wallfade-bottom-visible</include>
                <visible>!$EXP[Exp_InfoDialogs]</visible>
                <visible>!$EXP[Exp_RecommendationDialogs]</visible>
                <control type="image">
                    <height>120</height>
                    <bottom>0</bottom>
                    <texture flipy="true">common/dim-top-bezier.png</texture>
                    <visible>!String.IsEqual(Window.Property(Slide.WidgetInfoStyle),Full) | !Skin.HasSetting(Widgets.ExpandedFooter)</visible>
                    <animation effect="fade" reversible="false" start="0" end="100" time="400" delay="0">Visible</animation>
                    <animation effect="fade" reversible="false" start="100" end="0" delay="0" time="400">Hidden</animation>
                </control>
                <control type="group">
                    <centerbottom>70</centerbottom>
                    <height>140</height>
                    <include content="Object_NavButton">
                        <param name="id">320</param>
                        <param name="flipy">true</param>
                    </include>
                </control>
            </control>


        </control>


        <!-- Right Header -->
        <control type="group">
            <visible>!$EXP[Exp_InfoDialogs]</visible>
            <visible>!$EXP[Exp_RecommendationDialogs]</visible>
            <control type="group">
                <visible>!Window.IsVisible(favourites)</visible>
                <include>Furniture_Top_Right</include>
            </control>
        </control>

        <!-- Left Header -->
        <include content="Object_Control">
            <param name="control">group</param>
            <include content="Furniture_Top_Left">
                <param name="label">$VAR[Label_HomeHeader]</param>
            </include>
            <visible>!$EXP[Exp_InfoDialogs]</visible>
            <visible>!$EXP[Exp_RecommendationDialogs]</visible>
            <visible>!$EXP[Exp_HomeBarVisible]</visible>
            <animation effect="fade" start="0" end="100" time="400" delay="200" reversible="false">Visible</animation>
        </include>

        <!-- Codec Info -->
        <include content="Object_Control" condition="Skin.HasSetting(Widgets.ExpandedFooter)">
            <param name="control">group</param>
            <visible>!$EXP[Exp_InfoDialogs]</visible>
            <visible>!$EXP[Exp_HomeBarVisible]</visible>
            <visible>!$EXP[Exp_RecommendationDialogs]</visible>
            <visible>[String.IsEqual(Window.Property(Slide.WidgetInfoStyle),Full) + !String.IsEmpty(Window.Property(Slide.WidgetContainer))] | [Integer.IsEqual(Window.Property(TMDBHelper.WidgetContainer),301) + !String.IsEqual(Container(300).ListItem.Property(widgetStyle),Fullscreen) + !String.IsEmpty(Container(300).ListItem.Property(widgetStyle))]</visible>
            <include>Furniture_Bottom</include>
            <animation effect="fade" start="0" end="100" time="400" delay="200" reversible="false">Visible</animation>
        </include>

        <!-- Submenu -->
        <include content="Object_Options_Menu">
            <param name="visible" value="!Window.IsVisible(DialogSelect.xml) + !Window.IsVisible(favourites)" />
            <param name="onback" value="300" />
            <param name="id" value="302" />
            <param name="hasbuttonoverlay" value="false" />
            <param name="usegrouplist" value="false" />
            <param name="nib_pos" value="420" />
            <param name="useanimation" value="false" />
            <include content="Object_Left" condition="Skin.HasSetting(Home.DisableSearchMenu)">
                <param name="left">40</param>
            </include>
            <include content="Object_Left" condition="!Skin.HasSetting(Home.DisableSearchMenu)">
                <param name="left">140</param>
            </include>
            <animation effect="slide" start="0" end="100" condition="Container(300).Position(1)">Conditional</animation>
            <animation effect="slide" start="0" end="200" condition="Container(300).Position(2)">Conditional</animation>
            <animation effect="slide" start="0" end="300" condition="Container(300).Position(3)">Conditional</animation>
            <animation effect="slide" start="0" end="400" condition="Container(300).Position(4)">Conditional</animation>
            <animation effect="slide" start="0" end="500" condition="Container(300).Position(5)">Conditional</animation>
            <animation effect="slide" start="0" end="600" condition="Container(300).Position(6)">Conditional</animation>
            <animation effect="slide" start="0" end="700" condition="Container(300).Position(7)">Conditional</animation>
            <animation effect="slide" start="0" end="800" condition="Container(300).Position(8)">Conditional</animation>
            <animation effect="slide" start="0" end="900" condition="Container(300).Position(9)">Conditional</animation>
            <animation effect="slide" start="0" end="1000" condition="Container(300).Position(10)">Conditional</animation>
            <animation type="Conditional" reversible="false" condition="Control.HasFocus(302)">
                <effect type="fade" start="0" end="100" time="300" />
                <effect type="slide" start="0,-48" end="0" center="auto" tween="back" easing="out" time="400" />
            </animation>
            <animation type="Conditional" reversible="false" condition="!Control.HasFocus(302)">
                <effect type="fade" start="100" end="0" time="0" />
            </animation>
            <animation type="WindowOpen" reversible="true" condition="Control.HasFocus(302)">
                <effect type="fade" start="0" end="100" time="300" />
                <effect type="slide" start="0,-48" end="0" center="auto" tween="back" easing="out" time="400" />
            </animation>
            <animation type="WindowClose" reversible="false">
                <effect type="fade" start="100" end="0" time="150" />
            </animation>
            <include content="List_DialogSelect">
                <param name="id" value="302" />
                <param name="itemlayout_include" value="Layout_Submenu" />
                <onleft>300</onleft>
                <onright>300</onright>
                <onback>300</onback>
                <ondown>302</ondown>
                <onup>302</onup>
                <top>grid_x12</top>
                <bottom>grid_x02</bottom>
                <content><include>skinshortcuts-submenu</include></content>
                <include>Animation_SlideIn_Dialog</include>
                <animation effect="slide" start="0" end="0,-1080" condition="!Control.HasFocus(302)">Conditional</animation>
            </include>
        </include>

        <!-- Menu bar -->
        <include content="Object_MenuBar_Group">
            <param name="overlay" value="false" />
            <param name="colordiffuse" value="main_fg_12" />
            <param name="backing">False</param>
            <left>40</left>
            <visible>!$EXP[Exp_InfoDialogs]</visible>
            <visible>$EXP[Exp_HomeBarVisible]</visible>
            <visible>!$EXP[Exp_RecommendationDialogs]</visible>
            <animation effect="fade" start="100" end="0" condition="Window.Next(1114)">Conditional</animation>
            <include content="Object_Hidden_Button">
                <param name="id" value="399" />
                <onleft condition="!Skin.HasSetting(Home.DisableSearchMenu) + String.IsEmpty(Container(300).ListItemNoWrap(-1).Label)">ClearProperty(AnimationDirection)</onleft>
                <onleft condition="!Skin.HasSetting(Home.DisableSearchMenu) + String.IsEmpty(Container(300).ListItemNoWrap(-1).Label)">ActivateWindow(1114)</onleft>
                <onleft condition="Skin.HasSetting(Home.DisableSearchMenu) + String.IsEmpty(Container(300).ListItemNoWrap(-1).Label)">SetProperty(OptionsMenuFocused,303,Home)</onleft>
                <onleft condition="Skin.HasSetting(Home.DisableSearchMenu) + String.IsEmpty(Container(300).ListItemNoWrap(-1).Label)">SetFocus(303)</onleft>
                <onright condition="String.IsEmpty(Container(300).ListItemNoWrap(1).Label)">SetProperty(OptionsMenuFocused,303,Home)</onright>
                <onright condition="String.IsEmpty(Container(300).ListItemNoWrap(1).Label)">SetFocus(303)</onright>


                <onleft condition="!String.IsEmpty(Container(300).ListItemNoWrap(-1).Label)">SetProperty(AnimationDirection,Left)</onleft>
                <onleft condition="!String.IsEmpty(Container(300).ListItemNoWrap(-1).Label)">SetProperty(WidgetWait,1)</onleft>
                <onleft condition="!String.IsEmpty(Container(300).ListItemNoWrap(-1).Label)">Control.Move(300,-1)</onleft>
                <onleft condition="!String.IsEmpty(Container(300).ListItemNoWrap(-1).Label)">AlarmClock(WidgetWait,ClearProperty(WidgetWait),00:00,silent)</onleft>

                <onright condition="!String.IsEmpty(Container(300).ListItemNoWrap(1).Label)">SetProperty(AnimationDirection,Right)</onright>
                <onright condition="!String.IsEmpty(Container(300).ListItemNoWrap(1).Label)">SetProperty(WidgetWait,1)</onright>
                <onright condition="!String.IsEmpty(Container(300).ListItemNoWrap(1).Label)">Control.Move(300,1)</onright>
                <onright condition="!String.IsEmpty(Container(300).ListItemNoWrap(1).Label)">AlarmClock(WidgetWait,ClearProperty(WidgetWait),00:00,silent)</onright>

                <onfocus>ClearProperty(OptionsMenuFocused,Home)</onfocus>
                <onfocus>SetProperty(TMDbHelper.WidgetContainer,301)</onfocus>

                <onup condition="String.IsEmpty(Skin.String(HomeMenu.OnUp)) + !Integer.IsEqual(Container(302).NumItems,0)">SetFocus(302,0,absolute)</onup>
                <onup condition="Skin.String(HomeMenu.OnUp,PowerMenu)">SetProperty(OptionsMenuFocused,303,Home)</onup>
                <onup condition="Skin.String(HomeMenu.OnUp,PowerMenu)">SetFocus(303)</onup>
                <oninfo condition="!Integer.IsEqual(Container(302).NumItems,0)">SetFocus(302,0,absolute)</oninfo>
                <onclick>SetProperty(MenuSelect,1)</onclick>
                <onclick>SetFocus(300)</onclick>
                <onclick>Action(Select)</onclick>
                <onclick>ClearProperty(MenuSelect)</onclick>
                <include>skinshortcuts-template-menubar</include>
            </include>
            <include content="Object_Control" condition="!Skin.HasSetting(Home.DisableSearchMenu)">
                <param name="control">image</param>
                <left>20</left>
                <width>80</width>
                <height>60</height>
                <centertop>50%</centertop>
                <aspectratio>keep</aspectratio>
                <bordersize>4</bordersize>
                <texture colordiffuse="main_fg_70">special://skin/extras/icons/search.png</texture>
            </include>
            <include content="Object_MenuBar_List">
                <param name="id" value="300" />
                <param name="color_nf" value="main_fg" />
                <param name="altfocus" value="Control.HasFocus(399)" />
                <onfocus condition="String.IsEmpty(Window.Property(MenuSelect))">SetFocus(399)</onfocus>
                <onfocus condition="String.IsEmpty(Window.Property(MenuSelect))">SetProperty(TMDbHelper.WidgetContainer,301)</onfocus>
                <include content="Object_Left" condition="!Skin.HasSetting(Home.DisableSearchMenu)">
                    <param name="left">80</param>
                </include>
                <include>skinshortcuts-template-menubar</include>
                <content><include>skinshortcuts-mainmenu</include></content>
            </include>
        </include>

        <control type="group">
            <visible>Window.Next(1114)</visible>
            <left>40</left>
            <top>60</top>
            <height>view_pad</height>
            <control type="group">
                <left>20</left>
                <width>740</width>
                <control type="group">
                    <height>70</height>
                    <centertop>50%</centertop>
                    <include content="Object_MenuBar_Item">
                        <param name="haslabel" value="false" />
                        <param name="selected" value="true" />
                        <param name="visible" value="true" />
                    </include>
                    <control type="image">
                        <left>10</left>
                        <width>60</width>
                        <bordersize>4</bordersize>
                        <aspectratio>keep</aspectratio>
                        <texture colordiffuse="$VAR[ColorSelected]">special://skin/extras/icons/search.png</texture>
                    </control>
                </control>
            </control>
        </control>

        <control type="button" id="330">
            <width>1</width>
            <height>1</height>
            <left>-1000</left>
            <onfocus>SetFocus(320)</onfocus>
            <onclick>SetFocus(320)</onclick>
            <visible allowhiddenfocus="true">Control.HasFocus(330)</visible>
            <animation effect="fade" time="300" start="0" end="0">Focus</animation>
        </control>

        <include content="Object_Options_Menu">
            <param name="grouplist_items" value="skinshortcuts-template-powermenu" />
            <param name="visible" value="!Window.IsVisible(DialogSelect.xml) + !Window.IsVisible(favourites)" />
            <param name="isfocused" value="!String.IsEmpty(Window(Home).Property(OptionsMenuFocused))" />
            <param name="onback" value="399" />
            <param name="id" value="303" />
            <param name="action_include">Action_OptionsMenu_HomeWrap</param>
        </include>

        <control type="button" id="360">
            <right>80</right>
            <centertop>100</centertop>
            <width>60</width>
            <height>60</height>
            <visible allowhiddenfocus="true">false</visible>
            <onleft>399</onleft>
            <onright>399</onright>
            <onup>399</onup>
            <ondown>399</ondown>
            <onclick condition="!String.IsEmpty(Window(Home).Property(OptionsMenuFocused))">ClearProperty(OptionsMenuFocused,Home)</onclick>
            <onclick condition="!String.IsEmpty(Window(Home).Property(OptionsMenuFocused))">SetFocus(399)</onclick>
            <onclick condition="String.IsEmpty(Window(Home).Property(OptionsMenuFocused))">SetProperty(OptionsMenuFocused,303,Home)</onclick>
            <onclick condition="String.IsEmpty(Window(Home).Property(OptionsMenuFocused))">SetFocus(303)</onclick>
        </control>

        <include content="Object_Control" condition="!Skin.HasSetting(Home.DisableSearchMenu)">
            <param name="control">button</param>
            <onclick>ClearProperty(AnimationDirection)</onclick>
            <onclick>ActivateWindow(1114)</onclick>
            <texturefocus />
            <texturenofocus />
            <font />
            <left>80</left>
            <centertop>100</centertop>
            <height>60</height>
            <width>120</width>
        </include>

    </controls>
</window>
