<?xml version="1.0" encoding="UTF-8" standalone="yes"?>
<addon id="script.otaku.themepak" version="0.0.10" name="Otaku Themepak" provider-name="TeamOtaku">
    <requires>
        <import addon="kodi.resource" version="1.0.0"/>
    </requires>
    <extension point="kodi.resource.images" compile="false" type="themepak" />
    <extension point="xbmc.addon.metadata">
        <summary>Themes for the Otaku Addon</summary>
        <description>Themes for Otaku are maintained separately to make distribution of the the addon itself easier/faster.</description>
        <platform>all</platform>
        <license>GPL-2.0</license>
        <assets>
            <icon>icon.png</icon>
            <fanart>fanart.jpg</fanart>
        </assets>
    </extension>
</addon>
