<?xml version="1.0" encoding="UTF-8"?>
<includes>
    <include name="View_MediaWindows_ID">
        <views>50,51,52,502,512,522,55,500,56,506,516</views>
    </include>

    <include name="View_Row_Header">
        <definition>
            <control type="group">
                <visible>!$EXP[Exp_InfoDialogs]</visible>
                <visible>!Window.IsVisible(DialogAddonSettings.xml)</visible>
                <visible>!Window.IsVisible(DialogGameControllers.xml)</visible>
                <visible>!Window.IsVisible(DialogPVRChannelManager.xml)</visible>
                <visible>!Window.IsVisible(DialogPVRGroupManager.xml)</visible>
                <include content="Furniture_Top">
                    <param name="label">$PARAM[label]</param>
                </include>
            </control>
        </definition>
    </include>

    <include name="View_Dialog_Plot">
        <param name="visible">Window.IsActive(1113)</param>
        <definition>
            <include content="DialogInfo_PlotBox">
                <param name="visible">Window.IsActive(1113)</param>
            </include>
        </definition>
    </include>

    <include name="View_Scrollbar_V">
        <param name="onright">menu</param>
        <param name="onleft">50</param>
        <param name="id">60</param>
        <definition>
            <control type="group">
                <nested />
                <width>view_pad</width>
                <right>0</right>
                <bottom>view_top</bottom>
                <control type="group">
                    <width>scrollbar_w</width>
                    <centerright>50%</centerright>
                    <visible allowhiddenfocus="true">Control.HasFocus($PARAM[id])</visible>
                    <control type="image">
                        <texture colordiffuse="main_fg_12">common/white.png</texture>
                        <width>1</width>
                        <centerright>50%</centerright>
                    </control>
                    <control type="scrollbar" id="$PARAM[id]">
                        <onleft>$PARAM[onleft]</onleft>
                        <onright>$PARAM[onright]</onright>
                        <onup>$PARAM[onup]</onup>
                        <ondown>$PARAM[ondown]</ondown>
                        <onback>$PARAM[onback]</onback>
                        <orientation>vertical</orientation>
                        <texturesliderbackground />
                        <texturesliderbar colordiffuse="00ffffff" border="4">scrollbar/scrollv_line.png</texturesliderbar>
                        <include>Texture_Scrollbar_V</include>
                    </control>
                </control>
            </control>
        </definition>
    </include>

    <include name="View_Scrollbars">
        <!-- Wall Action -->
        <include content="Object_Hidden_Button">
            <param name="id">68</param>
            <onfocus condition="![$EXP[Exp_FilterWall_IsActive]]">SetFocus($VAR[Action_View_ContentID])</onfocus>
            <onfocus condition="![$EXP[Exp_FilterWall_IsActive]]">ClearProperty(MediaFilterBase)</onfocus>
            <onfocus condition="![$EXP[Exp_FilterWall_IsActive]]">ClearProperty(MediaFilterWall)</onfocus>
            <onfocus condition="$EXP[Exp_FilterWall_IsActive]">Runscript(script.skinvariables,$VAR[MediaWall_ScriptTypeDef],use_rules,id=$VAR[Action_View_ContentID],win_prop=WallSlideOut,focus_id=$VAR[Action_View_ContentID],clear_prop_one=MediaFilterBase,clear_prop_two=MediaFilterWall)</onfocus>
        </include>

        <include content="Object_Hidden_Button">
            <param name="id">62</param>
            <onfocus>SetFocus($VAR[Action_View_ContentID])</onfocus>
        </include>

        <!-- Dummy for bouncing focus back to view on back -->
        <include content="Object_Hidden_Button">
            <param name="id">62</param>
            <onfocus>SetFocus($VAR[Action_View_ContentID])</onfocus>
        </include>
        <include content="Object_Hidden_Button">
            <param name="id">63</param>
            <onfocus>SetFocus(50)</onfocus>
        </include>
        <include content="Object_Hidden_Button">
            <param name="id">67</param>
            <onfocus condition="Skin.String(Navigation.OnDown,Explore)">Action(Down)</onfocus>
            <include condition="Skin.String(Navigation.OnDown,Explore)">Action_View_Explore_OnDown</include>
        </include>


        <!-- Scrollbar H -->
        <control type="group">
            <visible>$EXP[Exp_ScrollbarVisible_H] | $EXP[Exp_ScrollbarVisible_V] | !String.IsEmpty(Window.Property(MediaFilterBase))</visible>
            <control type="grouplist">
                <bottom>0</bottom>
                <height>40</height>
                <left>view_side</left>
                <right>view_pad</right>
                <orientation>horizontal</orientation>
                <align>left</align>
                <include>Animation_FadeIn_Delay</include>
                <control type="image">
                    <left>-10</left>
                    <texture flipy="true" colordiffuse="main_fg_90">special://skin/extras/icons/angle-up.png</texture>
                    <width>40</width>
                    <height>40</height>
                    <visible>!$EXP[Exp_ScrollbarVisible_V]</visible>
                    <visible>$EXP[Exp_ScrollbarVisible_H] | Skin.String(Navigation.OnDown,Explore)</visible>
                </control>
                <control type="image">
                    <left>-10</left>
                    <texture flipy="false" colordiffuse="main_fg_90">special://skin/extras/icons/angle-right.png</texture>
                    <width>40</width>
                    <height>40</height>
                    <visible>$EXP[Exp_ScrollbarVisible_V]</visible>
                </control>
                <control type="label">
                    <left>10</left>
                    <font>font_tiny</font>
                    <textcolor>main_fg_90</textcolor>
                    <label>$VAR[Label_Scrollbar_Hint]</label>
                    <height>35</height>
                    <width>auto</width>
                </control>
            </control>
            <control type="group">
                <height>scrollbar_w</height>
                <centerbottom>100</centerbottom>
                <left>view_side</left>
                <right>view_pad</right>
                <control type="group">
                    <height>scrollbar_w</height>
                    <centertop>50%</centertop>
                    <include>Info_KodiLogo_Image</include>
                    <control type="group">
                        <width>50</width>
                        <height>50</height>
                        <centertop>50%</centertop>
                        <visible>Container.Scrolling</visible>
                        <animation effect="fade" start="100" end="0" delay="400" time="1" reversible="false">Hidden</animation>
                        <include content="Info_FooterItemIcon">
                            <param name="icon">special://skin/extras/icons/_none.png</param>
                            <param name="centered">true</param>
                            <param name="size">50</param>
                        </include>
                        <control type="label">
                            <centerleft>50%</centerleft>
                            <centertop>50%</centertop>
                            <align>center</align>
                            <aligny>center</aligny>
                            <width>50</width>
                            <height>50</height>
                            <textcolor>main_bg_90</textcolor>
                            <font>font_mini_black</font>
                            <label>$INFO[ListItem.SortLetter]</label>
                        </control>
                    </control>
                    <control type="label">
                        <label>$INFO[Container.NumItems,[COLOR=main_fg_90][B],[/B][/COLOR]] $LOCALIZE[31022]</label>
                        <left>80</left>
                        <include>Defs_Label_FooterItem</include>
                    </control>
                    <control type="label">
                        <label>$LOCALIZE[31135] $INFO[Container.CurrentPage,[COLOR=main_fg_90][B],[/B][/COLOR] $LOCALIZE[20163] ]$INFO[Container.NumPages,[COLOR=main_fg_90][B],[/B][/COLOR]]</label>
                        <right>0</right>
                        <width>320</width>
                        <align>right</align>
                        <include>Defs_Label_FooterItem</include>
                    </control>
                    <control type="group">
                        <left>240</left>
                        <right>240</right>
                        <visible>$EXP[Exp_ScrollbarVisible_H]</visible>
                        <control type="image">
                            <texture colordiffuse="main_fg_12">common/white.png</texture>
                            <height>1</height>
                            <centertop>50%</centertop>
                        </control>
                        <control type="scrollbar" id="60">
                            <orientation>horizontal</orientation>
                            <texturesliderbackground />
                            <texturesliderbar colordiffuse="main_back" border="4">scrollbar/scrollh.png</texturesliderbar>
                            <include>Texture_Scrollbar_H</include>
                            <showonepage>true</showonepage>
                            <include>MediaFilter_Node_ClearAll</include>
                            <onup condition="!Window.IsVisible(MyPlaylist.xml)">SetFocus(68)</onup>
                            <onup condition="Window.IsVisible(MyPlaylist.xml)">ClearProperty(MediaFilterBase)</onup>
                            <onup condition="Window.IsVisible(MyPlaylist.xml)">ClearProperty(MediaFilterWall)</onup>
                            <onup condition="Window.IsVisible(MyPlaylist.xml)">50</onup>
                            <onback>68</onback>
                            <ondown>$VAR[Action_Var_ToMediaFilter]</ondown>
                        </control>
                    </control>
                </control>
            </control>
        </control>

    </include>

    <include name="View_Scrollbars_Vert">
        <control type="group">
            <bottom>view_top</bottom>
            <height>view_poster_item_h</height>
            <width>scrollbar_w</width>
            <centerright>40</centerright>
            <visible>$EXP[Exp_ScrollbarVisible_V]</visible>
            <control type="image">
                <texture colordiffuse="main_fg_12">common/white.png</texture>
                <width>1</width>
                <centerleft>50%</centerleft>
            </control>
            <control type="scrollbar" id="65">
                <onleft>SetFocus(50)</onleft>
                <orientation>vertical</orientation>
                <texturesliderbackground />
                <include>Texture_Scrollbar_SliderBar_V</include>
                <include>Texture_Scrollbar_V</include>
                <showonepage>true</showonepage>
                <onright>$VAR[Action_Var_ToMediaFilter_Vert]</onright>
                <onback>50</onback>
            </control>
        </control>
    </include>

    <include name="View_Row_Info">
        <control type="group">
            <visible>!$EXP[Exp_InfoDialogs]</visible>
            <include>Animation_Transition_InfoPanel_Hide</include>

            <control type="group">
                <include>MediaWall_Info_Transition</include>
                <include content="Info_Panel">
                    <param name="visible">String.IsEmpty(Window.Property(TMDBHelper.WidgetContainer))</param>
                    <top>view_top</top>
                    <width>info_panel_w</width>
                    <left>view_side</left>
                </include>
                <include content="View_Combined_Info" condition="$EXP[Exp_View_502_Include]"><param name="id">50</param></include>
                <include content="View_Combined_Info" condition="$EXP[Exp_View_512_Include]"><param name="id">51</param></include>
                <include content="View_Combined_Info" condition="$EXP[Exp_View_522_Include]"><param name="id">52</param></include>
                <include content="View_Combined_Info"><param name="id">55</param></include>
            </control>
        </control>
    </include>

    <include name="View_Row_Items">
        <control type="group">
            <include>Animation_Half_WindowChange_02</include>
            <include condition="$EXP[Exp_View_502_Include]">View_502_Square_Combined_Row</include>
            <include condition="$EXP[Exp_View_512_Include]">View_512_Landscape_Combined_Row</include>
            <include condition="$EXP[Exp_View_522_Include]">View_522_Poster_Combined_Row</include>

            <control type="group">
                <include>MediaWall_View_Transition</include>
                <include condition="$EXP[Exp_View_50_Include]">View_050_Square_Row</include>
                <include condition="$EXP[Exp_View_51_Include]">View_051_Landscape_Row</include>
                <include condition="$EXP[Exp_View_52_Include]">View_052_Poster_Row</include>
                <include condition="$EXP[Exp_View_56_Include]">View_056_MediaList</include>
                <include condition="$EXP[Exp_View_506_Include]">View_506_Square_MediaList</include>
                <include condition="$EXP[Exp_View_516_Include]">View_516_Landscape_MediaList</include>
                <include condition="$EXP[Exp_View_500_Include]">View_500_Square_List</include>

                <include content="Widget_Busy">
                    <param name="label">$VAR[Label_Section_Main]</param>
                    <param name="visible">Container.Content() + Integer.IsEqual(Container.NumItems,0)</param>
                    <height>divider_bottom</height>
                    <bottom>46</bottom>
                    <left>200</left>
                </include>
            </control>

            <control type="group">
                <visible>!$EXP[Exp_InfoDialogs]</visible>
                <include>Animation_Transition_InfoPanel_Hide</include>
                <control type="group">
                    <animation type="Conditional" reversible="false" condition="[$EXP[Exp_FilterWall_IsActive] | $EXP[Exp_DiscoverWall_IsActive]]">
                        <effect type="slide" end="0,-334" start="0" time="400" delay="0" tween="cubic" easing="out" />
                    </animation>
                    <animation type="Conditional" reversible="false" condition="![$EXP[Exp_FilterWall_IsActive] | $EXP[Exp_DiscoverWall_IsActive]]">
                        <effect type="slide" start="0,-334" end="0" time="400" delay="0" tween="cubic" easing="out" />
                    </animation>
                    <include content="Info_Viewline">
                        <param name="sort_condition">true</param>
                        <param name="library_condition">true</param>
                    </include>
                </control>
            </control>
        </control>
    </include>

    <include name="View_Row_Gutter">
        <control type="group">
            <visible>!$EXP[Exp_InfoDialogs]</visible>
            <visible>$EXP[Exp_FurnitureFooter_IsVisible]</visible>
            <control type="group">
                <visible>$EXP[Exp_FurnitureFooter_Left_IsVisible]</visible>
                <include content="Furniture_Bottom_Left">
                    <visible>![$EXP[Exp_View_502] | $EXP[Exp_View_512] | $EXP[Exp_View_522]]</visible>
                </include>
                <include content="Furniture_Bottom_Left">
                    <param name="container">Container(503).</param>
                    <visible>$EXP[Exp_View_502]</visible>
                </include>
                <include content="Furniture_Bottom_Left">
                    <param name="container">Container(513).</param>
                    <visible>$EXP[Exp_View_512]</visible>
                </include>
                <include content="Furniture_Bottom_Left">
                    <param name="container">Container(523).</param>
                    <visible>$EXP[Exp_View_522]</visible>
                </include>
            </control>
            <include>Furniture_Bottom_Right</include>
        </control>
    </include>

    <include name="View_Bumper">
        <param name="groupid">320</param>
        <param name="menuid">303</param>
        <definition>
            <control type="button" id="330">
                <width>1</width>
                <height>1</height>
                <left>-1000</left>
                <onfocus condition="!String.IsEmpty(Window.Property(List.ViewContainer))">SetFocus($INFO[Window.Property(List.ViewContainer)])</onfocus>
                <onfocus condition="String.IsEmpty(Window.Property(List.ViewContainer))">SetFocus($PARAM[groupid])</onfocus>
                <onclick>SetFocus($PARAM[groupid])</onclick>
                <visible allowhiddenfocus="true">Control.HasFocus(330)</visible>
                <animation effect="fade" time="300" start="0" end="0">Focus</animation>
            </control>
            <control type="button" id="331">
                <width>1</width>
                <height>1</height>
                <left>-1000</left>
                <onfocus>SetFocus($PARAM[menuid])</onfocus>
                <onclick>SetFocus($PARAM[menuid])</onclick>
                <visible allowhiddenfocus="true">Control.HasFocus(331)</visible>
                <animation effect="fade" time="300" start="0" end="0">Focus</animation>
            </control>
            <control type="button" id="332">
                <width>1</width>
                <height>1</height>
                <left>-1000</left>
                <onfocus condition="!String.IsEmpty(Window.Property(List.ViewContainer))">SetFocus($INFO[Window.Property(List.ViewContainer)])</onfocus>
                <onfocus condition="String.IsEmpty(Window.Property(List.ViewContainer))">SetFocus($PARAM[groupid])</onfocus>
                <onclick>SetFocus($PARAM[groupid])</onclick>
                <visible allowhiddenfocus="true">Control.HasFocus(332)</visible>
                <animation effect="fade" time="300" start="0" end="0">Focus</animation>
            </control>
            <control type="button" id="333">
                <width>1</width>
                <height>1</height>
                <left>-1000</left>
                <onfocus condition="!String.IsEmpty(Window.Property(List.ViewContainer))">SetFocus($INFO[Window.Property(List.ViewContainer)])</onfocus>
                <onfocus condition="String.IsEmpty(Window.Property(List.ViewContainer))">SetFocus($PARAM[groupid])</onfocus>
                <onclick>SetFocus($PARAM[groupid])</onclick>
                <visible allowhiddenfocus="true">Control.HasFocus(333)</visible>
                <animation effect="fade" time="300" start="0" end="0">Focus</animation>
            </control>
            <include content="Object_Hidden_Button">
                <param name="id">393</param>
                <onfocus condition="Skin.HasSetting(Hub.Home.DisableSubmenu)">$VAR[Action_Menu_Position]</onfocus>
                <onfocus condition="!Skin.HasSetting(Hub.Home.DisableSubmenu)">SetFocus(300)</onfocus>
            </include>
        </definition>
    </include>

    <include name="View_Furniture_Edges">
        <include>Home_Fade</include>
        <control type="group">
            <include>Animation_Group_Bumper</include>
            <include>Animation_View_WindowChange</include>
            <include>View_Row_Header</include>
            <control type="group">
                <include>Animation_Half_WindowChange_02</include>
                <include>View_Row_Gutter</include>
                <include condition="!Window.IsVisible(MyPlaylist.xml)">View_Scrollbars</include>
                <include condition="!Window.IsVisible(MyPlaylist.xml)">View_Scrollbars_Vert</include>
                <include>MediaFilter_Node</include>
            </control>
        </control>
        <include content="Home_Menu">
            <param name="onlist">50</param>
        </include>
        <include condition="Window.IsVisible(MyVideoNav.xml)">MediaFilter_Discover_Node</include>
    </include>

    <include name="View_MediaWall">
        <control type="group">
            <include>Animation_Half_WindowChange_02</include>
            <include condition="Window.IsVisible(MyVideoNav.xml)">MediaWall_Discover</include>
            <include condition="$EXP[Exp_FilterWall_IsEnabled]">MediaWall_All</include>
        </control>
    </include>

    <include name="View_Main">
        <definition>
            <include content="View_Bumper">
                <param name="groupid">50</param>
            </include>

            <include>Background_Main</include>
            <include>Background_Transition</include>

            <control type="group">
                <include>Animation_Group_Bumper</include>
                <include>Animation_View_WindowChange</include>
                <include>View_MediaWall</include>
                <include>View_Row_Items</include>
                <include>View_Row_Info</include>
            </control>
            <include>View_Furniture_Edges</include>
            <include>View_Dialog_Plot</include>

        </definition>
    </include>
</includes>