<?xml version="1.0" encoding="UTF-8"?>
<window type="dialog" id="1161">
    <defaultcontrol always="true">9000</defaultcontrol>
    <controls>

        <include content="Dialog_Overlay_Side">
            <param name="topline">false</param>
            <param name="subline">false</param>
            <param name="dialog_size">Dimension_DialogHugeMenu</param>
            <include>Animation_Right_Delay</include>
            <include content="Dialog_Head">
                <param name="label">$INFO[Weather.Location]</param>
            </include>
            <include content="Dialog_Body">
                <control type="group">
                    <include content="Dialog_Group">
                        <param name="right">160</param>
                    </include>

                    <control type="group">
                        <width>480</width>
                        <control type="image">
                            <left>0</left>
                            <top>-40</top>
                            <height>1</height>
                            <texture colordiffuse="dialog_fg_12">common/white.png</texture>
                        </control>
                        <control type="image">
                            <left>0</left>
                            <bottom>-40</bottom>
                            <height>1</height>
                            <texture colordiffuse="dialog_fg_12">common/white.png</texture>
                        </control>

                        <control type="grouplist">
                            <orientation>vertical</orientation>

                            <control type="label">
                                <label>$LOCALIZE[33006]</label>
                                <font>font_midi_black</font>
                                <textcolor>dialog_fg_90</textcolor>
                                <height>40</height>
                                <align>center</align>
                            </control>
                            <control type="label">
                                <label>$INFO[Weather.Conditions]</label>
                                <font>font_main</font>
                                <textcolor>dialog_fg_90</textcolor>
                                <height>40</height>
                                <align>center</align>
                            </control>

                            <control type="grouplist">
                                <top>40</top>
                                <height>120</height>
                                <orientation>horizontal</orientation>
                                <align>center</align>
                                <control type="label">
                                    <top>-2</top>
                                    <label>$INFO[Window(Weather).Property(Current.Temperature),[B],[/B]°]</label>
                                    <align>left</align>
                                    <aligny>center</aligny>
                                    <font>font_info_black</font>
                                    <textcolor>dialog_fg_90</textcolor>
                                    <width>auto</width>
                                </control>
                                <control type="image">
                                    <left>20</left>
                                    <centertop>50%</centertop>
                                    <width>128</width>
                                    <height>128</height>
                                    <aspectratio>keep</aspectratio>
                                    <texture colordiffuse="dialog_fg_90">resource://resource.images.weathericons.white/$INFO[Weather.FanartCode].png</texture>
                                </control>
                            </control>

                            <control type="group">
                                <top>20</top>
                                <height>40</height>
                                <control type="image">
                                    <centertop>50%</centertop>
                                    <height>1</height>
                                    <texture colordiffuse="dialog_fg_12">common/white.png</texture>
                                </control>
                            </control>

                            <control type="grouplist">
                                <top>0</top>
                                <height>120</height>
                                <orientation>horizontal</orientation>
                                <align>center</align>
                                <!-- UV -->
                                <include content="Weather_Dialog_Details">
                                    <param name="top_label">UV</param>
                                    <param name="sub_label">$INFO[Window(Weather).Property(Current.UVIndex)]</param>
                                    <visible>!String.IsEmpty(Window(Weather).Property(Current.UVIndex))</visible>
                                </include>
                                <!-- UV -->
                                <include content="Weather_Dialog_Details">
                                    <param name="top_label">$INFO[Window(Weather).Property(Current.FeelsLike), ,°]</param>
                                    <param name="sub_label">[CAPITALIZE]$LOCALIZE[402][/CAPITALIZE]</param>
                                    <visible>!String.IsEmpty(Window(Weather).Property(Current.FeelsLike))</visible>
                                </include>
                                <!-- Chance Rain -->
                                <include content="Weather_Dialog_Details">
                                    <param name="sub_label">[CAPITALIZE]$LOCALIZE[31465][/CAPITALIZE]</param>
                                    <param name="top_label">$INFO[Window(Weather).Property(Current.ChancePrecipitation)]</param>
                                    <visible>!String.IsEmpty(Window(Weather).Property(Current.ChancePrecipitation))</visible>
                                </include>
                            </control>

                            <control type="group">
                                <top>0</top>
                                <height>40</height>
                                <control type="image">
                                    <centertop>50%</centertop>
                                    <height>1</height>
                                    <texture colordiffuse="dialog_fg_12">common/white.png</texture>
                                </control>
                            </control>

                            <include content="Weather_Fanart_HighLow">
                                <top>20</top>
                            </include>

                        </control>


                    </control>

                    <control type="group">
                        <left>520</left>
                        <right>0</right>
                        <top>-40</top>
                        <bottom>-40</bottom>
                        <include>Weather_Detail_Panel</include>
                    </control>
                </control>
                <include content="Dialog_Side_Grouplist">
                    <param name="id">9000</param>
                    <onleft>61</onleft>
                    <include content="Dialog_Side_Button">
                        <param name="id">01</param>
                        <param name="label">$LOCALIZE[15067]</param>
                        <param name="icon">special://skin/extras/icons/circle-xmark.png</param>
                        <onclick>Close</onclick>
                    </include>
                    <include content="Dialog_Side_Button">
                        <param name="id">02</param>
                        <param name="label">$LOCALIZE[31006]</param>
                        <param name="icon">special://skin/extras/icons/map-location-dot.png</param>
                        <param name="visible">Window.IsVisible(weather)</param>
                        <onclick>Weather.LocationNext</onclick>
                    </include>
                    <include content="Dialog_Side_Button">
                        <param name="id">03</param>
                        <param name="label">Expand</param>
                        <param name="icon">special://skin/extras/icons/fullscreen.png</param>
                        <param name="visible">!Window.IsVisible(weather)</param>
                        <onclick>Close</onclick>
                        <onclick>ActivateWindow(weather)</onclick>
                    </include>
                    <include content="Dialog_Side_Button">
                        <param name="id">04</param>
                        <param name="label">Weekly</param>
                        <param name="icon">special://skin/extras/icons/calendar-day.png</param>
                        <param name="visible">!String.IsEmpty(Window(weather).Property(Radar))</param>
                    </include>
                    <include content="Dialog_Side_Button">
                        <param name="id">05</param>
                        <param name="label">$LOCALIZE[31473]</param>
                        <param name="icon">special://skin/extras/icons/radar.png</param>
                        <param name="visible">!String.IsEmpty(Window(weather).Property(Radar))</param>
                    </include>
                    <include content="Dialog_Side_Button">
                        <param name="id">06</param>
                        <param name="label">$LOCALIZE[5]</param>
                        <param name="icon">special://skin/extras/icons/settings.png</param>
                        <onclick>Close</onclick>
                        <onclick>ActivateWindow(servicesettings,weather)</onclick>
                    </include>
                </include>
            </include>
        </include>

    </controls>
</window>
