<?xml version="1.0" encoding="UTF-8"?>
<window type="dialog" id="1122">

    <defaultcontrol always="true">5001</defaultcontrol>
    <onload condition="String.IsEmpty(Skin.String(VideoInfo.PersonCredits.SortKey))">Skin.SetString(VideoInfo.PersonCredits.SortKey,popular)</onload>

    <controls>

        <include content="View_Bumper">
            <param name="groupid">5000</param>
        </include>

        <include content="Object_Hidden_Button">
            <param name="id">7000</param>
            <onfocus>SetFocus(4000)</onfocus>
        </include>

        <include>Defs_TMDbHelper_Loader</include>

        <control type="image">
            <texture colordiffuse="$VAR[ColorBackground]">common/white.png</texture>
        </control>
        <include>Background_Main</include>


        <control type="group">
            <include>Animation_Group_Bumper</include>
            <control type="group">
                <include>Dimension_Info</include>

                <include content="Info_Panel">
                    <param name="titlelabel">$VAR[Label_Title_Container]</param>
                    <param name="container">Container.</param>
                    <param name="plotlabel">$VAR[Label_Plot_Container]</param>
                    <width>info_panel_w</width>
                </include>
            </control>

            <control type="grouplist" id="5000">
                <top>500</top>
                <onup>Close</onup>
                <ondown>330</ondown>
                <include>Animation_Down_Delay</include>
                <orientation>vertical</orientation>
                <control type="group" id="5999">
                    <height>widget_tbump_h</height>
                </control>

                <include content="Widget_Info_Row">
                    <param name="id">01</param>
                    <param name="label">$LOCALIZE[342]</param>
                    <param name="include">List_Poster_Row</param>
                    <param name="detailed">true</param>
                    <param name="visible">!String.IsEmpty(Window.Property(Item_Query))</param>
                    <param name="menuid">4000</param>
                    <content>$INFO[Window.Property(Item_Query),plugin://plugin.video.themoviedb.helper/?info=stars_in_movies&amp;tmdb_type=person,]$VAR[Path_Param_SortKey_MovieCredits]$VAR[Path_Param_Widget]&amp;limit=100</content>
                    <include content="Action_Recommendations_OnClick">
                        <param name="id">5001</param>
                    </include>
                </include>

                <include content="Widget_Info_Row">
                    <param name="id">02</param>
                    <param name="label">$LOCALIZE[20343]</param>
                    <param name="include">List_Poster_Row</param>
                    <param name="detailed">true</param>
                    <param name="visible">!String.IsEmpty(Window.Property(Item_Query))</param>
                    <param name="menuid">4000</param>
                    <content>$INFO[Window.Property(Item_Query),plugin://plugin.video.themoviedb.helper/?info=stars_in_tvshows&amp;tmdb_type=person,]$VAR[Path_Param_SortKey_TVShowCredits]$VAR[Path_Param_Widget]&amp;limit=100</content>
                    <include content="Action_Recommendations_OnClick">
                        <param name="id">5002</param>
                    </include>
                </include>

                <include content="Widget_Info_Row">
                    <param name="id">03</param>
                    <param name="label">$LOCALIZE[31383]</param>
                    <param name="include">List_Poster_Row</param>
                    <param name="detailed">true</param>
                    <param name="visible">!String.IsEmpty(Window.Property(Item_Query))</param>
                    <param name="menuid">4000</param>
                    <content>$INFO[Window.Property(Item_Query),plugin://plugin.video.themoviedb.helper/?info=crew_in_both&amp;tmdb_type=person,]$VAR[Path_Param_SortKey_MovieCredits]$VAR[Path_Param_Widget]</content>
                    <include content="Action_Recommendations_OnClick">
                        <param name="id">5003</param>
                    </include>
                </include>

            </control>
        </control>

        <include content="DialogInfo_ButtonGroup_Basic">
            <param name="include">Items_PersonCredits_MenuBar</param>
            <onleft condition="!String.IsEmpty(Window.Property(TMDbHelper.WidgetContainer))">SetFocus($INFO[Window.Property(TMDbHelper.WidgetContainer)],99999,absolute)</onleft>
            <onright condition="!String.IsEmpty(Window.Property(TMDbHelper.WidgetContainer))">SetFocus($INFO[Window.Property(TMDbHelper.WidgetContainer)],0,absolute)</onright>
        </include>
        <include content="Furniture_Top">
            <param name="label">$INFO[Window.Property(Item_Title)]</param>
        </include>

    </controls>
</window>