<?xml version="1.0" encoding="UTF-8"?>
<includes>
    <include name="DialogSelect_Standard">
        <control type="group">
            <include>Animation_Right_Delay</include>

            <control type="group">
                <include>Dimension_DialogWideMenu</include>
                <include content="Object_Dim_Side">
                    <param name="flipx">true</param>
                    <top>-200</top>
                    <bottom>-200</bottom>
                    <left>-320</left>
                    <right>-320</right>
                </include>
            </control>
            <include content="Dialog_Preview">
                <param name="icon">$INFO[Container(6).ListItem.Icon]</param>
                <visible>Control.IsVisible(6)</visible>
                <visible>Control.HasFocus(6)</visible>
                <visible>String.IsEqual(Control.GetLabel(1),$LOCALIZE[13511]) | String.IsEqual(Control.GetLabel(1),$LOCALIZE[20437])</visible>
                <animation effect="slide" end="0,200" condition="Container(6).Position(4) | Container(6).Position(5) | Container(6).Position(6) | Container(6).Position(7)">Conditional</animation>
                <!-- <control type="image">
                    <centertop>70</centertop>
                    <right>-16</right>
                    <height>16</height>
                    <width>16</width>
                    <texture colordiffuse="dialog_nib" flipx="true">arrows/arrow-menu.png</texture>
                    <animation effect="slide" end="0,100" condition="Container(6).Position(1)">Conditional</animation>
                    <animation effect="slide" end="0,200" condition="Container(6).Position(2) | Container(6).Position(4)">Conditional</animation>
                    <animation effect="slide" end="0,300" condition="Container(6).Position(3) | Container(6).Position(5)">Conditional</animation>
                    <animation effect="slide" end="0,400" condition="Container(6).Position(6)">Conditional</animation>
                    <animation effect="slide" end="0,500" condition="Container(6).Position(7)">Conditional</animation>
                </control> -->
            </include>

            <include content="Dialog_Overlay_Side">
                <param name="dim_visible">false</param>
                <param name="dialog_size">Dimension_DialogWideMenu</param>
                <include content="Dialog_Head">
                    <param name="label">$VAR[Label_ProfileName]</param>
                    <visible>!Control.IsVisible(6)</visible>
                </include>
                <include content="Dialog_Head">
                    <param name="id">0</param>
                    <param name="label">$INFO[Control.GetLabel(1)]</param>
                    <visible>Control.IsVisible(6)</visible>
                </include>
                <include content="Dialog_Body">
                    <include content="Dialog_Body_Group">
                        <include content="List_DialogSelect">
                            <param name="id">3</param>
                            <param name="textcolor">dialog_fg</param>
                            <pagecontrol>61</pagecontrol>
                            <onright>61</onright>
                            <onleft>Close</onleft>
                        </include>
                        <include content="List_DialogSelect" condition="![[Window.IsActive(gamevideofilter) | Window.IsActive(gamestretchmode) | Window.IsActive(gamesaves) | Window.IsActive(gamevideorotation) | Window.IsActive(ingamesaves)]]">
                            <param name="id">6</param>
                            <param name="detailed">True</param>
                            <param name="item_height">100</param>
                            <param name="textcolor">dialog_fg</param>
                            <pagecontrol>62</pagecontrol>
                            <onright>62</onright>
                            <onleft>Close</onleft>
                        </include>
                        <include content="List_DialogSelect" condition="[Window.IsActive(gamevideofilter) | Window.IsActive(gamestretchmode) | Window.IsActive(gamesaves) | Window.IsActive(gamevideorotation) | Window.IsActive(ingamesaves)]">
                            <param name="id">10811</param>
                            <param name="itemlayout_include">Layout_GameFilter</param>
                            <param name="item_height">100</param>
                            <param name="textcolor">dialog_fg</param>
                            <pagecontrol>63</pagecontrol>
                            <onright>63</onright>
                            <onleft>Close</onleft>
                        </include>
                        <control type="group">
                            <height>40</height>
                            <right>20</right>
                            <bottom>-60</bottom>
                            <control type="label">
                                <aligny>center</aligny>
                                <align>right</align>
                                <font>font_hint_black</font>
                                <textcolor>main_fg_30</textcolor>
                                <label>$INFO[Container(3).NumItems,, $LOCALIZE[31022]]</label>
                                <visible>Control.IsVisible(3)</visible>
                            </control>
                            <control type="label">
                                <aligny>center</aligny>
                                <align>right</align>
                                <font>font_hint_black</font>
                                <textcolor>main_fg_30</textcolor>
                                <label>$INFO[Container(6).NumItems,, $LOCALIZE[31022]]</label>
                                <visible>Control.IsVisible(6)</visible>
                            </control>
                        </control>
                    </include>

                    <include content="Dialog_Scrollbar">
                        <param name="id">61</param>
                        <visible>Control.IsVisible(3)</visible>
                        <onleft>3</onleft>
                        <onright>9000</onright>
                    </include>

                    <include content="Dialog_Scrollbar">
                        <param name="id">62</param>
                        <visible>Control.IsVisible(6)</visible>
                        <onleft>6</onleft>
                        <onright>9000</onright>
                    </include>

                    <include content="Dialog_Scrollbar">
                        <param name="id">63</param>
                        <visible>Control.IsVisible(10811)</visible>
                        <onleft>10811</onleft>
                        <onright>9000</onright>
                    </include>

                    <include condition="[Window.IsActive(gamevideofilter) | Window.IsActive(gamestretchmode) | Window.IsActive(gamesaves) | Window.IsActive(gamevideorotation) | Window.IsActive(ingamesaves)]">DialogSelect_SideButtons_Games</include>

                    <include condition="![Window.IsActive(gamevideofilter) | Window.IsActive(gamestretchmode) | Window.IsActive(gamesaves) | Window.IsActive(gamevideorotation) | Window.IsActive(ingamesaves)]">DialogSelect_SideButtons_Standard</include>

                </include>
            </include>
        </control>
    </include>

    <include name="DialogSelect_SideButtons_Games">
        <include content="Dialog_Side_Grouplist">
            <param name="id">9000</param>
            <onleft>63</onleft>
            <include content="Dialog_Side_Button">
                <param name="id">01</param>
                <param name="label">$LOCALIZE[15067]</param>
                <param name="icon">special://skin/extras/icons/circle-xmark.png</param>
                <onclick>Close</onclick>
            </include>
        </include>
    </include>

    <variable name="DialogSelect_SideButtons_Label_5">
        <value condition="String.IsEqual(Control.GetLabel(5),$LOCALIZE[21335])">$LOCALIZE[744]</value>
        <value condition="String.IsEqual(Control.GetLabel(5),$LOCALIZE[13516])">$LOCALIZE[467]</value>
        <value>$INFO[Control.GetLabel(5)]</value>
    </variable>
    <variable name="DialogSelect_SideButtons_Image_5">
        <value condition="String.IsEqual(Control.GetLabel(5),$LOCALIZE[21335])">special://skin/extras/icons/filebox.png</value>
        <value condition="String.IsEqual(Control.GetLabel(5),$LOCALIZE[186])">special://skin/extras/icons/circle-check.png</value>
        <value>special://skin/extras/icons/circle-plus.png</value>
    </variable>

    <variable name="DialogSelect_SideButtons_Label_8">
        <value condition="String.IsEqual(Control.GetLabel(5),$LOCALIZE[21335])">$LOCALIZE[14022]</value>
        <value>$INFO[Control.GetLabel(8)]</value>
    </variable>
    <variable name="DialogSelect_SideButtons_Image_8">
        <value condition="String.IsEqual(Control.GetLabel(5),$LOCALIZE[21335])">special://skin/extras/icons/book.png</value>
        <value condition="String.IsEqual(Control.GetLabel(8),$LOCALIZE[186])">special://skin/extras/icons/circle-check.png</value>
        <value>special://skin/extras/icons/circle-plus.png</value>
    </variable>


    <include name="DialogSelect_SideButtons_Standard">
        <include content="Dialog_Side_Grouplist">
            <param name="id">9000</param>
            <onleft condition="Control.IsVisible(3)">61</onleft>
            <onleft condition="Control.IsVisible(6)">62</onleft>
            <include>Items_DialogSelect_Standard</include>
        </include>
    </include>

    <include name="DialogSelect_SideButtons_Artwork">
        <include content="Dialog_Side_Button">
            <param name="id">04</param>
            <param name="label">$LOCALIZE[184]</param>
            <param name="icon">special://skin/extras/icons/update.png</param>
            <param name="visible">[String.IsEqual(Control.GetLabel(1),$LOCALIZE[13511]) | String.IsEqual(Control.GetLabel(1),$LOCALIZE[20437]) | String.IsEqual(Control.GetLabel(1),$LOCALIZE[13521])]</param>
            <onclick>Close</onclick>
            <onclick>SendClick(12003,6)</onclick>
        </include>
        <include content="Dialog_Side_Button">
            <param name="id">05</param>
            <param name="label">$LOCALIZE[563]</param>
            <param name="icon">special://skin/extras/icons/star.png</param>
            <param name="visible">[String.IsEqual(Control.GetLabel(1),$LOCALIZE[13511]) | String.IsEqual(Control.GetLabel(1),$LOCALIZE[20437]) | String.IsEqual(Control.GetLabel(1),$LOCALIZE[13521])]</param>
            <onclick>Close</onclick>
            <onclick>SendClick(12003,7)</onclick>
        </include>
    </include>

    <include name="DialogVideoManager_Main">
        <definition>
            <include content="Dialog_Overlay_Side">
                <param name="lines_right">476</param>
                <param name="dialog_size">Dimension_DialogFullMenu</param>
                <include>Animation_Right_Delay</include>
                <include content="Dialog_Head">
                    <param name="id">0</param>
                    <param name="label">$PARAM[label_header]</param>
                </include>
                <include content="Dialog_Body">
                    <include content="Dialog_Body_Group">

                        <include content="DialogInfo_PlotBox_Artwork">
                            <param name="poster_icon">$PARAM[poster_icon]</param>
                            <param name="poster_visible">True</param>
                            <param name="square_icon">-</param>
                            <param name="landscape_icon">$PARAM[landscape_icon]</param>
                        </include>

                        <control type="group" id="7000">
                            <right>496</right>
                            <control type="group">
                                <include content="List_DialogSelect">
                                    <param name="id">$PARAM[id]</param>
                                    <param name="detailed">True</param>
                                    <param name="item_height">100</param>
                                    <param name="textcolor">dialog_fg</param>
                                    <param name="altfocus">true</param>
                                    <param name="itemlayout_include">Layout_DialogVersions</param>
                                    <onright>9000</onright>
                                    <onleft>Close</onleft>
                                    <right>-20</right>
                                    <pagecontrol>62</pagecontrol>
                                </include>
                                <control type="group">
                                    <height>40</height>
                                    <bottom>-60</bottom>
                                    <control type="label">
                                        <left>20</left>
                                        <aligny>center</aligny>
                                        <align>left</align>
                                        <font>font_hint_black</font>
                                        <textcolor>main_fg_30</textcolor>
                                        <label>$INFO[Container($PARAM[id]).ListItem.FileName]</label>
                                        <haspath>true</haspath>
                                    </control>
                                    <control type="label">
                                        <aligny>center</aligny>
                                        <align>right</align>
                                        <font>font_hint_black</font>
                                        <textcolor>main_fg_30</textcolor>
                                        <label>$INFO[Container($PARAM[id]).NumItems,, $LOCALIZE[31022]]</label>
                                    </control>
                                </control>
                            </control>
                        </control>
                    </include>
                    <include content="Dialog_Scrollbar">
                        <param name="id">62</param>
                        <onleft>7000</onleft>
                        <onright>9000</onright>
                    </include>
                    <include content="Dialog_Side_Grouplist">
                        <param name="id">9000</param>
                        <onleft>62</onleft>
                        <include>$PARAM[include_sidegrouplist_items]</include>
                    </include>

                </include>
            </include>
        </definition>
    </include>

    <include name="DialogSelect_VideoVersions">
        <include content="DialogVideoManager_Main">
            <param name="id">6</param>
            <param name="include_sidegrouplist_items">Items_DialogSelect_Standard</param>
            <param name="label_header">$INFO[Control.GetLabel(1)]</param>
            <param name="poster_icon">$INFO[Container(6).ListItem.Art(poster)]</param>
            <param name="landscape_icon">$INFO[Container(6).ListItem.Art(landscape)]</param>
        </include>
        <include content="Object_Hidden_List">
            <param name="id">3</param>
        </include>
        <control type="label" id="1">
            <visible>false</visible>
        </control>
    </include>

</includes>
