<?xml version="1.0" encoding="UTF-8"?>
<includes>

    <!-- ============= -->
    <!-- Movement Defs -->
    <!-- ============= -->
    <!-- 8 Item: Icon -->
    <include name="List_Icon_Row_Movement">
        <movement>view_icon_movement</movement>
    </include>
    <!-- 7 Item: Poster, Square, Apps -->
    <include name="List_Poster_Row_Movement">
        <movement>view_poster_movement</movement>
    </include>
    <!-- 5 Item: Card -->
    <include name="List_Card_Row_Movement">
        <movement>view_card_movement</movement>
    </include>
    <!-- 4 Item: Landscape -->
    <include name="List_Landscape_Row_Movement">
        <movement>view_landscape_movement</movement>
    </include>
    <!-- 3 Item: Board -->
    <include name="List_Board_Row_Movement">
        <movement>view_board_movement</movement>
    </include>
    <!-- 1 Item: Banner -->
    <include name="List_Banner_Row_Movement">
        <movement>0</movement>
    </include>




    <include name="List_Button_Row">
        <param name="item_h">80</param>
        <param name="itemlayout_h">120</param>
        <param name="detailed">false</param>
        <param name="orientation">horizontal</param>
        <param name="control">fixedlist</param>
        <param name="item_w">240</param>
        <param name="itemlayout_w">280</param>
        <param name="itemlayout_include">Layout_Button</param>
        <definition>
            <include content="List_Core">
                <param name="id">$PARAM[id]</param>
                <param name="detailed">$PARAM[detailed]</param>
                <param name="orientation">$PARAM[orientation]</param>
                <param name="control">$PARAM[control]</param>
                <param name="item_w">$PARAM[item_w]</param>
                <param name="item_h">$PARAM[item_h]</param>
                <param name="itemlayout_w">$PARAM[itemlayout_w]</param>
                <param name="itemlayout_h">$PARAM[itemlayout_h]</param>
                <param name="itemlayout_include">$PARAM[itemlayout_include]</param>
                <param name="offset_x">$PARAM[offset_x]</param>
                <param name="offset_y">$PARAM[offset_y]</param>
                <param name="icon">$PARAM[icon]</param>
                <param name="misc">$PARAM[misc]</param>
                <param name="variation">$PARAM[variation]</param>
                <nested />
            </include>
        </definition>
    </include>

    <include name="List_Reviews_Row">
        <param name="item_h">view_poster_item_h</param>
        <param name="itemlayout_h">view_poster_itemlayout_h</param>
        <param name="item_w">520</param>
        <param name="itemlayout_w">560</param>
        <definition>
            <include content="List_Core">
                <param name="orientation">horizontal</param>
                <param name="control">fixedlist</param>
                <param name="id">$PARAM[id]</param>
                <param name="item_w">$PARAM[item_w]</param>
                <param name="item_h">$PARAM[item_h]</param>
                <param name="itemlayout_w">$PARAM[itemlayout_w]</param>
                <param name="itemlayout_h">$PARAM[itemlayout_h]</param>
                <param name="itemlayout_include">Layout_Reviews</param>
                <param name="icon">$PARAM[icon]</param>
                <param name="textcolor">$PARAM[textcolor]</param>
                <param name="offset_x">$PARAM[offset_x]</param>
                <param name="offset_y">$PARAM[offset_y]</param>
                <param name="shadow_colordiffuse">$PARAM[shadow_colordiffuse]</param>
                <param name="hidden_button_enabled">$PARAM[hidden_button_enabled]</param>
                <param name="hidden_button">$PARAM[hidden_button]</param>
                <nested />
                <include>List_Board_Row_Movement</include>
            </include>
        </definition>
    </include>

    <include name="List_EPGGrid">
        <param name="channelheight">80</param>
        <param name="channelwidth">520</param>
        <param name="include_channels">Layout_PVRGuide_Channels</param>
        <param name="include_programs">Layout_PVRGuide_Programs</param>
        <definition>
            <control type="epggrid" id="$PARAM[id]">
                <nested />
                <scrolltime tween="quadratic">300</scrolltime>
                <timeblocks>24</timeblocks>
                <rulerunit>6</rulerunit>
                <rulerdatelayout height="105" />
                <rulerlayout height="55">
                    <control type="group">
                        <animation effect="fade" start="30" end="100" time="200" reversible="false" condition="![[Window.IsActive(DialogExtendedProgressBar.xml) | Window.IsActive(DialogNotification.xml)] + !Skin.HasSetting(Views.UseHalfPVRGuide) + !Skin.HasSetting(ToastNotifications.Tabbed)]">Conditional</animation>
                        <animation effect="fade" start="100" end="30" delay="200" time="200" reversible="false" condition="[Window.IsActive(DialogExtendedProgressBar.xml) | Window.IsActive(DialogNotification.xml)] + !Skin.HasSetting(Views.UseHalfPVRGuide) + !Skin.HasSetting(ToastNotifications.Tabbed)">Conditional</animation>


                        <animation effect="slide" start="0" end="0,-15" condition="!Skin.HasSetting(Views.UseHalfPVRGuide)">Conditional</animation>
                        <control type="label">
                            <left>10</left>
                            <height>20</height>
                            <align>left</align>
                            <aligny>center</aligny>
                            <font>font_tiny_bold</font>
                            <label>$INFO[ListItem.Label]</label>
                            <textcolor>main_fg_70</textcolor>
                            <shadowcolor>main_bg_12</shadowcolor>
                        </control>
                        <control type="image">
                            <width>1</width>
                            <texture colordiffuse="main_fg_30">common/white.png</texture>
                            <bottom>15</bottom>
                            <visible>!Skin.HasSetting(Views.UseHalfPVRGuide)</visible>
                        </control>
                        <control type="image">
                            <width>1</width>
                            <texture colordiffuse="main_fg_30">common/white.png</texture>
                            <bottom>30</bottom>
                            <visible>Skin.HasSetting(Views.UseHalfPVRGuide)</visible>
                        </control>
                    </control>
                </rulerlayout>
                <channellayout height="$PARAM[channelheight]" width="$PARAM[channelwidth]">
                    <include content="$PARAM[include_channels]">
                        <param name="detailed">$PARAM[detailed]</param>
                        <param name="item_h">$PARAM[channelheight]</param>
                    </include>
                </channellayout>
                <focusedchannellayout height="$PARAM[channelheight]" width="$PARAM[channelwidth]">
                    <include content="$PARAM[include_channels]">
                        <param name="selected">false</param>
                        <param name="detailed">$PARAM[detailed]</param>
                        <param name="item_h">$PARAM[channelheight]</param>
                        <visible>[Control.HasFocus(28) | Control.HasFocus(11)]</visible>
                    </include>
                    <include content="$PARAM[include_channels]">
                        <param name="selected">true</param>
                        <param name="detailed">$PARAM[detailed]</param>
                        <param name="item_h">$PARAM[channelheight]</param>
                        <visible>![Control.HasFocus(28) | Control.HasFocus(11)]</visible>
                    </include>
                </focusedchannellayout>
                <itemlayout height="$PARAM[channelheight]" width="480">
                    <include content="$PARAM[include_programs]">
                        <param name="detailed">$PARAM[detailed]</param>
                    </include>
                </itemlayout>
                <focusedlayout height="$PARAM[channelheight]" width="480">
                    <include content="$PARAM[include_programs]">
                        <param name="selected">false</param>
                        <param name="visible">[Control.HasFocus(28) | Control.HasFocus(11)]</param>
                        <param name="detailed">$PARAM[detailed]</param>
                    </include>
                    <include content="$PARAM[include_programs]">
                        <param name="selected">true</param>
                        <param name="visible">![Control.HasFocus(28) | Control.HasFocus(11)]</param>
                        <param name="detailed">$PARAM[detailed]</param>
                    </include>
                </focusedlayout>
            </control>
        </definition>
    </include>

    <include name="List_DialogSelect">
        <param name="item_height">80</param>
        <param name="detailed">false</param>
        <param name="itemlayout_include">Layout_DialogSelect</param>
        <param name="control">list</param>
        <param name="orientation">vertical</param>
        <definition>
            <include content="List_Core">
                <param name="orientation">$PARAM[orientation]</param>
                <param name="control">$PARAM[control]</param>
                <param name="id">$PARAM[id]</param>
                <param name="altfocus">$PARAM[altfocus]</param>
                <param name="item_h">$PARAM[item_height]</param>
                <param name="itemlayout_h">$PARAM[item_height]</param>
                <param name="item_w">$PARAM[item_w]</param>
                <param name="itemlayout_w">$PARAM[itemlayout_w]</param>
                <param name="itemlayout_include">$PARAM[itemlayout_include]</param>
                <param name="detailed">$PARAM[detailed]</param>
                <param name="variation">$PARAM[variation]</param>
                <param name="misc">$PARAM[misc]</param>
                <param name="icon">$PARAM[icon]</param>
                <param name="offset_x">0</param>
                <param name="offset_y">0</param>
                <param name="textcolor">$PARAM[textcolor]</param>
                <nested />
            </include>
        </definition>
    </include>

    <include name="List_IconBrowser">
        <param name="item_w">520</param>
        <param name="item_h">140</param>
        <param name="itemlayout_w">560</param>
        <param name="itemlayout_h">180</param>
        <definition>
            <include content="List_Core">
                <param name="orientation">vertical</param>
                <param name="control">panel</param>
                <param name="id">$PARAM[id]</param>
                <param name="item_w">$PARAM[item_w]</param>
                <param name="item_h">$PARAM[item_h]</param>
                <param name="itemlayout_w">$PARAM[itemlayout_w]</param>
                <param name="itemlayout_h">$PARAM[itemlayout_h]</param>
                <param name="itemlayout_include">Layout_IconBrowser</param>
                <param name="detailed">$PARAM[detailed]</param>
                <param name="offset_y">40</param>
                <param name="offset_x">40</param>
                <nested />
            </include>
        </definition>
    </include>

    <include name="List_AddonCategories">
        <param name="itemlayout_include">Layout_Iconic</param>
        <param name="width">440</param>
        <param name="height">80</param>
        <param name="detailed">false</param>
        <param name="orientation">vertical</param>
        <param name="control">list</param>
        <definition>
            <include content="List_Core">
                <param name="orientation">$PARAM[orientation]</param>
                <param name="control">$PARAM[control]</param>
                <param name="id">$PARAM[id]</param>
                <param name="item_w">$PARAM[width]</param>
                <param name="item_h">$PARAM[height]</param>
                <param name="itemlayout_w">$PARAM[width]</param>
                <param name="itemlayout_h">$PARAM[height]</param>
                <param name="offset_x">0</param>
                <param name="offset_y">0</param>
                <param name="itemlayout_include">$PARAM[itemlayout_include]</param>
                <param name="altfocus">$PARAM[altfocus]</param>
                <param name="detailed">$PARAM[detailed]</param>
                <param name="misc">$PARAM[misc]</param>
                <nested />
            </include>
        </definition>
    </include>

    <include name="List_PVRRecordings">
        <param name="orientation">vertical</param>
        <param name="control">list</param>
        <param name="item_h">120</param>
        <param name="itemlayout_h">120</param>
        <param name="itemlayout_include">Layout_PVRRecordings</param>
        <param name="detailed">true</param>
        <definition>
            <include content="List_Core">
                <param name="orientation">$PARAM[orientation]</param>
                <param name="control">$PARAM[control]</param>
                <param name="id">$PARAM[id]</param>
                <param name="item_h">$PARAM[item_h]</param>
                <param name="itemlayout_h">$PARAM[itemlayout_h]</param>
                <param name="itemlayout_include">$PARAM[itemlayout_include]</param>
                <param name="misc">$PARAM[misc]</param>
                <param name="detailed">$PARAM[detailed]</param>
                <param name="offset_y">0</param>
                <param name="offset_x">0</param>
                <param name="textcolor">$PARAM[textcolor]</param>
                <nested />
                <movement>3</movement>
                <focusposition>2</focusposition>
            </include>
        </definition>
    </include>

    <include name="_List_Card_Row">
        <param name="control">fixedlist</param>
        <param name="altfocus">false</param>
        <param name="detailed">false</param>
        <param name="indicator">true</param>
        <param name="offset_x">view_offx</param>
        <param name="offset_y">80</param>
        <param name="item_w">view_card_item_w</param>
        <param name="item_h">view_poster_item_h</param>
        <param name="itemlayout_w">view_card_itemlayout_w</param>
        <param name="itemlayout_h">view_poster_itemlayout_h</param>
        <param name="itemlayout_include">Layout_Card</param>
        <param name="hidden_button_enabled">false</param>
        <param name="hidden_button">List_Widget_Row_HiddenButton</param>
        <definition>
            <include content="List_Core">
                <param name="orientation">horizontal</param>
                <param name="control">$PARAM[control]</param>
                <param name="id">$PARAM[id]</param>

                <param name="item_w">view_poster_item_w</param>
                <param name="item_h">view_poster_item_h</param>
                <param name="itemlayout_w">view_poster_itemlayout_w</param>
                <param name="itemlayout_h">view_poster_itemlayout_h</param>
                <param name="itemlayout_include">Layout_Poster</param>

                <param name="focusedlayout_special">true</param>
                <param name="offset_y">$PARAM[offset_y]</param>
                <param name="offset_x">$PARAM[offset_x]</param>
                <param name="detailed">$PARAM[detailed]</param>

                <param name="hidden_button_enabled">$PARAM[hidden_button_enabled]</param>
                <param name="hidden_button">$PARAM[hidden_button]</param>
                <nested />
                <focusedlayout width="$PARAM[itemlayout_w]" height="$PARAM[itemlayout_h]">
                    <include condition="$PARAM[hidden_button_enabled]" content="$PARAM[hidden_button]">
                        <param name="id">$PARAM[id]</param>
                    </include>
                    <control type="group">
                        <left>$PARAM[offset_x]</left>
                        <right>-$PARAM[offset_x]</right>
                        <top>$PARAM[offset_y]</top>
                        <bottom>-$PARAM[offset_y]</bottom>
                        <control type="group">
                            <animation effect="fade" start="100" end="0" condition="[Control.HasFocus($PARAM[id]) | $PARAM[altfocus]]">Conditional</animation>
                            <include content="$PARAM[itemlayout_include]">
                                <param name="selected">false</param>
                                <param name="item_w">$PARAM[item_w]</param>
                                <param name="item_h">$PARAM[item_h]</param>
                                <param name="misc">$PARAM[misc]</param>
                                <param name="id">$PARAM[id]</param>
                                <param name="detailed">$PARAM[detailed]</param>
                                <param name="indicator">$PARAM[indicator]</param>
                                <param name="variation">$PARAM[variation]</param>
                                <param name="diffuse">$PARAM[diffuse]</param>
                                <param name="icon">$PARAM[icon]</param>
                                <param name="textcolor">$PARAM[textcolor]</param>
                                <param name="shadow_colordiffuse">$PARAM[shadow_colordiffuse]</param>
                            </include>
                        </control>
                        <control type="group">
                            <animation effect="fade" start="100" end="0" condition="![Control.HasFocus($PARAM[id]) | $PARAM[altfocus]]">Conditional</animation>
                            <include content="$PARAM[itemlayout_include]">
                                <param name="selected">true</param>
                                <param name="item_w">$PARAM[item_w]</param>
                                <param name="item_h">$PARAM[item_h]</param>
                                <param name="misc">$PARAM[misc]</param>
                                <param name="id">$PARAM[id]</param>
                                <param name="detailed">$PARAM[detailed]</param>
                                <param name="indicator">$PARAM[indicator]</param>
                                <param name="variation">$PARAM[variation]</param>
                                <param name="diffuse">$PARAM[diffuse]</param>
                                <param name="icon">$PARAM[icon]</param>
                                <param name="textcolor">$PARAM[textcolor]</param>
                                <param name="shadow_colordiffuse">$PARAM[shadow_colordiffuse]</param>
                            </include>
                        </control>
                    </control>
                </focusedlayout>
            </include>
        </definition>
    </include>

    <include name="List_Card_Row">
        <definition>
            <include content="_List_Card_Row">
                <param name="misc">$PARAM[misc]</param>
                <param name="id">$PARAM[id]</param>
                <param name="detailed">$PARAM[detailed]</param>
                <param name="indicator">$PARAM[indicator]</param>
                <param name="variation">$PARAM[variation]</param>
                <param name="diffuse">$PARAM[diffuse]</param>
                <param name="icon">$PARAM[icon]</param>
                <param name="textcolor">$PARAM[textcolor]</param>
                <param name="shadow_colordiffuse">$PARAM[shadow_colordiffuse]</param>
                <param name="offset_x">$PARAM[offset_x]</param>
                <param name="offset_y">$PARAM[offset_y]</param>
                <param name="control">fixedlist</param>
                <param name="hidden_button_enabled">$PARAM[hidden_button_enabled]</param>
                <param name="hidden_button">$PARAM[hidden_button]</param>
                <nested />
                <include>List_Card_Row_Movement</include>
            </include>
        </definition>
    </include>

    <include name="List_Banner_Row">
        <definition>
            <include content="List_Core">
                <param name="orientation">horizontal</param>
                <param name="control">fixedlist</param>
                <param name="id">$PARAM[id]</param>
                <param name="item_w">view_banner_item_w</param>
                <param name="item_h">view_poster_item_h</param>
                <param name="itemlayout_w">view_banner_itemlayout_w</param>
                <param name="itemlayout_h">view_poster_itemlayout_h</param>
                <param name="itemlayout_include">Layout_Banner</param>
                <param name="offset_y">$PARAM[offset_y]</param>
                <param name="detailed">$PARAM[detailed]</param>
                <param name="hidden_button_enabled">$PARAM[hidden_button_enabled]</param>
                <param name="hidden_button">$PARAM[hidden_button]</param>
                <nested />
                <include>List_Banner_Row_Movement</include>
            </include>
        </definition>
    </include>

    <include name="List_Apps_Row">
        <param name="focusedlayout_special">false</param>
        <definition>
            <include content="List_Core">
                <param name="id">$PARAM[id]</param>
                <param name="detailed">$PARAM[detailed]</param>
                <param name="orientation">horizontal</param>
                <param name="control">fixedlist</param>
                <param name="item_w">view_poster_item_w</param>
                <param name="item_h">view_apps_item_h</param>
                <param name="itemlayout_w">view_poster_itemlayout_w</param>
                <param name="itemlayout_h">view_apps_itemlayout_h</param>
                <param name="itemlayout_include">Layout_Apps</param>
                <param name="focusedlayout_special">$PARAM[focusedlayout_special]</param>
                <param name="offset_x">$PARAM[offset_x]</param>
                <param name="offset_y">$PARAM[offset_y]</param>
                <param name="icon">$PARAM[icon]</param>
                <param name="misc">$PARAM[misc]</param>
                <param name="hidden_button_enabled">$PARAM[hidden_button_enabled]</param>
                <param name="hidden_button">$PARAM[hidden_button]</param>
                <nested />
                <include>List_Poster_Row_Movement</include>
            </include>
        </definition>
    </include>

    <include name="List_Icon_Row">
        <param name="focusedlayout_special">false</param>
        <definition>
            <include content="List_Core">
                <param name="id">$PARAM[id]</param>
                <param name="detailed">$PARAM[detailed]</param>
                <param name="orientation">horizontal</param>
                <param name="control">fixedlist</param>
                <param name="item_w">view_icon_item_h</param>
                <param name="item_h">view_icon_item_h</param>
                <param name="itemlayout_w">view_icon_itemlayout_h</param>
                <param name="itemlayout_h">view_icon_itemlayout_h</param>
                <param name="itemlayout_include">Layout_Square</param>
                <param name="variation">true</param>
                <param name="diffuse">diffuse/square_w170_h170.png</param>
                <param name="focusedlayout_special">$PARAM[focusedlayout_special]</param>
                <param name="offset_x">$PARAM[offset_x]</param>
                <param name="offset_y">$PARAM[offset_y]</param>
                <param name="icon">$PARAM[icon]</param>
                <param name="misc">$PARAM[misc]</param>
                <param name="hidden_button_enabled">$PARAM[hidden_button_enabled]</param>
                <param name="hidden_button">$PARAM[hidden_button]</param>
                <nested />
                <include>List_Icon_Row_Movement</include>
            </include>
        </definition>
    </include>

    <include name="List_Poster_Row">
        <param name="focusedlayout_special">false</param>
        <definition>
            <include content="List_Core">
                <param name="orientation">horizontal</param>
                <param name="control">fixedlist</param>
                <param name="id">$PARAM[id]</param>
                <param name="item_w">view_poster_item_w</param>
                <param name="item_h">view_poster_item_h</param>
                <param name="itemlayout_w">view_poster_itemlayout_w</param>
                <param name="itemlayout_h">view_poster_itemlayout_h</param>
                <param name="itemlayout_include">Layout_Poster</param>
                <param name="focusedlayout_special">$PARAM[focusedlayout_special]</param>
                <param name="offset_x">$PARAM[offset_x]</param>
                <param name="icon">$PARAM[icon]</param>
                <param name="detailed">$PARAM[detailed]</param>
                <param name="hidden_button_enabled">$PARAM[hidden_button_enabled]</param>
                <param name="hidden_button">$PARAM[hidden_button]</param>
                <nested />
                <include>List_Poster_Row_Movement</include>
            </include>
        </definition>
    </include>

    <include name="List_Landscape_Row">
        <param name="item_w">view_landscape_item_w</param>
        <param name="item_h">view_landscape_item_h</param>
        <param name="itemlayout_w">view_landscape_itemlayout_w</param>
        <param name="itemlayout_h">view_landscape_itemlayout_h</param>
        <definition>
            <include content="List_Core">
                <param name="orientation">horizontal</param>
                <param name="control">fixedlist</param>
                <param name="id">$PARAM[id]</param>
                <param name="item_w">$PARAM[item_w]</param>
                <param name="item_h">$PARAM[item_h]</param>
                <param name="itemlayout_w">$PARAM[itemlayout_w]</param>
                <param name="itemlayout_h">$PARAM[itemlayout_h]</param>
                <param name="itemlayout_include">Layout_Landscape</param>
                <param name="icon">$PARAM[icon]</param>
                <param name="textcolor">$PARAM[textcolor]</param>
                <param name="offset_x">$PARAM[offset_x]</param>
                <param name="offset_y">$PARAM[offset_y]</param>
                <param name="shadow_colordiffuse">$PARAM[shadow_colordiffuse]</param>
                <param name="hidden_button_enabled">$PARAM[hidden_button_enabled]</param>
                <param name="hidden_button">$PARAM[hidden_button]</param>
                <nested />
                <include>List_Landscape_Row_Movement</include>
            </include>
        </definition>
    </include>

    <include name="List_Board_Row">
        <param name="item_w">view_board_item_w</param>
        <param name="item_h">view_poster_item_h</param>
        <param name="itemlayout_w">view_board_itemlayout_w</param>
        <param name="itemlayout_h">view_poster_itemlayout_h</param>
        <definition>
            <include content="List_Core">
                <param name="orientation">horizontal</param>
                <param name="control">fixedlist</param>
                <param name="id">$PARAM[id]</param>
                <param name="item_w">$PARAM[item_w]</param>
                <param name="item_h">$PARAM[item_h]</param>
                <param name="itemlayout_w">$PARAM[itemlayout_w]</param>
                <param name="itemlayout_h">$PARAM[itemlayout_h]</param>
                <param name="itemlayout_include">Layout_Landscape</param>
                <param name="diffuse">diffuse/landscape_w520_h294.png</param>
                <param name="detailed">true</param>
                <param name="icon">$PARAM[icon]</param>
                <param name="textcolor">$PARAM[textcolor]</param>
                <param name="offset_x">$PARAM[offset_x]</param>
                <param name="offset_y">$PARAM[offset_y]</param>
                <param name="shadow_colordiffuse">$PARAM[shadow_colordiffuse]</param>
                <param name="hidden_button_enabled">$PARAM[hidden_button_enabled]</param>
                <param name="hidden_button">$PARAM[hidden_button]</param>
                <nested />
                <include>List_Board_Row_Movement</include>
            </include>
        </definition>
    </include>
    
    <include name="List_Square_Row">
        <param name="item_w">view_poster_item_w</param>
        <param name="item_h">view_poster_item_h</param>
        <param name="itemlayout_w">view_poster_itemlayout_w</param>
        <param name="itemlayout_h">view_poster_itemlayout_h</param>
        <param name="orientation">horizontal</param>
        <param name="use_movement">true</param>
        <definition>
            <include content="List_Core">
                <param name="orientation">$PARAM[orientation]</param>
                <param name="control">fixedlist</param>
                <param name="id">$PARAM[id]</param>
                <param name="item_w">$PARAM[item_w]</param>
                <param name="item_h">$PARAM[item_h]</param>
                <param name="itemlayout_w">$PARAM[itemlayout_w]</param>
                <param name="itemlayout_h">$PARAM[itemlayout_h]</param>
                <param name="offset_x">$PARAM[offset_x]</param>
                <param name="offset_y">$PARAM[offset_y]</param>
                <param name="itemlayout_include">Layout_Square</param>
                <param name="hidden_button_enabled">$PARAM[hidden_button_enabled]</param>
                <param name="hidden_button">$PARAM[hidden_button]</param>
                <include condition="$PARAM[use_movement]">List_Poster_Row_Movement</include>
                <nested />
            </include>
        </definition>
    </include>

    <include name="List_ButtonMenu_Row_HiddenButton_View_OnFocus">
        <param name="condition">true</param>
        <definition>
            <onfocus condition="$PARAM[condition]">ClearProperty($PARAM[prefix]SpecialFolderPath)</onfocus>
            <onfocus condition="$PARAM[condition]">ClearProperty($PARAM[prefix]SpecialFolderLabel)</onfocus>
            <onfocus condition="$PARAM[condition]">ClearProperty($PARAM[prefix]SpecialFolderStyle)</onfocus>
            <onfocus condition="$PARAM[condition]">ClearProperty($PARAM[prefix]SpecialFolderSortBy)</onfocus>
            <onfocus condition="$PARAM[condition]">ClearProperty($PARAM[prefix]SpecialFolderSortOrder)</onfocus>
            <onfocus condition="$PARAM[condition]">ClearProperty($PARAM[prefix]SpecialFolderLimit)</onfocus>
            <!-- Update Path -->
            <onfocus condition="$PARAM[condition] + !String.IsEmpty($PARAM[container]ListItem.FolderPath) + $PARAM[container]ListItem.IsFolder">SetProperty($PARAM[prefix]SpecialFolderPath,$INFO[$PARAM[container]ListItem.FolderPath])</onfocus>
            <onfocus condition="$PARAM[condition] + !String.IsEmpty($PARAM[container]ListItem.FolderPath) + $PARAM[container]ListItem.IsFolder">SetProperty($PARAM[prefix]SpecialFolderLabel,$INFO[$PARAM[container]ListItem.Label])</onfocus>
        </definition>
    </include>

    <include name="List_ButtonMenu_Row_HiddenButton_Home_OnFocus">
        <param name="condition">true</param>
        <param name="force_widget">false</param>
        <definition>
            <onfocus>RunScript(script.skinvariables,run_executebuiltin=special://skin/shortcuts/builtins/skinvariables-specialfolderpath.json,use_rules,condition=$PARAM[condition],prefix=$PARAM[prefix],force_widget=$PARAM[force_widget])</onfocus>
        </definition>
    </include>

    <include name="List_ButtonMenu_Row_HiddenButton_View">
        <control type="button">
            <visible allowhiddenfocus="true">false</visible>
            <animation effect="fade" start="0" end="0" time="600" reversible="false">Focus</animation>
            <include>List_ButtonMenu_Row_HiddenButton_View_OnFocus</include>
        </control>
    </include>

    <include name="List_ButtonMenu_Row_HiddenButton_Home">
        <control type="button">
            <visible allowhiddenfocus="true">false</visible>
            <animation effect="fade" start="0" end="0" time="600" reversible="false">Focus</animation>
            <include content="List_ButtonMenu_Row_HiddenButton_Home_OnFocus">
                <param name="prefix">$PARAM[prefix]</param>
                <param name="force_widget">$PARAM[force_widget]</param>
            </include>
        </control>
    </include>

    <include name="List_ButtonMenu_Row_HiddenButton_ERow_OnFocus">
        <param name="condition">true</param>
        <param name="prefix" />
        <definition>
            <onfocus condition="$PARAM[condition]">$INFO[$PARAM[container]ListItem.Property(onfocus_one)]</onfocus>
            <onfocus condition="$PARAM[condition]">$INFO[$PARAM[container]ListItem.Property(onfocus_two)]</onfocus>
        </definition>
    </include>
    <include name="List_ButtonMenu_Row_HiddenButton_ERow">
        <control type="button">
            <visible allowhiddenfocus="true">false</visible>
            <animation effect="fade" start="0" end="0" time="600" reversible="false">Focus</animation>
            <include>List_ButtonMenu_Row_HiddenButton_ERow_OnFocus</include>
        </control>
    </include>

    <include name="List_ButtonMenu_Row">
        <param name="control">list</param>
        <param name="itemlayout_w">240</param>
        <param name="font">font_mini_bold</param>
        <param name="color_fo">main_fg_100</param>
        <param name="color_nf">main_fg_30</param>
        <param name="altfocus">false</param>
        <param name="offset_x">40</param>
        <param name="hidden_button">List_ButtonMenu_Row_HiddenButton_View</param>
        <param name="backing">false</param>
        <param name="label_fo">true</param>
        <param name="underline">false</param>
        <definition>
            <control type="$PARAM[control]" id="$PARAM[id]">
                <nested />
                <include content="$PARAM[hidden_button]_OnFocus">
                    <param name="id">$PARAM[id]</param>
                    <param name="container">Container($PARAM[id]).</param>
                    <param name="prefix">$PARAM[hidden_button_prefix]</param>
                    <param name="force_widget">$PARAM[hidden_button_force_widget]</param>
                </include>
                <orientation>horizontal</orientation>
                <scrolltime tween="quadratic">400</scrolltime>
                <itemlayout height="120" width="$PARAM[itemlayout_w]">
                    <control type="group">
                        <animation effect="fadediffuse" start="FFFFFFFF" end="FFFF0000" condition="String.IsEqual(ListItem.Property(disabled),True)">Conditional</animation>
                        <left>$PARAM[offset_x]</left>
                        <right>-$PARAM[offset_x]</right>
                        <control type="group">
                            <right>40</right>
                            <height>40</height>
                            <centertop>50%</centertop>
                            <control type="label">
                                <height>35</height>
                                <aligny>center</aligny>
                                <textoffsetx>0</textoffsetx>
                                <align>center</align>
                                <font>$PARAM[font]</font>
                                <textcolor>$PARAM[color_nf]</textcolor>
                                <label>$INFO[ListItem.Label]</label>
                            </control>
                        </control>
                    </control>
                </itemlayout>
                <focusedlayout height="120" width="$PARAM[itemlayout_w]" condition="![Control.HasFocus($PARAM[id]) | $PARAM[altfocus]]">
                    <control type="group">
                        <animation effect="fadediffuse" start="FFFFFFFF" end="FFFF0000" condition="String.IsEqual(ListItem.Property(disabled),True)">Conditional</animation>
                        <left>$PARAM[offset_x]</left>
                        <right>-$PARAM[offset_x]</right>
                        <control type="group">
                            <right>40</right>
                            <height>40</height>
                            <centertop>50%</centertop>
                            <control type="label">
                                <height>35</height>
                                <aligny>center</aligny>
                                <textoffsetx>0</textoffsetx>
                                <align>center</align>
                                <font>$PARAM[font]</font>
                                <textcolor>$PARAM[color_fo]</textcolor>
                                <label>$INFO[ListItem.Label]</label>
                                <visible>$PARAM[label_fo]</visible>
                            </control>
                            <control type="label">
                                <height>35</height>
                                <aligny>center</aligny>
                                <textoffsetx>0</textoffsetx>
                                <align>center</align>
                                <font>$PARAM[font]</font>
                                <textcolor>$PARAM[color_nf]</textcolor>
                                <label>$INFO[ListItem.Label]</label>
                                <visible>![$PARAM[label_fo]]</visible>
                            </control>
                            <include content="Object_Control" condition="$PARAM[underline]">
                                <param name="control">image</param>
                                <width>80</width>
                                <bottom>-10</bottom>
                                <centerleft>50%</centerleft>
                                <include>Texture_Highlight_Scrollbar_H</include>
                                <height>scrollbar_w</height>
                            </include>
                        </control>
                    </control>
                </focusedlayout>
                <focusedlayout height="120" width="$PARAM[itemlayout_w]" condition="[Control.HasFocus($PARAM[id]) | $PARAM[altfocus]]">
                    <include content="$PARAM[hidden_button]">
                        <param name="id">$PARAM[id]</param>
                        <param name="prefix">$PARAM[hidden_button_prefix]</param>
                        <param name="force_widget">$PARAM[hidden_button_force_widget]</param>
                    </include>
                    <control type="group">
                        <left>$PARAM[offset_x]</left>
                        <right>-$PARAM[offset_x]</right>
                        <control type="group">
                            <right>40</right>
                            <height>40</height>
                            <centertop>50%</centertop>
                            <control type="group">
                                <centertop>50%</centertop>
                                <height>256</height>
                                <left>-60</left>
                                <right>-60</right>
                                <control type="image">
                                    <include>Texture_MainMenu_Highlight_H</include>
                                </control>
                            </control>
                            <control type="label">
                                <height>35</height>
                                <aligny>center</aligny>
                                <textoffsetx>0</textoffsetx>
                                <align>center</align>
                                <font>$PARAM[font]</font>
                                <include>Color_SelectedText</include>
                                <label>$INFO[ListItem.Label]</label>
                                <animation effect="fadediffuse" start="FFFFFFFF" end="FFFF0000" condition="String.IsEqual(ListItem.Property(disabled),True)">Conditional</animation>
                            </control>

                            <control type="group">
                                <visible>Window.IsVisible(1115)</visible>
                                <control type="image">
                                    <centerleft>-30</centerleft>
                                    <width>40</width>
                                    <aspectratio>keep</aspectratio>
                                    <texture colordiffuse="main_fg_30">special://skin/extras/icons/angle-left.png</texture>
                                    <visible>[Container($PARAM[id]).Position(0) + Container($PARAM[id]).HasPrevious] | [Container($PARAM[id]).Position(1) + !Integer.IsEqual(Container($PARAM[id]).NumItems,1)] | [Container($PARAM[id]).Position(2) + True]</visible>
                                </control>
                                <control type="image">
                                    <centerright>-30</centerright>
                                    <width>40</width>
                                    <aspectratio>keep</aspectratio>
                                    <texture colordiffuse="main_fg_30">special://skin/extras/icons/angle-right.png</texture>

                                    <visible>[Container($PARAM[id]).Position(0) + !Integer.IsEqual(Container($PARAM[id]).NumItems,1)] | [Container($PARAM[id]).Position(1) + Integer.IsGreater(Container($PARAM[id]).NumItems,2)] | [Container($PARAM[id]).Position(2) + False]</visible>
                                </control>
                            </control>

                        </control>
                    </control>
                </focusedlayout>
            </control>
        </definition>
    </include>

    <include name="List_Widget_Row_HiddenButton">
        <control type="button">
            <visible allowhiddenfocus="true">false</visible>
            <animation effect="fade" start="0" end="0" time="600" reversible="false">Focus</animation>
            <include content="List_Widget_Row_HiddenButton_OnFocus">
                <param name="id">$PARAM[id]</param>
            </include>
        </control>
    </include>

    <include name="List_Widget_Row_HiddenButton_OnFocus">
        <param name="condition">true</param>
        <definition>
            <onfocus condition="$PARAM[condition]">SetProperty(WidgetMeta.$PARAM[id].Label,$ESCINFO[$PARAM[container]ListItem.Label])</onfocus>
            <onfocus condition="$PARAM[condition]">SetProperty(WidgetMeta.$PARAM[id].Title,$ESCINFO[$PARAM[container]ListItem.Title])</onfocus>
            <onfocus condition="$PARAM[condition]">SetProperty(WidgetMeta.$PARAM[id].TVShowTitle,$ESCINFO[$PARAM[container]ListItem.TVShowTitle])</onfocus>
            <onfocus condition="$PARAM[condition]">SetProperty(WidgetMeta.$PARAM[id].Genre,$ESCINFO[$PARAM[container]ListItem.Genre])</onfocus>
            <onfocus condition="$PARAM[condition]">SetProperty(WidgetMeta.$PARAM[id].Year,$ESCINFO[$PARAM[container]ListItem.Year])</onfocus>
            <onfocus condition="$PARAM[condition]">SetProperty(WidgetMeta.$PARAM[id].Studio,$ESCINFO[$PARAM[container]ListItem.Studio])</onfocus>
            <onfocus condition="$PARAM[condition]">SetProperty(WidgetMeta.$PARAM[id].FolderPath,$ESCINFO[$PARAM[container]ListItem.FolderPath])</onfocus>
        </definition>
    </include>

    <include name="List_Core">
        <param name="orientation">horizontal</param>
        <param name="control">list</param>
        <param name="id" />
        <param name="preloaditems">2</param>
        <param name="tween">quadratic</param>
        <param name="scrolltime">400</param>
        <param name="viewtype">list</param>
        <param name="offset_x">view_offx</param>
        <param name="offset_y">80</param>
        <param name="itemlayout_w" />
        <param name="itemlayout_h" />
        <param name="item_w" />
        <param name="item_h" />
        <param name="itemlayout_include" />
        <param name="focusedlayout_special">false</param>
        <param name="altfocus">false</param>
        <param name="detailed">false</param>
        <param name="indicator">true</param>
        <param name="hidden_button_enabled">false</param>
        <param name="hidden_button">List_Widget_Row_HiddenButton</param>
        <definition>
            <control type="$PARAM[control]" id="$PARAM[id]">
                <nested />
                <include content="$PARAM[hidden_button]_OnFocus" condition="$PARAM[hidden_button_enabled]">
                    <param name="container">Container($PARAM[id]).</param>
                    <param name="id">$PARAM[id]</param>
                </include>
                <orientation>$PARAM[orientation]</orientation>
                <preloaditems>$PARAM[preloaditems]</preloaditems>
                <scrolltime tween="$PARAM[tween]">$PARAM[scrolltime]</scrolltime>
                <itemlayout width="$PARAM[itemlayout_w]" height="$PARAM[itemlayout_h]">
                    <control type="group">
                        <left>$PARAM[offset_x]</left>
                        <right>-$PARAM[offset_x]</right>
                        <top>$PARAM[offset_y]</top>
                        <bottom>-$PARAM[offset_y]</bottom>
                        <include content="$PARAM[itemlayout_include]">
                            <param name="selected">false</param>
                            <param name="item_w">$PARAM[item_w]</param>
                            <param name="item_h">$PARAM[item_h]</param>
                            <param name="misc">$PARAM[misc]</param>
                            <param name="id">$PARAM[id]</param>
                            <param name="detailed">$PARAM[detailed]</param>
                            <param name="indicator">$PARAM[indicator]</param>
                            <param name="variation">$PARAM[variation]</param>
                            <param name="diffuse">$PARAM[diffuse]</param>
                            <param name="icon">$PARAM[icon]</param>
                            <param name="textcolor">$PARAM[textcolor]</param>
                            <param name="shadow_colordiffuse">$PARAM[shadow_colordiffuse]</param>
                        </include>
                    </control>
                </itemlayout>
                <include content="Object_FocusedLayout" condition="!$PARAM[focusedlayout_special]">
                    <param name="width">$PARAM[itemlayout_w]</param>
                    <param name="height">$PARAM[itemlayout_h]</param>
                    <include condition="$PARAM[hidden_button_enabled]" content="$PARAM[hidden_button]">
                        <param name="id">$PARAM[id]</param>
                    </include>
                    <control type="group">
                        <left>$PARAM[offset_x]</left>
                        <right>-$PARAM[offset_x]</right>
                        <top>$PARAM[offset_y]</top>
                        <bottom>-$PARAM[offset_y]</bottom>
                        <control type="group">
                            <animation effect="fade" start="100" end="0" condition="[Control.HasFocus($PARAM[id]) | $PARAM[altfocus]]">Conditional</animation>
                            <include content="$PARAM[itemlayout_include]">
                                <param name="selected">false</param>
                                <param name="item_w">$PARAM[item_w]</param>
                                <param name="item_h">$PARAM[item_h]</param>
                                <param name="misc">$PARAM[misc]</param>
                                <param name="id">$PARAM[id]</param>
                                <param name="detailed">$PARAM[detailed]</param>
                                <param name="indicator">$PARAM[indicator]</param>
                                <param name="variation">$PARAM[variation]</param>
                                <param name="diffuse">$PARAM[diffuse]</param>
                                <param name="icon">$PARAM[icon]</param>
                                <param name="textcolor">$PARAM[textcolor]</param>
                                <param name="shadow_colordiffuse">$PARAM[shadow_colordiffuse]</param>
                            </include>
                        </control>
                        <control type="group">
                            <animation effect="fade" start="100" end="0" condition="![Control.HasFocus($PARAM[id]) | $PARAM[altfocus]]">Conditional</animation>
                            <include content="$PARAM[itemlayout_include]">
                                <param name="selected">true</param>
                                <param name="item_w">$PARAM[item_w]</param>
                                <param name="item_h">$PARAM[item_h]</param>
                                <param name="misc">$PARAM[misc]</param>
                                <param name="id">$PARAM[id]</param>
                                <param name="detailed">$PARAM[detailed]</param>
                                <param name="indicator">$PARAM[indicator]</param>
                                <param name="variation">$PARAM[variation]</param>
                                <param name="diffuse">$PARAM[diffuse]</param>
                                <param name="icon">$PARAM[icon]</param>
                                <param name="textcolor">$PARAM[textcolor]</param>
                                <param name="shadow_colordiffuse">$PARAM[shadow_colordiffuse]</param>
                            </include>
                        </control>
                    </control>
                </include>
            </control>
        </definition>
    </include>

</includes>
