<?xml version="1.0" encoding="UTF-8"?>
<window type="dialog" id="1120">
    <defaultcontrol always="true">6000</defaultcontrol>
    <onload condition="!Skin.HasSetting(Recommendations.ExpandPlot)">SetProperty(TMDbHelper.ServicePause,1)</onload>
    <onload condition="Skin.HasSetting(Recommendations.ExpandPlot)">ClearProperty(TMDbHelper.ServicePause)</onload>
    <onload condition="Skin.HasSetting(Recommendations.ExpandPlot)">Skin.SetBool(TMDbHelper.ForceWidgetContainer)</onload>

    <onload>SetProperty(BackupSlide.WidgetContainer,$INFO[Window(Home).Property(TMDBHelper.WidgetContainer)],Home)</onload>
    <onload>SetProperty(BackupSlide.WidgetInfoStyle,$INFO[Window(Home).Property(Slide.WidgetInfoStyle)],Home)</onload>
    <onload>SetProperty(BackupSlide.WidgetContainer,$INFO[Window(Home).Property(Slide.WidgetContainer)],Home)</onload>

    <onload>ClearProperty(TMDbHelper.WidgetContainer,Home)</onload>
    <onload>ClearProperty(Slide.WidgetInfoStyle,Home)</onload>
    <onload>ClearProperty(Slide.WidgetContainer,Home)</onload>

    <onunload>SetProperty(TMDbHelper.WidgetContainer,$INFO[Window(Home).Property(BackupSlide.WidgetContainer)],Home)</onunload>
    <onunload>SetProperty(Slide.WidgetInfoStyle,$INFO[Window(Home).Property(BackupSlide.WidgetInfoStyle)],Home)</onunload>
    <onunload>SetProperty(Slide.WidgetContainer,$INFO[Window(Home).Property(BackupSlide.WidgetContainer)],Home)</onunload>

    <onunload>Skin.Reset(TMDbHelper.ForceWidgetContainer)</onunload>

    <include>Action_ClearContext_OnUnload</include>
    <controls>

        <control type="group">
            <include>Animation_Recommendations_Window</include>
            <control type="grouplist" id="6000">
                <onup>Close</onup>
                <ondown>330</ondown>
                <animation type="Conditional" condition="Control.IsVisible(330)" reversible="false">
                    <effect type="slide" end="0,-20" time="60" tween="sine" />
                    <effect type="slide" end="0,20" time="180" tween="sine" delay="80" />
                </animation>
                <orientation>vertical</orientation>
                <control type="group" id="6100">
                    <height>widget_tbump_h</height>
                </control>
                <include content="Widget_Poster" condition="!$EXP[Exp_IsPersonInfo] + !Skin.HasSetting(Info.DisableCast)">
                    <param name="groupid" value="5100" />
                    <param name="id" value="5000" />
                    <param name="label" value="$LOCALIZE[206]" />
                    <param name="visible" value="!String.IsEmpty(Window.Property(Path.Cast))" />
                    <onfocus>ClearProperty(Slide.WidgetInfoStyle,Home)</onfocus>
                    <onfocus>ClearProperty(Slide.WidgetContainer,Home)</onfocus>
                    <onfocus>SetProperty(TMDbHelper.WidgetContainer,5000,Home)</onfocus>
                    <onunfocus>ClearProperty(Slide.WidgetContainer,Home)</onunfocus>
                    <content>$INFO[Window.Property(Path.Cast)]</content>
                    <include content="Action_Widget_Click"><param name="id" value="5000" /></include>
                    <onback>SetFocus(5000)</onback>
                </include>
                <include content="Widget_Poster" condition="!$EXP[Exp_IsPersonInfo] + !Skin.HasSetting(Info.DisableSeasons)">
                    <param name="groupid" value="5101" />
                    <param name="id" value="5001" />
                    <param name="label" value="$LOCALIZE[33054]" />
                    <param name="visible" value="!String.IsEmpty(Window.Property(Path.Seasons))" />
                    <param name="detailed">true</param>
                    <param name="infowidget">false</param>
                    <onfocus>SetProperty(TMDbHelper.WidgetContainer,5001,Home)</onfocus>
                    <onfocus>ClearProperty(Slide.WidgetInfoStyle,Home)</onfocus>
                    <onunfocus>ClearProperty(Slide.WidgetContainer,Home)</onunfocus>
                    <content target="videos">$INFO[Window.Property(Path.Seasons)]</content>
                    <include content="Action_Widget_Play_Click">
                        <param name="id">5001</param>
                    </include>
                    <onback>SetFocus(5000)</onback>
                </include>
                <!-- <include content="Widget_Stacked" condition="!$EXP[Exp_IsPersonInfo] + !Skin.HasSetting(Info.DisableSeasons)">
                    <param name="spacerid">5201</param>
                    <param name="groupid">5101</param>
                    <param name="id">5001</param>
                    <param name="widgetspacerid">5202</param>
                    <param name="widgetgroupid">5102</param>
                    <param name="widgetid">5002</param>
                    <param name="label">$LOCALIZE[20373]$INFO[Container(5001).ListItem.Season, ,]</param>
                    <param name="visible">!String.IsEmpty(Window.Property(Path.Seasons))</param>
                    <param name="include">List_Landscape_Row</param>
                    <param name="expand_plot">false</param>
                    <content>$INFO[Window.Property(Path.Seasons)]</content>
                    <onclick>Close</onclick>
                    <onclick condition="!Window.IsVisible(MyVideoNav.xml)">AlarmClock(callinfo,RunScript(plugin.video.themoviedb.helper,close_dialog=1190,call_path=$INFO[Container(5001).ListItem.FolderPath]),00:01,silent)</onclick>
                    <onclick condition="Window.IsVisible(MyVideoNav.xml)">AlarmClock(callinfo,RunScript(plugin.video.themoviedb.helper,close_dialog=1190,call_update=$INFO[Container(5001).ListItem.FolderPath]),00:01,silent)</onclick>
                </include> -->

                <include content="Widget_Poster" condition="!$EXP[Exp_IsPersonInfo] + !Skin.HasSetting(Info.DisableCollections)">
                    <param name="groupid" value="5103" />
                    <param name="id" value="5003" />
                    <param name="label" value="$INFO[Window.Property(Collection)]" />
                    <param name="visible" value="!String.IsEmpty(Window.Property(Path.FromCollection))" />
                    <param name="infowidget">Skin.HasSetting(Recommendations.ExpandPlot)</param>
                    <onfocus condition="Skin.HasSetting(Recommendations.ExpandPlot)">SetProperty(Slide.WidgetContainer,5003,Home)</onfocus>
                    <onfocus>SetProperty(TMDbHelper.WidgetContainer,5003,Home)</onfocus>
                    <onfocus>SetProperty(Slide.WidgetInfoStyle,Plot,Home)</onfocus>
                    <onunfocus>ClearProperty(Slide.WidgetContainer,Home)</onunfocus>
                    <content>$INFO[Window.Property(Path.FromCollection)]</content>
                    <include content="Action_Widget_Click"><param name="id" value="5003" /></include>
                    <onback>SetFocus(5000)</onback>
                </include>

                <include content="Widget_Poster" condition="!$EXP[Exp_IsPersonInfo] + !Skin.HasSetting(Info.DisableRecommendations)">
                    <param name="groupid" value="5104" />
                    <param name="id" value="5004" />
                    <param name="label" value="$LOCALIZE[31018]" />
                    <param name="visible" value="!String.IsEmpty(Window.Property(Path.Recommendations))" />
                    <param name="infowidget">Skin.HasSetting(Recommendations.ExpandPlot)</param>
                    <onfocus condition="Skin.HasSetting(Recommendations.ExpandPlot)">SetProperty(Slide.WidgetContainer,5004,Home)</onfocus>
                    <onfocus>SetProperty(TMDbHelper.WidgetContainer,5004,Home)</onfocus>
                    <onfocus>SetProperty(Slide.WidgetInfoStyle,Plot,Home)</onfocus>
                    <onunfocus>ClearProperty(Slide.WidgetContainer,Home)</onunfocus>
                    <content>$INFO[Window.Property(Path.Recommendations)]</content>
                    <include content="Action_Widget_Click"><param name="id" value="5004" /></include>
                    <onback>SetFocus(5000)</onback>
                </include>
                <include content="Widget_Poster" condition="!$EXP[Exp_IsPersonInfo] + !Skin.HasSetting(Info.DisableSimilar)">
                    <param name="groupid" value="5105" />
                    <param name="id" value="5005" />
                    <param name="label" value="$LOCALIZE[31021]" />
                    <param name="visible" value="!String.IsEmpty(Window.Property(Path.Similar))" />
                    <param name="infowidget">Skin.HasSetting(Recommendations.ExpandPlot)</param>
                    <onfocus condition="Skin.HasSetting(Recommendations.ExpandPlot)">SetProperty(Slide.WidgetContainer,5005,Home)</onfocus>
                    <onfocus>SetProperty(TMDbHelper.WidgetContainer,5005,Home)</onfocus>
                    <onfocus>SetProperty(Slide.WidgetInfoStyle,Plot,Home)</onfocus>
                    <onunfocus>ClearProperty(Slide.WidgetContainer,Home)</onunfocus>
                    <content>$INFO[Window.Property(Path.Similar)]</content>
                    <include content="Action_Widget_Click"><param name="id" value="5005" /></include>
                    <onback>SetFocus(5000)</onback>
                </include>
                <include content="Widget_Poster" condition="!$EXP[Exp_IsPersonInfo] + !Skin.HasSetting(Info.DisableYear)">
                    <param name="groupid" value="5106" />
                    <param name="id" value="5006" />
                    <param name="label" value="$INFO[Window.Property(Year),$LOCALIZE[31060] ,]" />
                    <param name="visible" value="!String.IsEmpty(Window.Property(Path.FromYear))" />
                    <param name="infowidget">Skin.HasSetting(Recommendations.ExpandPlot)</param>
                    <onfocus condition="Skin.HasSetting(Recommendations.ExpandPlot)">SetProperty(Slide.WidgetContainer,5006,Home)</onfocus>
                    <onfocus>SetProperty(TMDbHelper.WidgetContainer,5006,Home)</onfocus>
                    <onfocus>SetProperty(Slide.WidgetInfoStyle,Plot,Home)</onfocus>
                    <onunfocus>ClearProperty(Slide.WidgetContainer,Home)</onunfocus>
                    <content>$INFO[Window.Property(Path.FromYear)]</content>
                    <include content="Action_Widget_Click"><param name="id" value="5006" /></include>
                    <onback>SetFocus(5000)</onback>
                </include>
                <include content="Widget_Poster" condition="!$EXP[Exp_IsPersonInfo] + !Skin.HasSetting(Info.DisableGenre)">
                    <param name="groupid" value="5107" />
                    <param name="id" value="5007" />
                    <param name="label" value="$INFO[Window.Property(Genre)]" />
                    <param name="visible" value="!String.IsEmpty(Window.Property(Path.FromGenre))" />
                    <param name="infowidget">Skin.HasSetting(Recommendations.ExpandPlot)</param>
                    <onfocus condition="Skin.HasSetting(Recommendations.ExpandPlot)">SetProperty(Slide.WidgetContainer,5007,Home)</onfocus>
                    <onfocus>SetProperty(TMDbHelper.WidgetContainer,5007,Home)</onfocus>
                    <onfocus>SetProperty(Slide.WidgetInfoStyle,Plot,Home)</onfocus>
                    <onunfocus>ClearProperty(Slide.WidgetContainer,Home)</onunfocus>
                    <content>$INFO[Window.Property(Path.FromGenre)]</content>
                    <include content="Action_Widget_Click"><param name="id" value="5007" /></include>
                    <onback>SetFocus(5000)</onback>
                </include>
                <include content="Widget_Poster" condition="!$EXP[Exp_IsPersonInfo] + !Skin.HasSetting(Info.DisableStudio)">
                    <param name="groupid" value="5108" />
                    <param name="id" value="5008" />
                    <param name="label" value="$INFO[Window.Property(Studio)]" />
                    <param name="visible" value="!String.IsEmpty(Window.Property(Path.FromStudio))" />
                    <param name="infowidget">Skin.HasSetting(Recommendations.ExpandPlot)</param>
                    <onfocus>SetProperty(TMDbHelper.WidgetContainer,5008,Home)</onfocus>
                    <onfocus condition="Skin.HasSetting(Recommendations.ExpandPlot)">SetProperty(Slide.WidgetContainer,5008,Home)</onfocus>
                    <onfocus>SetProperty(Slide.WidgetInfoStyle,Plot,Home)</onfocus>
                    <onunfocus>ClearProperty(Slide.WidgetContainer,Home)</onunfocus>
                    <content>$INFO[Window.Property(Path.FromStudio)]</content>
                    <include content="Action_Widget_Click"><param name="id" value="5008" /></include>
                    <onback>SetFocus(5000)</onback>
                </include>
                <include content="Widget_Poster" condition="!$EXP[Exp_IsPersonInfo] + !Skin.HasSetting(Info.DisableDirector)">
                    <param name="groupid" value="5109" />
                    <param name="id" value="5009" />
                    <param name="label" value="$INFO[Window.Property(Director),$LOCALIZE[31225] ,]" />
                    <param name="visible" value="!String.IsEmpty(Window.Property(Path.FromDirector))" />
                    <content>$INFO[Window.Property(Path.FromDirector)]</content>
                    <include content="Action_Widget_Click"><param name="id" value="5009" /></include>
                    <onfocus>SetProperty(TMDbHelper.WidgetContainer,5009,Home)</onfocus>
                    <param name="infowidget">Skin.HasSetting(Recommendations.ExpandPlot)</param>
                    <onfocus condition="Skin.HasSetting(Recommendations.ExpandPlot)">SetProperty(Slide.WidgetContainer,5009,Home)</onfocus>
                    <onfocus>SetProperty(Slide.WidgetInfoStyle,Plot,Home)</onfocus>
                    <onunfocus>ClearProperty(Slide.WidgetContainer,Home)</onunfocus>
                    <onback>SetFocus(5000)</onback>
                </include>
                <include content="Widget_Poster" condition="!$EXP[Exp_IsPersonInfo] + !Skin.HasSetting(Info.DisableWriter)">
                    <param name="groupid" value="5110" />
                    <param name="id" value="5010" />
                    <param name="label" value="$INFO[Window.Property(Writer),$LOCALIZE[31224] ,]" />
                    <param name="visible" value="!String.IsEmpty(Window.Property(Path.FromWriter))" />
                    <param name="infowidget">Skin.HasSetting(Recommendations.ExpandPlot)</param>
                    <onfocus condition="Skin.HasSetting(Recommendations.ExpandPlot)">SetProperty(Slide.WidgetContainer,5010,Home)</onfocus>
                    <onfocus>SetProperty(TMDbHelper.WidgetContainer,5010,Home)</onfocus>
                    <onfocus>SetProperty(Slide.WidgetInfoStyle,Plot,Home)</onfocus>
                    <onunfocus>ClearProperty(Slide.WidgetContainer,Home)</onunfocus>
                    <content>$INFO[Window.Property(Path.FromWriter)]</content>
                    <include content="Action_Widget_Click"><param name="id" value="5010" /></include>
                    <onback>SetFocus(5000)</onback>
                </include>
                <include content="Widget_Poster" condition="!$EXP[Exp_IsPersonInfo] + !Skin.HasSetting(Info.DisableCrew)">
                    <param name="groupid" value="5111" />
                    <param name="id" value="5011" />
                    <param name="label" value="$LOCALIZE[31019]" />
                    <param name="visible" value="!String.IsEmpty(Window.Property(Path.Crew))" />
                    <onfocus>ClearProperty(Slide.WidgetInfoStyle,Home)</onfocus>
                    <onfocus>ClearProperty(Slide.WidgetContainer,Home)</onfocus>
                    <onfocus>SetProperty(TMDbHelper.WidgetContainer,5011,Home)</onfocus>
                    <onunfocus>ClearProperty(Slide.WidgetContainer,Home)</onunfocus>
                    <content>$INFO[Window.Property(Path.Crew)]</content>
                    <include content="Action_Widget_Click"><param name="id" value="5011" /></include>
                    <onback>SetFocus(5000)</onback>
                </include>

                <include content="Widget_Poster" condition="!$EXP[Exp_IsPersonInfo] + !Skin.HasSetting(Info.DisableUpNext)">
                    <param name="groupid" value="5112" />
                    <param name="id" value="5012" />
                    <param name="label" value="$LOCALIZE[31196]" />
                    <param name="include" value="List_Landscape_Row" />
                    <param name="icon" value="$INFO[ListItem.Icon]" />
                    <param name="visible" value="!String.IsEmpty(Window.Property(Path.UpNext))" />
                    <onfocus>SetProperty(TMDbHelper.WidgetContainer,5012,Home)</onfocus>
                    <param name="infowidget">Skin.HasSetting(Recommendations.ExpandPlot)</param>
                    <onfocus condition="Skin.HasSetting(Recommendations.ExpandPlot)">SetProperty(Slide.WidgetContainer,5012,Home)</onfocus>
                    <onfocus>SetProperty(Slide.WidgetInfoStyle,Plot,Home)</onfocus>
                    <onunfocus>ClearProperty(Slide.WidgetContainer,Home)</onunfocus>
                    <content>$INFO[Window.Property(Path.UpNext)]</content>
                    <include content="Action_Widget_Play_Click">
                        <param name="id">5012</param>
                    </include>
                    <onback>SetFocus(5000)</onback>
                </include>

                <include content="Widget_Poster" condition="!$EXP[Exp_IsPersonInfo] + !Skin.HasSetting(Info.DisableYoutube)">
                    <param name="groupid" value="5113" />
                    <param name="id" value="5013" />
                    <param name="label" value="Youtube" />
                    <param name="include" value="List_Landscape_Row" />
                    <param name="icon" value="$INFO[ListItem.Icon]" />
                    <param name="visible" value="!String.IsEmpty(Window.Property(Path.Youtube))" />
                    <onfocus>SetProperty(TMDbHelper.WidgetContainer,5013,Home)</onfocus>
                    <onfocus>ClearProperty(Slide.WidgetContainer,Home)</onfocus>
                    <onfocus>ClearProperty(Slide.WidgetInfoStyle,Home)</onfocus>
                    <onunfocus>ClearProperty(Slide.WidgetContainer,Home)</onunfocus>
                    <content>$INFO[Window.Property(Path.Youtube)]</content>
                    <include content="Action_Widget_TrailerPlay_Click">
                        <param name="id">5013</param>
                    </include>
                    <onback>SetFocus(5000)</onback>
                </include>

                <!-- People Widgets -->
                <include content="Widget_Poster" condition="$EXP[Exp_IsPersonInfo]">
                    <param name="groupid" value="5100" />
                    <param name="id" value="5000" />
                    <param name="label" value="$LOCALIZE[31066]" />
                    <param name="detailed" value="true" />
                    <param name="visible" value="!String.IsEmpty(Window.Property(Path.CastInMovies))" />
                    <param name="infowidget">Skin.HasSetting(Recommendations.ExpandPlot)</param>
                    <onfocus>SetProperty(TMDbHelper.WidgetContainer,5000,Home)</onfocus>
                    <onfocus condition="Skin.HasSetting(Recommendations.ExpandPlot)">SetProperty(Slide.WidgetContainer,5000,Home)</onfocus>
                    <onfocus>SetProperty(Slide.WidgetInfoStyle,Plot,Home)</onfocus>
                    <onunfocus>ClearProperty(Slide.WidgetContainer,Home)</onunfocus>
                    <content>$INFO[Window.Property(Path.CastInMovies)]</content>
                    <include content="Action_Widget_Click"><param name="id" value="5000" /></include>
                    <onback>SetFocus(5000)</onback>
                </include>
                <include content="Widget_Poster" condition="$EXP[Exp_IsPersonInfo]">
                    <param name="groupid" value="5101" />
                    <param name="id" value="5001" />
                    <param name="label" value="$LOCALIZE[31067]" />
                    <param name="detailed" value="true" />
                    <param name="visible" value="!String.IsEmpty(Window.Property(Path.CastInShows))" />
                    <param name="infowidget">Skin.HasSetting(Recommendations.ExpandPlot)</param>
                    <onfocus>SetProperty(TMDbHelper.WidgetContainer,5001,Home)</onfocus>
                    <onfocus condition="Skin.HasSetting(Recommendations.ExpandPlot)">SetProperty(Slide.WidgetContainer,5001,Home)</onfocus>
                    <onfocus>SetProperty(Slide.WidgetInfoStyle,Plot,Home)</onfocus>
                    <onunfocus>ClearProperty(Slide.WidgetContainer,Home)</onunfocus>
                    <content>$INFO[Window.Property(Path.CastInShows)]</content>
                    <include content="Action_Widget_Click"><param name="id" value="5001" /></include>
                    <onback>SetFocus(5000)</onback>
                </include>
                <include content="Widget_Poster" condition="$EXP[Exp_IsPersonInfo]">
                    <param name="groupid" value="5102" />
                    <param name="id" value="5002" />
                    <param name="label" value="$LOCALIZE[31068]" />
                    <param name="detailed" value="true" />
                    <param name="visible" value="!String.IsEmpty(Window.Property(Path.CrewInMovies))" />
                    <param name="infowidget">Skin.HasSetting(Recommendations.ExpandPlot)</param>
                    <onfocus>SetProperty(TMDbHelper.WidgetContainer,5002,Home)</onfocus>
                    <onfocus condition="Skin.HasSetting(Recommendations.ExpandPlot)">SetProperty(Slide.WidgetContainer,5002,Home)</onfocus>
                    <onfocus>SetProperty(Slide.WidgetInfoStyle,Plot,Home)</onfocus>
                    <onunfocus>ClearProperty(Slide.WidgetContainer,Home)</onunfocus>
                    <content>$INFO[Window.Property(Path.CrewInMovies)]</content>
                    <include content="Action_Widget_Click"><param name="id" value="5002" /></include>
                    <onback>SetFocus(5000)</onback>
                </include>
                <include content="Widget_Poster" condition="$EXP[Exp_IsPersonInfo]">
                    <param name="groupid" value="5103" />
                    <param name="id" value="5003" />
                    <param name="label" value="$LOCALIZE[31069]" />
                    <param name="detailed" value="true" />
                    <param name="visible" value="!String.IsEmpty(Window.Property(Path.CrewInShows))" />
                    <param name="infowidget">Skin.HasSetting(Recommendations.ExpandPlot)</param>
                    <onfocus>SetProperty(TMDbHelper.WidgetContainer,5003,Home)</onfocus>
                    <onfocus condition="Skin.HasSetting(Recommendations.ExpandPlot)">SetProperty(Slide.WidgetContainer,5003,Home)</onfocus>
                    <onfocus>SetProperty(Slide.WidgetInfoStyle,Plot,Home)</onfocus>
                    <onunfocus>ClearProperty(Slide.WidgetContainer,Home)</onunfocus>
                    <content>$INFO[Window.Property(Path.CrewInShows)]</content>
                    <include content="Action_Widget_Click"><param name="id" value="5003" /></include>
                    <onback>SetFocus(5000)</onback>
                </include>


                <!-- Artwork Widgets -->
                <include content="Widget_Poster" condition="!Skin.HasSetting(Info.DisablePosters)">
                    <param name="groupid" value="5191" />
                    <param name="id" value="5091" />
                    <param name="label" value="$LOCALIZE[31070]" />
                    <param name="include" value="List_Poster_Row" />
                    <param name="icon" value="$INFO[ListItem.Icon]" />
                    <param name="visible" value="!String.IsEmpty(Window.Property(Path.Posters))" />
                    <onfocus>SetProperty(TMDbHelper.WidgetContainer,5091,Home)</onfocus>
                    <onfocus>ClearProperty(Slide.WidgetInfoStyle,Home)</onfocus>
                    <onfocus>ClearProperty(Slide.WidgetContainer,Home)</onfocus>
                    <onunfocus>ClearProperty(Slide.WidgetContainer,Home)</onunfocus>
                    <content>$INFO[Window.Property(Path.Posters)]</content>
                    <onclick>SetFocus(5291)</onclick>
                    <onback>SetFocus(5000)</onback>
                </include>
                <include content="Widget_Poster" condition="!$EXP[Exp_IsPersonInfo] + !Skin.HasSetting(Info.DisableFanart)">
                    <param name="groupid" value="5192" />
                    <param name="id" value="5092" />
                    <param name="label" value="$LOCALIZE[20445]" />
                    <param name="include" value="List_Landscape_Row" />
                    <param name="icon" value="$INFO[ListItem.Icon]" />
                    <param name="visible" value="!String.IsEmpty(Window.Property(Path.Fanart))" />
                    <onfocus>SetProperty(TMDbHelper.WidgetContainer,5092,Home)</onfocus>
                    <onfocus>ClearProperty(Slide.WidgetInfoStyle,Home)</onfocus>
                    <onfocus>ClearProperty(Slide.WidgetContainer,Home)</onfocus>
                    <onunfocus>ClearProperty(Slide.WidgetContainer,Home)</onunfocus>
                    <content>$INFO[Window.Property(Path.Fanart)]</content>
                    <onclick>SetFocus(5292)</onclick>
                    <onback>SetFocus(5000)</onback>
                </include>

                <!-- Reviews etc -->
                <include content="Widget_Poster" condition="!$EXP[Exp_IsPersonInfo] + !Skin.HasSetting(Info.DisableReviews)">
                    <param name="spacerid" value="5293" />
                    <param name="groupid" value="5193" />
                    <param name="id" value="5093" />
                    <param name="label" value="$LOCALIZE[31215]" />
                    <param name="visible" value="!String.IsEmpty(Window.Property(Path.Reviews))" />
                    <param name="include">List_Reviews_Row</param>
                    <onfocus>SetProperty(TMDbHelper.WidgetContainer,5093,Home)</onfocus>
                    <onfocus>ClearProperty(Slide.WidgetInfoStyle,Home)</onfocus>
                    <onfocus>ClearProperty(Slide.WidgetContainer,Home)</onfocus>
                    <onunfocus>ClearProperty(Slide.WidgetContainer,Home)</onunfocus>
                    <content>$INFO[Window.Property(Path.Reviews)]</content>
                    <onback>SetFocus(5000)</onback>
                </include>
                <include content="Widget_Stacked" condition="!$EXP[Exp_IsPersonInfo] + !Skin.HasSetting(Info.DisableKeywords)">
                    <param name="spacerid">5294</param>
                    <param name="groupid">5194</param>
                    <param name="id">5094</param>
                    <param name="widgetspacerid">5295</param>
                    <param name="widgetgroupid">5195</param>
                    <param name="widgetid">5095</param>
                    <param name="label">$LOCALIZE[21861][CAPITALIZE]$INFO[Container(5094).ListItem.Label, ,][/CAPITALIZE]</param>
                    <param name="visible">!String.IsEmpty(Window.Property(Path.Keywords))</param>
                    <param name="height">widget_stack_h</param>
                    <content>$INFO[Window.Property(Path.Keywords)]</content>
                    <onclick>Close</onclick>
                    <onclick condition="!Window.IsVisible(MyVideoNav.xml)">AlarmClock(callinfo,RunScript(plugin.video.themoviedb.helper,close_dialog=1190,call_path=$INFO[Container(5094).ListItem.FolderPath]),00:01,silent)</onclick>
                    <onclick condition="Window.IsVisible(MyVideoNav.xml)">AlarmClock(callinfo,RunScript(plugin.video.themoviedb.helper,close_dialog=1190,call_update=$INFO[Container(5094).ListItem.FolderPath]),00:01,silent)</onclick>
                </include>
                <!-- <include content="Widget_Stacked" condition="!$EXP[Exp_IsPersonInfo] + !Skin.HasSetting(Info.DisableSeasons)">
                    <param name="spacerid">5296</param>
                    <param name="groupid">5196</param>
                    <param name="id">5096</param>
                    <param name="widgetspacerid">5297</param>
                    <param name="widgetgroupid">5197</param>
                    <param name="widgetid">5097</param>
                    <param name="label">$LOCALIZE[20373]$INFO[Container(5096).ListItem.Season, ,]</param>
                    <param name="visible">!String.IsEmpty(Window.Property(Path.Seasons))</param>
                    <param name="include">List_Landscape_Row</param>
                    <param name="height">660</param>
                    <content>$INFO[Window.Property(Path.Seasons)]</content>
                    <onclick>Close</onclick>
                    <onclick condition="!Window.IsVisible(MyVideoNav.xml)">AlarmClock(callinfo,RunScript(plugin.video.themoviedb.helper,close_dialog=1190,call_path=$INFO[Container(5096).ListItem.FolderPath]),00:01,silent)</onclick>
                    <onclick condition="Window.IsVisible(MyVideoNav.xml)">AlarmClock(callinfo,RunScript(plugin.video.themoviedb.helper,close_dialog=1190,call_update=$INFO[Container(5096).ListItem.FolderPath]),00:01,silent)</onclick>
                </include> -->
                <!-- <include content="Object_Control">
                    <param name="control" value="group" />
                    <param name="id" value="6199" />
                    <height>widget_sbump_h</height>
                    <visible>String.IsEmpty(Window(Home).Property(Slide.WidgetInfoStyle))</visible>
                </include> -->
            </control>
            <include content="Object_WallFade">
                <param name="id" value="6000" />
                <param name="direction_buttons">true</param>
            </include>
            <control type="group">
                <left>view_pad</left>
                <top>60</top>
                <height>view_pad</height>
                <width>info_panel_w</width>
                <include content="Info_Title">
                    <param name="colordiffuse" value="main_fg" />
                </include>
            </control>
        </control>

        <include>Furniture_Top_Right</include>

        <control type="button" id="330">
            <width>1</width>
            <height>1</height>
            <left>-1000</left>
            <onfocus>SetFocus(6000)</onfocus>
            <onclick>SetFocus(6000)</onclick>
            <visible allowhiddenfocus="true">Control.HasFocus(330)</visible>
            <animation effect="fade" time="300" start="0" end="0">Focus</animation>
        </control>

        <include content="Dialog_ImageViewer">
            <param name="buttonid" value="5292" />
            <param name="listid" value="5092" />
            <param name="art" value="PicturePath" />
        </include>
        <include content="Dialog_ImageViewer">
            <param name="buttonid" value="5291" />
            <param name="listid" value="5091" />
            <param name="art" value="PicturePath" />
        </include>
    </controls>
</window>