<?xml version="1.0" encoding="UTF-8"?>
<includes>

    <variable name="Path_DiscoverWidget">
        <value condition="Integer.IsEqual(Container(590).NumItems,6)">$INFO[Container(590).ListItemAbsolute(0).FolderPath,,&amp;nextpage=False&amp;sort_by=popularity.desc]</value>
        <value>$INFO[Container(590).ListItemAbsolute(0).FolderPath,,&amp;nextpage=False]</value>
    </variable>

    <variable name="Path_FolderDetails">
        <value condition="!String.IsEmpty(ListItem.FolderPath) + ListItem.IsFolder + String.IsEmpty(ListItem.Property(Addon.ID)) + String.IsEmpty(Container.PluginName)">$INFO[ListItem.FolderPath]</value>
        <value>-</value>
    </variable>

    <variable name="Path_Param_Widget">
        <value>&amp;nextpage=false&amp;fanarttv=false&amp;cacheonly=true</value>
    </variable>

    <variable name="Path_Param_Query">
        <value condition="String.IsEqual(ListItem.DBType,movie) + !String.IsEmpty(ListItem.Property(imdb_id))">&amp;imdb_id=$INFO[ListItem.Property(imdb_id)]</value>
        <value condition="String.IsEqual(ListItem.DBType,movie) + !String.IsEmpty(ListItem.IMDBNumber) + String.StartsWith(ListItem.IMDBNumber,tt)">&amp;imdb_id=$INFO[ListItem.IMDBNumber]</value>
        <value condition="[String.IsEqual(ListItem.DBType,season) | String.IsEqual(ListItem.DBType,episode) | String.StartsWith(ListItem.Label,Season)] + !String.IsEmpty(ListItem.TvShowTitle)">&amp;query=$INFO[ListItem.TvShowTitle]$INFO[ListItem.Year,&amp;episode_year=,]</value>
        <value condition="$EXP[Exp_IsPersonInfo] + !String.IsEmpty(ListItem.Property(tmdb_id))">&amp;tmdb_id=$INFO[ListItem.Property(tmdb_id)]</value>
        <value condition="!String.IsEmpty(ListItem.Title)">&amp;query=$INFO[ListItem.Title]$INFO[ListItem.Year,&amp;year=,]</value>
        <value>$INFO[ListItem.Label,&amp;query=,]</value>
    </variable>

    <variable name="Path_Param_Type">
        <value condition="String.IsEqual(ListItem.DBType,movie) | ListItem.IsCollection | String.IsEqual(ListItem.DBType,set)">type=movie</value>
        <value condition="String.IsEqual(ListItem.DBType,tvshow) | String.IsEqual(ListItem.DBType,season) | String.IsEqual(ListItem.DBType,episode)">type=tv</value>
        <value condition="$EXP[Exp_IsPersonInfo]">type=person</value>
    </variable>


    <variable name="Path_Search_Filter">
        <value condition="!String.IsEmpty(Control.GetLabel(9003).index(1))">$INFO[Control.GetLabel(9003).index(1),&amp;filter_key=year&amp;filter_value=,]</value>
        <value condition="!String.IsEmpty(Control.GetLabel(9004).index(1))">$INFO[Control.GetLabel(9004).index(1),&amp;filter_key=genre&amp;filter_value=,]</value>
    </variable>

    <variable name="Path_Discover_List_Content">
        <value condition="!String.IsEmpty(Window.Property(TMDbType))">$INFO[Window.Property(TMDbType),plugin://plugin.video.themoviedb.helper/?info=discover&amp;with_id=True&amp;tmdb_type=,]$INFO[Window.Property(with_cast_id),&amp;with_cast=,]$INFO[Window.Property(with_crew_id),&amp;with_crew=,]$INFO[Window.Property(with_keyword_id),&amp;with_keywords=,]$INFO[Window.Property(with_company_id),&amp;with_companies=,]$VAR[Dialog_Discover_Year_Content]$INFO[Window.Property(SortMethod),&amp;sort_by=,]$INFO[Window.Property(GenreID),&amp;with_genres=,]$VAR[Path_Param_Widget]</value>
    </variable>

    <variable name="Path_OSD_Episodes">
        <value condition="VideoPlayer.Content(livetv)">pvr://channels/tv/*</value>
        <value condition="!Integer.IsEqual(VideoPlayer.PlaylistLength,1) + !Integer.IsEqual(VideoPlayer.PlaylistLength,0)">playlistvideo://?reload=$INFO[VideoPlayer.Season,,_]$INFO[VideoPlayer.Episode]</value>
        <value condition="VideoPlayer.Content(episodes) + !String.IsEmpty(VideoPlayer.TvShowDBID) + !String.IsEmpty(VideoPlayer.Season)">videodb://tvshows/titles/$INFO[VideoPlayer.TvShowDBID]/$INFO[VideoPlayer.Season]/?tvshowid=$INFO[VideoPlayer.TvShowDBID]</value>
        <value condition="VideoPlayer.Content(episodes)">plugin://plugin.video.themoviedb.helper/?info=episodes&amp;type=tv$INFO[VideoPlayer.TVShowTitle,&amp;query=,]$INFO[VideoPlayer.Season,&amp;season=,]$VAR[Path_Param_Widget]</value>

    </variable>
    <variable name="Path_OSD_Cast">
        <value condition="VideoPlayer.Content(movies) + !String.IsEmpty(VideoPlayer.IMDBNumber) + String.StartsWith(VideoPlayer.IMDBNumber,tt)">plugin://plugin.video.themoviedb.helper/?info=cast&amp;type=movie$INFO[VideoPlayer.IMDBNumber,&amp;imdb_id=,]$VAR[Path_Param_Widget]</value>
        <value condition="VideoPlayer.Content(movies)">plugin://plugin.video.themoviedb.helper/?info=cast&amp;type=movie$INFO[Player.Title,&amp;query=,]$INFO[VideoPlayer.Year,&amp;year=,]$VAR[Path_Param_Widget]</value>
        <value condition="VideoPlayer.Content(episodes)">plugin://plugin.video.themoviedb.helper/?info=cast&amp;type=tv$INFO[VideoPlayer.TVShowTitle,&amp;query=,]$INFO[VideoPlayer.Season,&amp;season=,]$INFO[VideoPlayer.Episode,&amp;episode=,]$INFO[VideoPlayer.Year,&amp;episode_year=,]$VAR[Path_Param_Widget]</value>
    </variable>

    <variable name="Path_Param_AggregateCast">
        <value condition="Skin.HasSetting(Recommendations.AggregateTvCast)">&amp;aggregate=true</value>
    </variable>
    <variable name="Path_Param_AggregateCrew">
        <value condition="Skin.HasSetting(Recommendations.AggregateTvCrew)">&amp;aggregate=true</value>
    </variable>
    <variable name="Path_Param_EpisodeSpecific">
        <value condition="String.IsEqual(ListItem.DBType,season)">$INFO[ListItem.Season,&amp;season=,]</value>
        <value condition="String.IsEqual(ListItem.DBType,episode)">$INFO[ListItem.Season,&amp;season=,]$INFO[ListItem.Episode,&amp;episode=,]</value>
    </variable>

    <variable name="Path_Cast">
        <value>plugin://plugin.video.themoviedb.helper?info=cast$VAR[Path_Param_Widget]$VAR[Path_Param_AggregateCast]$VAR[Path_Param_Type,&amp;,]$VAR[Path_Param_Query]$VAR[Path_Param_EpisodeSpecific]</value>
    </variable>
    <variable name="Path_Crew">
        <value>plugin://plugin.video.themoviedb.helper?info=crew$VAR[Path_Param_Widget]$VAR[Path_Param_AggregateCrew]$VAR[Path_Param_Type,&amp;,]$VAR[Path_Param_Query]$VAR[Path_Param_EpisodeSpecific]</value>
    </variable>
    <variable name="Path_Recommendations">
        <value>plugin://plugin.video.themoviedb.helper?info=recommendations$VAR[Path_Param_Widget]$VAR[Path_Param_Type,&amp;,]$VAR[Path_Param_Query]</value>
    </variable>
    <variable name="Path_Similar">
        <value>plugin://plugin.video.themoviedb.helper?info=similar$VAR[Path_Param_Widget]$VAR[Path_Param_Type,&amp;,]$VAR[Path_Param_Query]</value>
    </variable>
    <variable name="Path_Posters">
        <value condition="!$EXP[Exp_IsPersonInfo]">plugin://plugin.video.themoviedb.helper?info=posters$VAR[Path_Param_Widget]$VAR[Path_Param_Type,&amp;,]$VAR[Path_Param_Query]</value>
        <value condition="$EXP[Exp_IsPersonInfo]">plugin://plugin.video.themoviedb.helper?info=images$VAR[Path_Param_Widget]$VAR[Path_Param_Type,&amp;,]$VAR[Path_Param_Query]</value>
    </variable>
    <variable name="Path_Fanart">
        <value>plugin://plugin.video.themoviedb.helper?info=fanart$VAR[Path_Param_Widget]$VAR[Path_Param_Type,&amp;,]$VAR[Path_Param_Query]</value>
    </variable>

    <variable name="Path_CastInMovies">
        <value>plugin://plugin.video.themoviedb.helper?info=stars_in_movies&amp;limit=50$VAR[Path_Param_Widget]$VAR[Path_Param_Type,&amp;,]$VAR[Path_Param_Query]</value>
    </variable>
    <variable name="Path_CastInShows">
        <value>plugin://plugin.video.themoviedb.helper?info=stars_in_tvshows&amp;limit=50$VAR[Path_Param_Widget]$VAR[Path_Param_Type,&amp;,]$VAR[Path_Param_Query]</value>
    </variable>
    <variable name="Path_CrewInMovies">
        <value>plugin://plugin.video.themoviedb.helper?info=crew_in_movies&amp;limit=50$VAR[Path_Param_Widget]$VAR[Path_Param_Type,&amp;,]$VAR[Path_Param_Query]</value>
    </variable>
    <variable name="Path_CrewInShows">
        <value>plugin://plugin.video.themoviedb.helper?info=crew_in_tvshows&amp;limit=50$VAR[Path_Param_Widget]$VAR[Path_Param_Type,&amp;,]$VAR[Path_Param_Query]</value>
    </variable>


    <variable name="Path_FromYear">
        <value condition="String.IsEqual(ListItem.DBType,movie) + !String.IsEmpty(ListItem.Year)">plugin://plugin.video.themoviedb.helper?info=discover&amp;type=movie&amp;primary_release_year=$INFO[ListItem.Year]&amp;exclude_key=title&amp;exclude_value=$INFO[ListItem.Title]$VAR[Path_Param_Widget]$VAR[Path_Param_Query]</value>
        <value condition="String.IsEqual(ListItem.DBType,tvshow) + !String.IsEmpty(ListItem.Year)">plugin://plugin.video.themoviedb.helper?info=discover&amp;type=tv&amp;first_air_date_year=$INFO[ListItem.Year]&amp;exclude_key=title&amp;exclude_value=$INFO[ListItem.Title]$VAR[Path_Param_Widget]$VAR[Path_Param_Query]</value>
    </variable>


    <variable name="Path_FromGenre">
        <value condition="!String.IsEmpty(ListItem.Genre)">plugin://plugin.video.themoviedb.helper?info=discover&amp;with_genres=$INFO[ListItem.Genre]&amp;exclude_key=title&amp;exclude_value=$INFO[ListItem.Title]$VAR[Path_Param_Widget]$VAR[Path_Param_Type,&amp;,]</value>
    </variable>

    <variable name="Path_Reviews">
        <value>plugin://plugin.video.themoviedb.helper?info=reviews$VAR[Path_Param_Widget]$VAR[Path_Param_Type,&amp;,]$VAR[Path_Param_Query]</value>
    </variable>

    <variable name="Path_Keywords">
        <value condition="String.IsEqual(ListItem.DBType,movie)">plugin://plugin.video.themoviedb.helper?info=movie_keywords$VAR[Path_Param_Widget]$VAR[Path_Param_Type,&amp;,]$VAR[Path_Param_Query]</value>
    </variable>


    <variable name="Path_FromStudio">
        <value condition="String.IsEqual(ListItem.DBType,movie) + !String.IsEmpty(Window(Home).Property(TMDBHelper.ListItem.Studio.1.TMDB_ID))">plugin://plugin.video.themoviedb.helper?info=discover&amp;type=movie&amp;with_companies=$INFO[Window(Home).Property(TMDBHelper.ListItem.Studio.1.TMDB_ID)]&amp;with_id=True&amp;exclude_key=title&amp;exclude_value=$INFO[ListItem.Title]$VAR[Path_Param_Widget]$VAR[Path_Param_Query]</value>
        <value condition="String.IsEqual(ListItem.DBType,tvshow) + !String.IsEmpty(Window(Home).Property(TMDBHelper.ListItem.Studio.1.TMDB_ID))">plugin://plugin.video.themoviedb.helper?info=discover&amp;type=tv&amp;with_networks=$INFO[Window(Home).Property(TMDBHelper.ListItem.Studio.1.TMDB_ID)]&amp;with_id=True&amp;exclude_key=title&amp;exclude_value=$INFO[ListItem.Title]$VAR[Path_Param_Widget]$VAR[Path_Param_Query]</value>
    </variable>


    <variable name="Path_FromDirector_Name">
        <value condition="!String.IsEmpty(Window(Home).Property(TMDbHelper.ListItem.Director.1.name))">$INFO[Window(Home).Property(TMDbHelper.ListItem.Director.1.name)]</value>
        <value condition="!String.IsEmpty(ListItem.Director)">$INFO[ListItem.Director]</value>
    </variable>
    <variable name="Path_FromDirector">
        <value condition="String.IsEqual(ListItem.DBType,movie)">plugin://plugin.video.themoviedb.helper?info=crew_in_movies&amp;type=person&amp;filter_key=job&amp;filter_value=Director$VAR[Path_FromDirector_Name,&amp;query=,]&amp;exclude_key=title&amp;exclude_value=$INFO[ListItem.Title]$VAR[Path_Param_Widget]</value>
    </variable>

    <variable name="Path_FromWriter_Screenplay">
        <value condition="!String.IsEmpty(Window(Home).Property(TMDbHelper.ListItem.Writer.1.name)) + !String.IsEmpty(Window(Home).Property(TMDbHelper.ListItem.Writer.1.job)) + String.IsEqual(Window(Home).Property(TMDbHelper.ListItem.Writer.1.job),Screenplay)">$INFO[Window(Home).Property(TMDbHelper.ListItem.Writer.1.name)]</value>
        <value condition="!String.IsEmpty(Window(Home).Property(TMDbHelper.ListItem.Writer.2.name)) + !String.IsEmpty(Window(Home).Property(TMDbHelper.ListItem.Writer.2.job)) + String.IsEqual(Window(Home).Property(TMDbHelper.ListItem.Writer.2.job),Screenplay)">$INFO[Window(Home).Property(TMDbHelper.ListItem.Writer.2.name)]</value>
        <value condition="!String.IsEmpty(Window(Home).Property(TMDbHelper.ListItem.Writer.3.name)) + !String.IsEmpty(Window(Home).Property(TMDbHelper.ListItem.Writer.3.job)) + String.IsEqual(Window(Home).Property(TMDbHelper.ListItem.Writer.3.job),Screenplay)">$INFO[Window(Home).Property(TMDbHelper.ListItem.Writer.3.name)]</value>
        <value condition="!String.IsEmpty(Window(Home).Property(TMDbHelper.ListItem.Writer.4.name)) + !String.IsEmpty(Window(Home).Property(TMDbHelper.ListItem.Writer.4.job)) + String.IsEqual(Window(Home).Property(TMDbHelper.ListItem.Writer.4.job),Screenplay)">$INFO[Window(Home).Property(TMDbHelper.ListItem.Writer.4.name)]</value>
        <value condition="!String.IsEmpty(Window(Home).Property(TMDbHelper.ListItem.Writer.5.name)) + !String.IsEmpty(Window(Home).Property(TMDbHelper.ListItem.Writer.5.job)) + String.IsEqual(Window(Home).Property(TMDbHelper.ListItem.Writer.5.job),Screenplay)">$INFO[Window(Home).Property(TMDbHelper.ListItem.Writer.5.name)]</value>
        <value condition="!String.IsEmpty(Window(Home).Property(TMDbHelper.ListItem.Writer.6.name)) + !String.IsEmpty(Window(Home).Property(TMDbHelper.ListItem.Writer.6.job)) + String.IsEqual(Window(Home).Property(TMDbHelper.ListItem.Writer.6.job),Screenplay)">$INFO[Window(Home).Property(TMDbHelper.ListItem.Writer.6.name)]</value>
        <value condition="!String.IsEmpty(Window(Home).Property(TMDbHelper.ListItem.Writer.7.name)) + !String.IsEmpty(Window(Home).Property(TMDbHelper.ListItem.Writer.7.job)) + String.IsEqual(Window(Home).Property(TMDbHelper.ListItem.Writer.7.job),Screenplay)">$INFO[Window(Home).Property(TMDbHelper.ListItem.Writer.7.name)]</value>
        <value condition="!String.IsEmpty(Window(Home).Property(TMDbHelper.ListItem.Writer.8.name)) + !String.IsEmpty(Window(Home).Property(TMDbHelper.ListItem.Writer.8.job)) + String.IsEqual(Window(Home).Property(TMDbHelper.ListItem.Writer.8.job),Screenplay)">$INFO[Window(Home).Property(TMDbHelper.ListItem.Writer.8.name)]</value>
        <value condition="!String.IsEmpty(Window(Home).Property(TMDbHelper.ListItem.Writer.9.name)) + !String.IsEmpty(Window(Home).Property(TMDbHelper.ListItem.Writer.9.job)) + String.IsEqual(Window(Home).Property(TMDbHelper.ListItem.Writer.9.job),Screenplay)">$INFO[Window(Home).Property(TMDbHelper.ListItem.Writer.9.name)]</value>
        <value condition="!String.IsEmpty(Window(Home).Property(TMDbHelper.ListItem.Writer.10.name)) + !String.IsEmpty(Window(Home).Property(TMDbHelper.ListItem.Writer.10.job)) + String.IsEqual(Window(Home).Property(TMDbHelper.ListItem.Writer.10.job),Screenplay)">$INFO[Window(Home).Property(TMDbHelper.ListItem.Writer.10.name)]</value>
        <value condition="!String.IsEmpty(Window(Home).Property(TMDbHelper.ListItem.Writer.1.name))">$INFO[Window(Home).Property(TMDbHelper.ListItem.Writer.1.name)]</value>
    </variable>

    <variable name="Path_FromWriter">
        <value condition="String.IsEqual(ListItem.DBType,movie) + !String.IsEmpty(Window(Home).Property(TMDbHelper.ListItem.Writer.1.name))">$VAR[Path_FromWriter_Screenplay,plugin://plugin.video.themoviedb.helper?info=crew_in_movies&amp;type=person&amp;filter_key=job&amp;filter_value=Writer&amp;query=,]&amp;exclude_key=title&amp;exclude_value=$INFO[ListItem.Title]$VAR[Path_Param_Widget]</value>
    </variable>

    <variable name="Path_FromCollection">
        <value condition="String.IsEqual(ListItem.DBType,movie) + !String.IsEmpty(ListItem.Set)">plugin://plugin.video.themoviedb.helper/?info=collection&amp;type=movie&amp;query=$INFO[ListItem.Set]$VAR[Path_Param_Widget]</value>
        <value condition="ListItem.IsCollection + !String.IsEmpty(ListItem.Title)">plugin://plugin.video.themoviedb.helper/?info=collection&amp;type=movie&amp;query=$INFO[ListItem.Title]$VAR[Path_Param_Widget]</value>
    </variable>

    <variable name="Path_UpNext">
        <value condition="String.IsEqual(ListItem.DBType,tvshow) | String.IsEqual(ListItem.DBType,episode) | String.IsEqual(ListItem.DBType,season)">plugin://plugin.video.themoviedb.helper/?info=trakt_upnext&amp;type=tv$VAR[Path_Param_Widget]$VAR[Path_Param_Query]</value>
    </variable>

    <variable name="Path_Youtube_Query">
        <value condition="[String.IsEqual(ListItem.DBType,set) | ListItem.IsCollection] + !String.IsEmpty(ListItem.Set)">$INFO[ListItem.Set]</value>
        <value condition="String.IsEqual(ListItem.DBType,movie) + !String.IsEmpty(ListItem.Title)">$INFO[ListItem.Title]$INFO[ListItem.Year, ,] Movie</value>
        <value condition="String.IsEqual(ListItem.DBType,tvshow) + !String.IsEmpty(ListItem.Title)">$INFO[ListItem.Title]$INFO[ListItem.Year, ,]</value>
        <value condition="String.IsEqual(ListItem.DBType,season) + !String.IsEmpty(ListItem.TVShowTitle)">$INFO[ListItem.TVShowTitle]$INFO[ListItem.Season, Season ,]</value>
        <value condition="String.IsEqual(ListItem.DBType,episode) + !String.IsEmpty(ListItem.Title)">$INFO[ListItem.TVShowTitle,, ]$INFO[ListItem.Title]</value>
        <value condition="[String.IsEqual(ListItem.DBType,actor) | String.IsEqual(ListItem.Property(item.type),person)] + !String.IsEmpty(ListItem.Label)">$INFO[ListItem.Label]</value>
        <value condition="String.IsEqual(ListItem.DBType,artist) + !String.IsEmpty(ListItem.AlbumArtist)">$INFO[ListItem.AlbumArtist] Music</value>
        <value condition="String.IsEqual(ListItem.DBType,artist) + !String.IsEmpty(ListItem.Artist)">$INFO[ListItem.Artist] Music</value>
        <value condition="String.IsEqual(ListItem.DBType,album) + !String.IsEmpty(ListItem.Album)">$INFO[ListItem.AlbumArtist,, ]$INFO[ListItem.Album] Music</value>
        <value condition="String.IsEqual(ListItem.DBType,song) + !String.IsEmpty(ListItem.Title) + !String.IsEmpty(ListItem.AlbumArtist)">$INFO[ListItem.AlbumArtist,, ]$INFO[ListItem.Title] Music</value>
        <value condition="String.IsEqual(ListItem.DBType,song) + !String.IsEmpty(ListItem.Title)">$INFO[ListItem.Artist,, ]$INFO[ListItem.Title] Music</value>
        <value condition="!String.IsEmpty(ListItem.TvShowTitle)">$INFO[ListItem.TvShowTitle]</value>
        <value condition="!String.IsEmpty(ListItem.AlbumArtist)">$INFO[ListItem.AlbumArtist]</value>
        <value condition="!String.IsEmpty(ListItem.Artist)">$INFO[ListItem.Artist]</value>
        <value condition="!String.IsEmpty(ListItem.Title)">$INFO[ListItem.Title]</value>
        <value condition="!String.IsEmpty(ListItem.Label)">$INFO[ListItem.Label]</value>
    </variable>

    <variable name="Path_Youtube">
        <value>$VAR[Path_Youtube_Query,plugin://plugin.video.youtube/search/?q=,&amp;search_type=notvalid]</value>
    </variable>

    <variable name="Path_Seasons">
        <value condition="String.IsEqual(ListItem.DBType,tvshow) | String.IsEqual(ListItem.DBType,episode)">plugin://plugin.video.themoviedb.helper/?info=seasons&amp;type=tv&amp;fanarttv=false$VAR[Path_Param_Query]</value>
    </variable>

    <variable name="Path_Wikipedia_Title">
        <value condition="!String.IsEmpty(ListItem.TVShowTitle)">$INFO[ListItem.TVShowTitle]</value>
        <value condition="!String.IsEmpty(ListItem.Title)">$INFO[ListItem.Title]</value>
        <value>$INFO[ListItem.Label]</value>
    </variable>

    <variable name="Path_Wikipedia_Type">
        <value condition="String.IsEqual(ListItem.DBType,tvshow)">tv</value>
        <value condition="String.IsEqual(ListItem.DBType,season)">tv</value>
        <value condition="String.IsEqual(ListItem.DBType,episode)">tv</value>
        <value condition="String.IsEqual(ListItem.DBType,movie)">movie</value>
    </variable>

</includes>
