<?xml version="1.0" encoding="UTF-8"?>
<window type="dialog" id="1121">
    <defaultcontrol always="true">5098</defaultcontrol>
    <onload>SetFocus(5098)</onload>
    <menucontrol>303</menucontrol>

    <include>Action_PreserveTransitionProp_Onload</include>
    <onload condition="String.IsEmpty(Skin.String(VideoInfo.PersonCredits.SortKey))">Skin.SetString(VideoInfo.PersonCredits.SortKey,popular)</onload>

    <controls>
        <include>DialogInfo_Recommendations_BackgroundLoader</include>
        <include>DialogInfo_Recommendations_BackgroundFake</include>
        <include content="DialogInfo_Recommendations_Group">
            <include>DialogInfo_Recommendations_InfoPanel</include>
            <include content="DialogInfo_Recommendations_Widgets_Grouplist">
                <param name="onup">333</param>
                <onleft condition="!Skin.String(Home.SideMenuCollapse,Topbar)">303</onleft>
                <onright condition="!Skin.String(Home.SideMenuCollapse,Topbar)">332</onright>
                <control type="button" id="5098">
                    <height>0</height>
                    <texturefocus />
                    <texturenofocus />
                    <onfocus>Action(Down)</onfocus>
                    <animation effect="fade" time="400" start="0" end="0">Focus</animation>
                    <visible>!ControlGroup(5000).HasFocus() | Control.HasFocus(5098)</visible>
                </control>
                <include>DialogInfo_Recommendations_Widgets</include>
            </include>
        </include>

        <control type="group">
            <include condition="Skin.String(Home.SideMenuCollapse,Topbar)">Animation_Home_Topbar</include>
            <include condition="!Skin.String(Home.SideMenuCollapse,Topbar)">Animation_Home_SlideOver</include>
            <include condition="!Skin.String(Home.SideMenuCollapse,Topbar) + Skin.HasSetting(SideMenu.EnableSearchAndOptions)">Home_Menu_SearchAndOptions</include>
            <include content="DialogInfo_ButtonGroup_Basic" condition="!Skin.String(Home.SideMenuCollapse,Topbar)">
                <param name="include">Items_PersonCredits_MenuBar</param>
                <param name="vertical">true</param>
                <param name="id">303</param>
                <onleft>61</onleft>
                <onright>5000</onright>
                <onup condition="Skin.HasSetting(SideMenu.EnableSearchAndOptions)">SetFocus(61)</onup>
                <ondown condition="Skin.HasSetting(SideMenu.EnableSearchAndOptions)">SetFocus(61)</ondown>
            </include>
            <include content="DialogInfo_ButtonGroup_Basic" condition="Skin.String(Home.SideMenuCollapse,Topbar)">
                <param name="include">Items_PersonCredits_MenuBar</param>
                <param name="vertical">false</param>
                <param name="id">303</param>
                <onup>61</onup>
                <ondown>5000</ondown>
            </include>
        </control>

        <include content="DialogInfo_Recommendations_Furniture">
            <param name="include_homemenu">false</param>
            <param name="header">$INFO[Window.Property(Item_Title)]</param>
        </include>
        <include content="DialogInfo_PlotBox">
            <param name="include_movement">DialogInfo_PlotBox_Details_OnMove</param>
            <param name="header">$INFO[Window.Property(PlotBox_Header)]</param>
            <param name="textbox">$INFO[Window.Property(PlotBox_Textbox)]</param>
            <param name="poster_visible">true</param>
            <param name="poster_icon">$INFO[Window.Property(PlotBox_Poster)]</param>
            <param name="landscape_visible">true</param>
            <param name="landscape_icon">$INFO[Window.Property(PlotBox_Landscape)]</param>
        </include>

    </controls>
</window>