<?xml version="1.0" encoding="UTF-8"?>
<window type="dialog" id="1172">
    <defaultcontrol always="true">303</defaultcontrol>
    <onload>SetFocus(303,1,absolute)</onload>
    <onunload condition="!String.IsEmpty(Window(1172).Property(PreviousMenu))">Action(PreviousMenu)</onunload>
    <onunload condition="!String.IsEmpty(Window(1172).Property(PreviousMenu))">ClearProperty(PreviousMenu,1172)</onunload>

    <controls>

        <control type="group">
            <include>Home_Menu_Fade_Labels</include>
        </control>

        <control type="group">
            <control type="group">
                <visible>!Window.IsVisible(1170)</visible>
                <include>Animation_FadeOut</include>
                <include>Home_Menu_ProfileButton</include>
            </control>
            <control type="group">
                <visible>!Window.IsVisible(1170)</visible>
                <animation effect="fade" start="100" end="70" condition="!Control.HasFocus(308)">Conditional</animation>
                <include>Animation_Home_Menu_Label</include>
                <include content="Dialog_Head">
                    <param name="label">$VAR[Label_ProfileName]</param>
                    <param name="textcolor">main_fg_100</param>
                    <param name="sublabel">$LOCALIZE[31370]</param>
                    <param name="sublabel_include">true</param>
                    <param name="sublabel_textcolor">main_fg_70</param>
                    <param name="left">view_side</param>
                </include>
            </control>
        </control>

        <control type="group">
            <visible>!Window.IsVisible(1170)</visible>
            <include>Animation_FadeOut</include>
            <control type="group">
                <control type="group">
                    <left>80</left>
                    <centerbottom>70</centerbottom>
                    <height>100</height>
                    <include content="Layout_Home_Menu_Label">
                        <param name="detailed">true</param>
                        <param name="selected">[Control.HasFocus(309)]</param>
                        <param name="label">$LOCALIZE[33063]</param>
                    </include>
                </control>
                <control type="grouplist">
                    <orientation>horizontal</orientation>
                    <centerbottom>100</centerbottom>
                    <height>120</height>
                    <itemgap>80</itemgap>
                    <include content="Home_Menu_Button_Icon">
                        <param name="id">309</param>
                        <param name="icon">special://skin/extras/icons/bars.png</param>
                        <param name="color_nf">main_fg_70</param>
                        <centertop>50%</centertop>
                        <left>view_menu</left>
                        <include content="Home_Menu_Button_Back">
                            <param name="id">309</param>
                            <onup>SetFocus(303,9999,absolute)</onup>
                            <ondown>308</ondown>
                            <onleft>Action(PreviousMenu)</onleft>
                            <onright>Action(PreviousMenu)</onright>
                            <onclick>Action(PreviousMenu)</onclick>
                            <onclick>ActivateWindow(shutdownmenu)</onclick>
                        </include>
                    </include>
                </control>

                <control type="group">
                    <left>0</left>
                    <top>260</top>
                    <bottom>260</bottom>
                    <width>view_side</width>

                    <include content="Settings_Arrows">
                        <param name="arrow_prev_visible">Container(303).HasPrevious</param>
                        <param name="arrow_next_visible">Container(303).HasNext</param>
                        <param name="colordiffuse">main_fg_30</param>
                    </include>

                    <control type="list" id="303">
                        <focusposition>2</focusposition>
                        <movement>2</movement>
                        <width>view_side</width>
                        <orientation>vertical</orientation>
                        <scrolltime tween="quadratic">400</scrolltime>
                        <onup>308</onup>
                        <ondown>309</ondown>
                        <onleft>Action(PreviousMenu)</onleft>
                        <onright>Action(PreviousMenu)</onright>

                        <onback condition="$EXP[Exp_Navigation_OnMenu]">SetProperty(PreviousMenu,True)</onback>
                        <onback condition="$EXP[Exp_Navigation_OnMenu]">Action(PreviousMenu)</onback>

                        <include content="Home_Menu_List_ItemLayout">
                            <param name="id">303</param>
                            <param name="hidden_button_enabled">False</param>
                        </include>

                        <content>
                            <include>skinvariables-sidemenu-staticitems</include>
                        </content>
                    </control>
                </control>
            </control>
        </control>

    </controls>
</window>