<?xml version="1.0" encoding="UTF-8" standalone="yes"?>
<addon id="script.otaku.mappings" version="24.12.01" name="Otaku Mappings" provider-name="TeamOtaku">
    <extension point="xbmc.python.module" library="lib"/>
	<extension point="xbmc.addon.metadata">
        <summary>Anime ID Mappings for Otaku Addon</summary>
        <description>Mappings for Otaku are maintained separately to make distribution of the the addon itself easier/faster.</description>
        <platform>all</platform>
        <license>GPL-2.0</license>
        <assets>
            <icon>icon.png</icon>
            <fanart>fanart.jpg</fanart>
            <clearlogo>logo.png</clearlogo>
            <poster>poster.png</poster>
        </assets>
    </extension>
</addon>
