<?xml version="1.0" encoding="UTF-8"?>
<window type="dialog" id="1121">
    <defaultcontrol always="true">5098</defaultcontrol>
    <onload>SetFocus(5098)</onload>

    <include>Action_PreserveTransitionProp_Onload</include>

    <controls>
        <include>DialogInfo_Recommendations_BackgroundLoader</include>
        <include>DialogInfo_Recommendations_BackgroundFake</include>
        <include content="DialogInfo_Recommendations_Group">
            <include>DialogInfo_Recommendations_InfoPanel</include>
            <include content="DialogInfo_Recommendations_Widgets_Grouplist">
                <control type="button" id="5098">
                    <height>0</height>
                    <texturefocus />
                    <texturenofocus />
                    <onfocus>Action(Down)</onfocus>
                    <animation effect="fade" time="400" start="0" end="0">Focus</animation>
                    <visible>!ControlGroup(5000).HasFocus() | Control.HasFocus(5098)</visible>
                </control>
                <include>DialogInfo_Recommendations_Widgets</include>
            </include>
        </include>
        <include>DialogInfo_Recommendations_Furniture</include>
        <include>TouchMode_Recs_Zones</include>
    </controls>
</window>