<?xml version="1.0" encoding="UTF-8"?>
<window type="dialog" id="1171">
    <defaultcontrol>9000</defaultcontrol>
    <controls>
        <control type="group">
            <left>160</left>
            <width>1160</width>
            <height>120</height>
            <bottom>40</bottom>
            <control type="group">
                <include content="Dimension_Padding">
                    <param name="pad">20</param>
                </include>

                <control type="list" id="9000">
                    <onup>Close</onup>
                    <focusposition>2</focusposition>
                    <movement>2</movement>
                    <orientation>horizontal</orientation>
                    <height>80</height>
                    <right>-40</right>

                    <ondown>Dialog.Close(1171,true)</ondown>
                    <ondown>AlarmClock(refocus,SetFocus(330),00:00,silent)</ondown>

                    <itemlayout width="100" height="80">
                        <include content="Layout_OptionTray">
                            <param name="selected">false</param>
                        </include>
                    </itemlayout>

                    <focusedlayout width="100" height="80">
                        <include content="Layout_OptionTray">
                            <param name="selected">true</param>
                        </include>
                    </focusedlayout>

                    <content>
                        <!-- <item>
                            <label>$LOCALIZE[33063]</label>
                            <icon>special://skin/extras/icons/bars.png</icon>
                            <onclick>Close</onclick>
                            <onclick>ActivateWindow(shutdownmenu)</onclick>
                        </item> -->
                        <include>skinvariables-options-tray-staticitems</include>
                    </content>

                </control>
            </control>
        </control>
    </controls>
</window>