<?xml version="1.0" encoding="UTF-8"?>
<window type="window" id="1182">
    <defaultcontrol>5000</defaultcontrol>
    <include>Action_PreserveTransitionProp_Onload</include>
    <controls>
        <include>DialogInfo_Recommendations_BackgroundLoader</include>
        <include>Background_Main</include>
        <include>Background_Transition</include>
        <include content="DialogInfo_Recommendations_Group">
            <include content="DialogInfo_Recommendations_InfoPanel">
                <visible>!$EXP[Exp_InfoDialogs]</visible>
                <include>Animation_Transition_InfoPanel_Hide</include>
            </include>
            <include content="DialogInfo_Recommendations_Widgets_Grouplist">
                <param name="ondown">ActivateWindow(1171)</param>
                <include>skinvariables-homemenu-extended</include>
                <include>skinvariables-homemenu-extended-global</include>
                <control type="group" id="5099">
                    <height>0</height>
                    <control type="group">
                        <visible>!Integer.IsEqual(Container(5000).NumItems,0)</visible>
                        <visible>!Integer.IsEqual(Container(5000).NumItems,1) | !Control.HasFocus(5098) | ControlGroup(5000).HasFocus()</visible>
                        <visible>!$EXP[Exp_InfoDialogs]</visible>
                        <include content="Furniture_Bottom_WidgetGroups">
                            <param name="label">$LOCALIZE[33063]</param>
                        </include>
                    </control>
                </control>

            </include>
            <include>Widget_Transitions</include>
        </include>
        <control type="group">
            <visible>!$EXP[Exp_InfoDialogs]</visible>
            <include>DialogInfo_Recommendations_Furniture</include>
        </control>
        <include>TouchMode_Recs_Zones</include>
    </controls>
</window>