<contents>
    <template>generator/data/parts/basic_include.xmltemplate</template>
    <value name="comments">Standard Widgets</value>
    <value name="includes_name">skinvariables-{item}-widgets</value>
    <value name="includes_part">
        <template>generator/data/parts/basic_content.xmltemplate</template>
        <value name="comments">Widget Group</value>
        <value name="includes_name">Hub_Menu_Group</value>
        <value name="includes_part">
            <template>generator/data/parts/widgets_grouplist.xmltemplate</template>
            <value name="grouplist_refocus">SetFocus(300)</value>
            <value name="grouplist_widgets_only">False</value>
            <value name="grouplist_visible">True</value>
            <value name="grouplist_first_id">601</value>
            <value name="grouplist_top_widget_id">497</value>
            <value name="grouplist_bottom_widget_id">498</value>
            <value name="grouplist_furniture_widget_id">499</value>
            <value name="grouplist_id">400</value>
            <value name="grouplist_widgets_bump_id">401</value>

            <value name="all_adaptive_widgets">
                <items menu="{item}">
                    <item>
                        <template>generator/data/parts/basic_template.xmltemplate</template>
                        <value name="comments">Adaptive Widgets for Category {item_menu} {item_x} {item_label}</value>
                        <value name="grouplist_item_x">{item_x}</value>
                        <value name="widget_category_visible">String.IsEqual(Container(300).ListItem.Property(guid),{item_guid})</value>
                        <value name="includes_part">
                            <template>generator/data/parts/widgets_row.xmltemplate</template>
                            <datafile>generator/data/setup/widgets_row.xml</datafile>
                            <datafile>generator/data/setup/widgets_content_adaptive.xml</datafile>
                            <condition>{item_use_as_widget}==True</condition>
                            <enumitem name="enum_x">widget_{item_menu}_{item_x}</enumitem>
                        </value>
                    </item>
                </items>
            </value>

            <value name="all_submenu_widgets">
                <items menu="{item}">
                    <item>
                        <items menu="{item_menu}" item="{item_x}" mode="submenu">
                            <item>
                                <template>generator/data/parts/basic_template.xmltemplate</template>
                                <value name="comments">Submenu Widgets for Category {item_menu} {parent_item_x}.{item_x} {parent_item_label} {item_label}</value>
                                <value name="grouplist_item_x">{parent_item_x}</value>
                                <value name="widget_category_visible">String.IsEqual(Container(300).ListItem.Property(guid),{parent_item_guid}) + String.IsEqual(Container(302).ListItem.Property(guid),{item_guid})</value>
                                <value name="includes_part">
                                    <items menu="{parent_item_menu}" item="{parent_item_x}.{item_x}" mode="widgets">
                                        <item>
                                            <template>generator/data/parts/widgets_row.xmltemplate</template>
                                            <datafile>generator/data/setup/widgets_row.xml</datafile>
                                            <condition>{item_path}!=</condition>
                                            <condition>{item_disabled}!=True</condition>
                                            <enumitem name="enum_x">widget_{parent_parent_item_menu}_{parent_parent_item_x}</enumitem>
                                        </item>
                                    </items>
                                </value>
                            </item>
                        </items>
                    </item>
                </items>
            </value>

            <value name="all_standard_widgets">
                <items menu="{item}">
                    <item>
                        <template>generator/data/parts/basic_template.xmltemplate</template>
                        <value name="comments">Standard Widgets for Category {item_menu} {item_x} {item_label}</value>
                        <value name="grouplist_item_x">{item_x}</value>
                        <value name="widget_category_visible">String.IsEqual(Container(300).ListItem.Property(guid),{item_guid})</value>
                        <value name="includes_part">
                            <items menu="{item_menu}" item="{item_x}" mode="widgets">
                                <item>
                                    <template>generator/data/parts/widgets_row.xmltemplate</template>
                                    <datafile>generator/data/setup/widgets_row.xml</datafile>
                                    <condition>{item_path}!=</condition>
                                    <condition>{item_disabled}!=True</condition>
                                    <enumitem name="enum_x">widget_{parent_item_menu}_{parent_item_x}</enumitem>
                                </item>
                            </items>
                        </value>
                    </item>
                </items>
            </value>

            <value name="all_sidemenu_widgets">
                <items menu="sidemenu">
                    <item>
                        <value name="comments">Sidemenu Widgets for {item} {item_x} {item_label}</value>
                        <condition>{item}==homemenu</condition>
                        <template>generator/data/parts/basic_template.xmltemplate</template>
                        <value name="widget_category_visible">String.IsEqual(Container({sidemenu_id}).ListItem.Property(guid),{item_guid})</value>
                        <value name="grouplist_item_x">$MATH[{item_x} + 100]</value>
                        <value name="includes_part">
                            <items mode="widgets" item="{item_x}" menu="{item_menu}">
                                <item>
                                    <template>generator/data/parts/widgets_row.xmltemplate</template>
                                    <datafile>generator/data/setup/widgets_row.xml</datafile>
                                    <condition>{item_path}!=</condition>
                                    <condition>{item_disabled}!=True</condition>
                                    <enumitem name="enum_x">widget_{parent_item_menu}_{parent_item_x}</enumitem>
                                </item>
                            </items>
                        </value>
                    </item>
                </items>
            </value>

            <value name="all_global_widgets">
                <value name="comments">Global Widgets for {item}</value>
                <template>generator/data/parts/basic_template.xmltemplate</template>
                <value name="widget_category_visible">True</value>
                <value name="grouplist_item_x">200</value>
                <value name="includes_part">
                    <items menu="{item}-globalwidgets">
                        <item>
                            <template>generator/data/parts/widgets_row.xmltemplate</template>
                            <datafile>generator/data/setup/widgets_row.xml</datafile>
                            <condition>{item_path}!=</condition>
                            <condition>{item_disabled}!=True</condition>
                            <enumitem name="enum_x">widget_{parent_item}_globalwidgets</enumitem>
                        </item>
                    </items>
                </value>
            </value>


            <value name="all_endrow_selector">
                <value name="comments">Widget Selector</value>
                <template>generator/data/parts/endrow_selector.xmltemplate</template>
                <condition>Skin.HasSetting(Hub.{window_id}.WidgetSelector)</condition>
                <value name="endrow_visible">True</value>

                <value name="all_adaptive_widgets">
                    <items menu="{item}">
                        <item>
                            <template>generator/data/parts/basic_template.xmltemplate</template>
                            <value name="comments">Adaptive EndRow for Category {item_menu} {item_x} {item_label}</value>
                            <value name="grouplist_item_x">{item_x}</value>
                            <value name="widget_category_visible">String.IsEqual(Container(300).ListItem.Property(guid),{item_guid})</value>
                            <value name="includes_part">
                                <template>generator/data/parts/endrow_item.xmltemplate</template>
                                <datafile>generator/data/setup/onclick_path.xml</datafile>
                                <datafile>generator/data/setup/endrow_item.xml</datafile>
                                <datafile>generator/data/setup/category_sublabel.xml</datafile>
                                <condition>{item_use_as_widget}==True</condition>
                                <enumitem name="enum_x">endrow_{item_menu}_{item_x}</enumitem>
                            </value>
                        </item>
                    </items>
                </value>
                <value name="all_submenu_widgets">
                    <items menu="{item}">
                        <item>
                            <items menu="{item_menu}" item="{item_x}" mode="submenu">
                                <item>
                                    <template>generator/data/parts/basic_template.xmltemplate</template>
                                    <value name="comments">Submenu EndRow for Category {item_menu} {parent_item_x}.{item_x} {parent_item_label} {item_label}</value>
                                    <value name="grouplist_item_x">{parent_item_x}</value>
                                    <value name="widget_category_visible">String.IsEqual(Container(300).ListItem.Property(guid),{parent_item_guid}) + String.IsEqual(Container(302).ListItem.Property(guid),{item_guid})</value>
                                    <value name="includes_part">
                                        <items menu="{parent_item_menu}" item="{parent_item_x}.{item_x}" mode="widgets">
                                            <item>
                                                <template>generator/data/parts/endrow_item.xmltemplate</template>
                                                <datafile>generator/data/setup/onclick_path.xml</datafile>
                                                <datafile>generator/data/setup/endrow_item.xml</datafile>
                                                <datafile>generator/data/setup/category_sublabel.xml</datafile>
                                                <condition>{item_path}!=</condition>
                                                <condition>{item_disabled}!=True</condition>
                                                <enumitem name="enum_x">endrow_{parent_parent_item_menu}_{parent_parent_item_x}</enumitem>
                                            </item>
                                        </items>
                                    </value>
                                </item>
                            </items>
                        </item>
                    </items>
                </value>
                <value name="all_standard_widgets">
                    <items menu="{item}">
                        <item>
                            <template>generator/data/parts/basic_template.xmltemplate</template>
                            <value name="comments">Standard EndRow for Category {item_menu} {item_x} {item_label}</value>
                            <value name="grouplist_item_x">{item_x}</value>
                            <value name="widget_category_visible">String.IsEqual(Container(300).ListItem.Property(guid),{item_guid})</value>
                            <value name="includes_part">
                                <items menu="{item_menu}" item="{item_x}" mode="widgets">
                                    <item>
                                        <template>generator/data/parts/endrow_item.xmltemplate</template>
                                        <datafile>generator/data/setup/onclick_path.xml</datafile>
                                        <datafile>generator/data/setup/endrow_item.xml</datafile>
                                        <datafile>generator/data/setup/category_sublabel.xml</datafile>
                                        <condition>{item_path}!=</condition>
                                        <condition>{item_disabled}!=True</condition>
                                        <enumitem name="enum_x">endrow_{parent_item_menu}_{parent_item_x}</enumitem>
                                    </item>
                                </items>
                            </value>
                        </item>
                    </items>
                </value>
                <value name="all_sidemenu_widgets">
                    <items menu="sidemenu">
                        <item>
                            <value name="comments">Sidemenu EndRow for {item} {item_x} {item_label}</value>
                            <condition>{item}==homemenu</condition>
                            <template>generator/data/parts/basic_template.xmltemplate</template>
                            <value name="widget_category_visible">String.IsEqual(Container({sidemenu_id}).ListItem.Property(guid),{item_guid})</value>
                            <value name="grouplist_item_x">$MATH[{item_x} + 100]</value>
                            <value name="includes_part">
                                <items mode="widgets" item="{item_x}" menu="{item_menu}">
                                    <item>
                                        <template>generator/data/parts/endrow_item.xmltemplate</template>
                                        <datafile>generator/data/setup/onclick_path.xml</datafile>
                                        <datafile>generator/data/setup/endrow_item.xml</datafile>
                                        <datafile>generator/data/setup/category_sublabel.xml</datafile>
                                        <condition>{item_path}!=</condition>
                                        <condition>{item_disabled}!=True</condition>
                                        <enumitem name="enum_x">endrow_{parent_item_menu}_{parent_item_x}</enumitem>
                                    </item>
                                </items>
                            </value>
                        </item>
                    </items>
                </value>
                <value name="all_global_widgets">
                    <value name="comments">Global EndRow for {item}</value>
                    <template>generator/data/parts/basic_template.xmltemplate</template>
                    <value name="widget_category_visible">True</value>
                    <value name="grouplist_item_x">200</value>
                    <value name="includes_part">
                        <items menu="{item}-globalwidgets">
                            <item>
                                <template>generator/data/parts/endrow_item.xmltemplate</template>
                                <datafile>generator/data/setup/onclick_path.xml</datafile>
                                <datafile>generator/data/setup/endrow_item.xml</datafile>
                                <datafile>generator/data/setup/category_sublabel.xml</datafile>
                                <condition>{item_path}!=</condition>
                                <condition>{item_disabled}!=True</condition>
                                <enumitem name="enum_x">endrow_{parent_item}_globalwidgets</enumitem>
                            </item>
                        </items>
                    </value>
                </value>
            </value>

        </value>
    </value>

</contents>
