<contents>
    <value name="widget_id">$MATH[{grouplist_item_x} * 1000 + 600 + 1]</value>
    <value name="widget_group_id">$MATH[{grouplist_item_x} * 1000 + 700 + 1]</value>
    <value name="widget_selector_id">$MATH[{grouplist_item_x} * 1000 + 419]</value>
    <value name="widget_shortstack_id">$MATH[{grouplist_item_x} * 1000 + 800 + 1]</value>
    <value name="widget_prev_id">$MATH[{grouplist_item_x} * 1000 + 600 + 1 - 1]</value>
    <value name="widget_next_id">$MATH[{grouplist_item_x} * 1000 + 600 + 1 + 1]</value>
    <value name="widget_nextnext_id">$MATH[{grouplist_item_x} * 1000 + 600 + 1 + 2]</value>
    <value name="widget_nextnextnext_id">$MATH[{grouplist_item_x} * 1000 + 600 + 1 + 3]</value>
    <value name="widget_visible">!String.IsEmpty(Window.Property(Item.{grouplist_item_x}302.SpecialFolderPath))</value>
    <value name="widget_altvisible">!String.IsEmpty(Window.Property(Item.{grouplist_item_x}302.SpecialFolderPath))</value>
    <value name="widget_path">$INFO[Window.Property(Item.{grouplist_item_x}302.SpecialFolderPath)]</value>
    <value name="widget_label">$INFO[Window.Property(Item.{grouplist_item_x}302.SpecialFolderLabel)]</value>
</contents>