<contents>
    <lists>
        <list name="1101menu">
            <value name="window_id">1101</value>
        </list>
        <list name="1102menu">
            <value name="window_id">1102</value>
        </list>
        <list name="1103menu">
            <value name="window_id">1103</value>
        </list>
        <list name="1104menu">
            <value name="window_id">1104</value>
        </list>
        <list name="1106menu">
            <value name="window_id">1106</value>
        </list>
        <list name="1107menu">
            <value name="window_id">1107</value>
        </list>
        <list name="1108menu">
            <value name="window_id">1108</value>
        </list>
        <list name="1109menu">
            <value name="window_id">1109</value>
        </list>
    </lists>
    <items>
        <item>
            <value name="comments">Hubs Widgets Only</value>
            <template>generator/data/parts/basic_include.xmltemplate</template>
            <value name="includes_name">skinvariables-{item}-widgetsonly</value>
            <value name="includes_part">
                <value name="comments">Widget Group</value>
                <template>generator/data/parts/basic_content.xmltemplate</template>
                <condition>Skin.HasSetting(Hub.{window_id}.DisableSubmenu)</condition>
                <value name="includes_name">Hub_Menu_Group</value>
                <value name="includes_part">
                    <template>generator/data/parts/widgets_grouplist.xmltemplate</template>
                    <datafile>generator/data/setup/widgets_grouplist.xml</datafile>
                    <datafile>generator/data/setup/widgetsonly_grouplist.xml</datafile>
                    <value name="all_standard_widgets">
                        <items menu="{item}-widgetsonly">
                            <item>
                                <template>generator/data/parts/widgets_row.xmltemplate</template>
                                <datafile>generator/data/setup/widgets_row.xml</datafile>
                                <condition>{item_path}!=</condition>
                                <condition>{item_disabled}!=True</condition>
                                <enumitem name="enum_x">widget_{parent_item}_widgetsonly</enumitem>
                            </item>
                        </items>
                    </value>
                    <value name="all_endrow_selector">
                        <value name="comments">Widget Selector</value>
                        <template>generator/data/parts/endrow_selector.xmltemplate</template>
                        <condition>Skin.HasSetting(Hub.{window_id}.WidgetSelector)</condition>
                        <value name="endrow_visible">True</value>
                        <value name="all_endrow_items">
                            <items menu="{item}-widgetsonly">
                                <item>
                                    <template>generator/data/parts/endrow_item.xmltemplate</template>
                                    <datafile>generator/data/setup/onclick_path.xml</datafile>
                                    <datafile>generator/data/setup/endrow_item.xml</datafile>
                                    <condition>{item_path}!=</condition>
                                    <condition>{item_disabled}!=True</condition>
                                    <enumitem name="enum_x">endrow_{parent_item}_widgetsonly</enumitem>
                                </item>
                            </items>
                        </value>
                    </value>
                </value>
            </value>
        </item>
    </items>
</contents>