<?xml version="1.0" encoding="UTF-8"?>
<window type="window" id="1107">
    <defaultcontrol>300</defaultcontrol>
    <menucontrol>303</menucontrol>
    <include>Action_Blur_Onload</include>
    <include content="Action_Hubs_Onload">
        <param name="window_id">1107</param>
    </include>
    <controls>
        <include content="Hub_Controls">
            <param name="window_id">1107</param>
            <param name="widgets_only">Skin.HasSetting(Hub.1107.DisableSubmenu)</param>
            <param name="widgets_include">skinvariables-1107menu-widgetsonly</param>
            <param name="categories">1107menu</param>
        </include>
    </controls>
</window>