<?xml version="1.0" encoding="UTF-8"?>
<window>
    <zorder>0</zorder>
    <visible>!Player.HasGame</visible>
    <visible>!Window.IsActive(DialogPlayerProcessInfo.xml)</visible>
    <visible>Window.IsActive(VideoFullScreen.xml) | Window.IsActive(MusicVisualisation.xml)</visible>
    <visible>Window.IsActive(videoosd) | Window.IsActive(musicosd) | Player.Caching | Player.ShowInfo | Player.Seeking | Player.DisplayAfterSeek | [Player.Paused + [!System.IdleTime(3) | !Skin.HasSetting(OSD.AutoHideOnPause)]] | Player.Forwarding | Player.Rewinding | Window.IsActive(DialogFullScreenInfo.xml) | !String.IsEmpty(Window(Home).Property(OSDInfo)) | !String.IsEmpty(Player.SeekNumeric) | !String.IsEmpty(PVR.ChannelNumberInput) | Window.IsVisible(script-cu-lrclyrics-main.xml)</visible>
    <visible>!Window.IsVisible(DialogSlider.xml)</visible>
    <visible>!Window.IsVisible(DialogPVRChannelsOSD.xml)</visible>
    <include>Animation_Fullscreen_Media</include>

    <onload condition="Player.Paused + !String.IsEmpty(Window(Home).Property(OSDExtendedInfo))">PlayerControl(Play)</onload>
    <onload condition="Player.Paused + !String.IsEmpty(Window(Home).Property(OSDExtendedInfo))">ClearProperty(OSDExtendedInfo,Home)</onload>
    <controls>

        <include content="Object_Control">
            <param name="control" value="image" />
            <texture colordiffuse="panel_bg">background/floor.png</texture>
            <visible>!String.IsEmpty(Window(Home).Property(OSDExpandInfo))</visible>
            <include>Animation_FadeIn_Delay</include>
            <include>Animation_FadeOut</include>
        </include>

        <include content="Object_Control">
            <param name="control" value="image" />
            <texture colordiffuse="panel_bg">background/floor.png</texture>
        </include>

        <!-- Video Seekbar -->
        <include content="Object_Control" condition="VideoPlayer.IsFullscreen">
            <param name="control" value="group" />

            <!-- Progress Bar Group -->
            <control type="group">
                <include>OSD_Progress_Bar</include>
                <include>OSD_Progress_Labels</include>
                <include>OSD_Progress_Details</include>
                <include>Animation_OSD_Seekbar_NoCodecs</include>
                <include>Animation_OSD_ExpandInfo</include>
            </control>

            <!-- Top Left Label -->
            <control type="group">
                <visible>[VideoPlayer.Content(episodes) + !String.IsEmpty(VideoPlayer.Title)] | [VideoPlayer.Content(movies) + !String.IsEmpty(Player.Chapter) + !String.IsEqual(Player.Chapter,00)] | [VideoPlayer.Content(livetv) + !String.IsEmpty(VideoPlayer.ChannelNumberLabel)] | [VideoPlayer.Content(files) + !String.IsEmpty(VideoPlayer.Studio)]</visible>
                <include content="Object_ShadowSpot">
                    <include>Dimension_HeaderTitleShadow</include>
                </include>
                <include content="Furniture_Top_Left">
                    <param name="label">$VAR[Label_OSD_HeaderEpisodeChapter]</param>
                </include>
            </control>
        </include>

        <!-- Music Seekbar -->
        <include content="Object_Control" condition="!VideoPlayer.IsFullscreen">
            <param name="control" value="group" />
            <top>view_top</top>
            <height>640</height>
            <control type="group">
                <centerleft>50%</centerleft>
                <width>640</width>
                <control type="group">
                    <animation effect="slide" start="0" end="90" time="400" tween="cubic" easing="out" reversible="false" condition="Window.IsVisible(script-cu-lrclyrics-main.xml) + Window.IsVisible(musicosd)">Conditional</animation>
                    <animation effect="slide" end="0" start="90" time="400" tween="cubic" easing="out" reversible="false" condition="![Window.IsVisible(script-cu-lrclyrics-main.xml) + Window.IsVisible(musicosd)]">Conditional</animation>
                    <animation effect="slide" start="0" end="-560" time="400" tween="cubic" easing="out" reversible="false" condition="Window.IsVisible(script-cu-lrclyrics-main.xml)">Conditional</animation>
                    <animation effect="slide" end="0" start="-560" time="400" tween="cubic" easing="out" reversible="false" condition="!Window.IsVisible(script-cu-lrclyrics-main.xml)">Conditional</animation>
                    <include content="Object_BigPoster">
                        <param name="diffuse" value="diffuse/square_w640_h640.png" />
                        <param name="icon" value="$INFO[Player.Icon]" />
                    </include>
                    <control type="group">
                        <height>12</height>
                        <bottom>0</bottom>
                        <include>OSD_Progress_BarControls</include>
                    </control>
                </control>
                <control type="grouplist">
                    <visible>!Window.IsVisible(script-cu-lrclyrics-main.xml)</visible>
                    <include>Animation_FadeIn_Delay</include>
                    <include>Animation_FadeOut</include>
                    <top>640</top>
                    <left>-320</left>
                    <right>-320</right>
                    <height>160</height>
                    <orientation>vertical</orientation>
                    <control type="group">
                        <height>20</height>
                    </control>
                    <control type="label">
                        <label>$INFO[Player.Title]</label>
                        <textcolor>panel_fg_100</textcolor>
                        <font>font_mainlabel</font>
                        <align>center</align>
                        <height>50</height>
                    </control>
                    <control type="label">
                        <label>$INFO[MusicPlayer.Artist,[COLOR=panel_fg_70],[/COLOR]]$INFO[MusicPlayer.Album, • [COLOR=panel_fg_70],[/COLOR]]$INFO[MusicPlayer.Year, • [COLOR=panel_fg_70],[/COLOR]]</label>
                        <textcolor>$VAR[ColorHighlight]</textcolor>
                        <font>font_small</font>
                        <align>center</align>
                        <height>50</height>
                    </control>
                    <control type="label">
                        <label>$INFO[Player.Time,[COLOR=panel_fg_90],[/COLOR]]$INFO[Player.Duration, | [COLOR=panel_fg_90],[/COLOR]]</label>
                        <textcolor>$VAR[ColorHighlight]</textcolor>
                        <font>font_small</font>
                        <align>center</align>
                        <height>40</height>
                    </control>
                </control>
            </control>

            <control type="group">
                <visible>Window.IsVisible(script-cu-lrclyrics-main.xml)</visible>
                <include>Animation_FadeIn_Delay</include>
                <include>Animation_FadeOut</include>
                <top>720</top>
                <left>view_pad</left>
                <right>view_pad</right>
                <height>80</height>
                <control type="label">
                    <label>$INFO[Player.Title]</label>
                    <textcolor>panel_fg_100</textcolor>
                    <font>font_mainlabel</font>
                    <align>left</align>
                    <height>30</height>
                    <top>0</top>
                </control>
                <control type="label">
                    <label>$INFO[Player.Time,[COLOR=panel_fg_90],[/COLOR]]$INFO[Player.Duration, | [COLOR=panel_fg_90],[/COLOR]]</label>
                    <textcolor>$VAR[ColorHighlight]</textcolor>
                    <font>font_small</font>
                    <align>right</align>
                    <height>40</height>
                    <bottom>0</bottom>
                </control>
                <control type="label">
                    <label>$INFO[MusicPlayer.Artist,[COLOR=panel_fg_70],[/COLOR]]$INFO[MusicPlayer.Album, • [COLOR=panel_fg_70],[/COLOR]]$INFO[MusicPlayer.Year, • [COLOR=panel_fg_70],[/COLOR]]</label>
                    <textcolor>$VAR[ColorHighlight]</textcolor>
                    <font>font_small</font>
                    <align>left</align>
                    <height>40</height>
                    <bottom>0</bottom>
                </control>
            </control>

        </include>

        <!-- Clock -->
        <include content="Object_ShadowSpot">
            <include>Dimension_ClockShadow</include>
        </include>
        <include content="Furniture_Top_Right">
            <param name="icon" value="$VAR[Image_MuteBug_Seekbar]" />
        </include>

        <!-- Top Label Lyrics -->
        <control type="group">
            <visible>Window.IsVisible(script-cu-lrclyrics-main.xml)</visible>
            <include>Animation_FadeIn_Delay</include>
            <include>Animation_FadeOut</include>
            <include content="Furniture_Top_Left">
                <param name="label">$LOCALIZE[31244]</param>
            </include>
        </control>
    </controls>
</window>