<?xml version="1.0" encoding="UTF-8"?>
<includes>

    <!--  -->

    <!--
        5000|info=cast|true
    **  5001|info=seasons|true
    **  5002|info=collection&tmdb_type=movie&query=|false
        5003|info=recommendations|true
        5004|info=similar|true
    **  5005|fromyear
    **  5006|fromgenre
    **  5007|fromstudio
    **  5008|fromdirector
    **  5009|fromwriter
        5010|info=crew|true
    **  5011|info=upnext|true
        5091|info=posters|true
        5092|info=fanart|true
        5093|info=reviews|true
        5094|info=movie_keywords|true
    -->

    <variable name="Path_Recs">
        <value condition="$EXP[Exp_IsPersonInfo]">5000|info=stars_in_movies&amp;limit=50|true|info||5001|info=stars_in_tvshows&amp;limit=50|true|info||5002|info=crew_in_movies&amp;limit=50|true|info||5003|info=crew_in_tvshows&amp;limit=50|true|info||5091|info=images|true|SetFocus(5291)</value>

        <value condition="String.IsEqual(ListItem.DBType,movie) | String.IsEqual(ListItem.DBType,tvshow) | String.IsEqual(ListItem.DBType,season) | String.IsEqual(ListItem.DBType,episode)">$VAR[Path_Recs_Basic]$VAR[Path_Recs_Year,||5005|,|false|info]$VAR[Path_Recs_Genre,||5006|,|false|info]$VAR[Path_Recs_Studio,||5007|,|false|info]$VAR[Path_Recs_Director,||5008|,|false|info]$VAR[Path_Recs_Writer,||5009|,|false|info]</value>
    </variable>

    <variable name="Path_Recs_Basic">
        <value condition="String.IsEqual(ListItem.DBType,movie)">5000|info=cast$VAR[Path_Param_AggregateCast]|true|info$VAR[Path_Recs_Collection,||5002|,|false|info]||5003|info=recommendations|true|info||5004|info=similar|true|info||5091|info=posters|true|SetFocus(5291)||5092|info=fanart|true|SetFocus(5292)||5093|info=trakt_comments|true|text||5094|info=movie_keywords|true|SetFocus(5095,0,absolute)||5010|info=crew$VAR[Path_Param_AggregateCrew]|true|info||5030|info=trakt_inlists|true|browse</value>
        <value condition="String.IsEqual(ListItem.DBType,tvshow) | String.IsEqual(ListItem.DBType,season) | String.IsEqual(ListItem.DBType,episode)">5000|info=cast$VAR[Path_Param_AggregateCast]|true|info$VAR[Path_Recs_Season,||5001|,|true|browse]||5003|info=recommendations|true|info||5004|info=similar|true|info||5091|info=posters|true|SetFocus(5291)||5092|info=fanart|true|SetFocus(5292)||5093|info=trakt_comments|true|text||5010|info=crew$VAR[Path_Param_AggregateCrew]|true|info$VAR[Path_Recs_UpNext,||5011|,|true|play]||5030|info=trakt_inlists|true|browse</value>
    </variable>

    <variable name="Path_Recs_Collection">
        <value condition="String.IsEqual(ListItem.DBType,movie) + !String.IsEmpty(ListItem.Set)">info=collection&amp;tmdb_type=collection&amp;query=$WINPROP[Set]</value>
        <value condition="String.IsEqual(ListItem.DBType,movie) + !String.IsEmpty(Container(99950).ListItem.Set)">info=collection&amp;tmdb_type=collection&amp;query=$WINPROP[Set]</value>
        <value condition="ListItem.IsCollection + !String.IsEmpty(ListItem.Title)">info=collection&amp;tmdb_type=collection&amp;query=$WINPROP[Title]</value>
    </variable>

    <variable name="Path_Recs_Year">
        <value condition="String.IsEqual(ListItem.DBType,movie) + !String.IsEmpty(ListItem.Year)">info=discover&amp;type=movie&amp;primary_release_year=$WINPROP[Year]&amp;exclude_key=title&amp;exclude_value=$WINPROP[Title]</value>
        <value condition="String.IsEqual(ListItem.DBType,tvshow) + !String.IsEmpty(ListItem.Year)">info=discover&amp;type=tv&amp;first_air_date_year=$WINPROP[Year]&amp;exclude_key=title&amp;exclude_value=$WINPROP[Title]</value>
    </variable>

    <variable name="Path_Recs_Genre">
        <value condition="!String.IsEmpty(ListItem.Genre)">info=discover&amp;with_genres=$WINPROP[Genre]&amp;exclude_key=title&amp;exclude_value=$WINPROP[Title]$VAR[Path_Param_Type,&amp;,]</value>
    </variable>

    <variable name="Path_Recs_Season">
        <value condition="String.IsEqual(ListItem.DBType,tvshow) | String.IsEqual(ListItem.DBType,episode)">info=seasons</value>
    </variable>

    <variable name="Path_Recs_UpNext">
        <value condition="String.IsEqual(ListItem.DBType,tvshow) | String.IsEqual(ListItem.DBType,episode) | String.IsEqual(ListItem.DBType,season)">info=trakt_upnext</value>
    </variable>

    <variable name="Path_Recs_Studio">
        <value condition="String.IsEqual(ListItem.DBType,movie) + !String.IsEmpty(Container(99950).ListItem.Property(Studio.1.TMDB_ID))">info=discover&amp;type=movie&amp;with_companies=$INFO[Container(99950).ListItem.Property(Studio.1.TMDB_ID)]&amp;with_id=True&amp;exclude_key=title&amp;exclude_value=$WINPROP[Title]</value>
        <value condition="String.IsEqual(ListItem.DBType,tvshow) + !String.IsEmpty(Container(99950).ListItem.Property(Studio.1.TMDB_ID))">info=discover&amp;type=tv&amp;with_networks=$INFO[Container(99950).ListItem.Property(Studio.1.TMDB_ID)]&amp;with_id=True&amp;exclude_key=title&amp;exclude_value=$WINPROP[Title]</value>
    </variable>

    <variable name="Path_Recs_Director_Name">
        <value condition="!String.IsEmpty(Container(99950).ListItem.Property(Director.1.name))">$ESCINFO[Container(99950).ListItem.Property(Director.1.name)]</value>
        <value condition="!String.IsEmpty(ListItem.Director)">$ESCINFO[ListItem.Director]</value>
    </variable>
    <variable name="Path_Recs_Director">
        <value condition="String.IsEqual(ListItem.DBType,movie)">info=crew_in_movies&amp;type=person&amp;filter_key=job&amp;filter_value=Director&amp;query=$WINPROP[Director]&amp;exclude_key=title&amp;exclude_value=$WINPROP[Title]</value>
    </variable>

    <variable name="Path_Recs_Type">
        <value condition="String.IsEqual(ListItem.DBType,movie)">tmdb_type=movie</value>
        <value condition="String.IsEqual(ListItem.DBType,tvshow)">tmdb_type=tv</value>
        <value condition="String.IsEqual(ListItem.DBType,season)">tmdb_type=tv</value>
        <value condition="String.IsEqual(ListItem.DBType,episode)">tmdb_type=tv</value>
        <value condition="String.IsEqual(ListItem.DBType,set)">tmdb_type=movie</value>
        <value condition="$EXP[Exp_IsPersonInfo]">tmdb_type=person</value>
    </variable>

    <variable name="Path_Recs_Query">
        <value condition="String.IsEqual(ListItem.DBType,movie) + !String.IsEmpty(ListItem.Property(imdb_id))">imdb_id=$INFO[ListItem.Property(imdb_id)]</value>
        <value condition="String.IsEqual(ListItem.DBType,movie) + !String.IsEmpty(ListItem.IMDBNumber) + String.StartsWith(ListItem.IMDBNumber,tt)">imdb_id=$INFO[ListItem.IMDBNumber]</value>
        <value condition="[String.IsEqual(ListItem.DBType,season) | String.IsEqual(ListItem.DBType,episode) | String.StartsWith(ListItem.Label,Season)] + !String.IsEmpty(ListItem.TvShowTitle)">query=$WINPROP[Title]$INFO[ListItem.Year,$COMMAepisode_year=,]</value>
        <value condition="$EXP[Exp_IsPersonInfo] + !String.IsEmpty(ListItem.Property(tmdb_id))">tmdb_id=$INFO[ListItem.Property(tmdb_id)]</value>
        <value condition="!String.IsEmpty(ListItem.Title)">query=$WINPROP[Title]$INFO[ListItem.Year,$COMMAyear=,]</value>
        <value condition="!String.IsEmpty(ListItem.Label)">query=$WINPROP[Title]</value>
    </variable>

    <variable name="Path_Recs_Writer_Screenplay">
        <value condition="!String.IsEmpty(Container(99950).ListItem.Property(Writer.1.name)) + !String.IsEmpty(Container(99950).ListItem.Property(Writer.1.job)) + String.IsEqual(Container(99950).ListItem.Property(Writer.1.job),Screenplay)">$ESCINFO[Container(99950).ListItem.Property(Writer.1.name)]</value>
        <value condition="!String.IsEmpty(Container(99950).ListItem.Property(Writer.2.name)) + !String.IsEmpty(Container(99950).ListItem.Property(Writer.2.job)) + String.IsEqual(Container(99950).ListItem.Property(Writer.2.job),Screenplay)">$ESCINFO[Container(99950).ListItem.Property(Writer.2.name)]</value>
        <value condition="!String.IsEmpty(Container(99950).ListItem.Property(Writer.3.name)) + !String.IsEmpty(Container(99950).ListItem.Property(Writer.3.job)) + String.IsEqual(Container(99950).ListItem.Property(Writer.3.job),Screenplay)">$ESCINFO[Container(99950).ListItem.Property(Writer.3.name)]</value>
        <value condition="!String.IsEmpty(Container(99950).ListItem.Property(Writer.4.name)) + !String.IsEmpty(Container(99950).ListItem.Property(Writer.4.job)) + String.IsEqual(Container(99950).ListItem.Property(Writer.4.job),Screenplay)">$ESCINFO[Container(99950).ListItem.Property(Writer.4.name)]</value>
        <value condition="!String.IsEmpty(Container(99950).ListItem.Property(Writer.5.name)) + !String.IsEmpty(Container(99950).ListItem.Property(Writer.5.job)) + String.IsEqual(Container(99950).ListItem.Property(Writer.5.job),Screenplay)">$ESCINFO[Container(99950).ListItem.Property(Writer.5.name)]</value>
        <value condition="!String.IsEmpty(Container(99950).ListItem.Property(Writer.6.name)) + !String.IsEmpty(Container(99950).ListItem.Property(Writer.6.job)) + String.IsEqual(Container(99950).ListItem.Property(Writer.6.job),Screenplay)">$ESCINFO[Container(99950).ListItem.Property(Writer.6.name)]</value>
        <value condition="!String.IsEmpty(Container(99950).ListItem.Property(Writer.7.name)) + !String.IsEmpty(Container(99950).ListItem.Property(Writer.7.job)) + String.IsEqual(Container(99950).ListItem.Property(Writer.7.job),Screenplay)">$ESCINFO[Container(99950).ListItem.Property(Writer.7.name)]</value>
        <value condition="!String.IsEmpty(Container(99950).ListItem.Property(Writer.8.name)) + !String.IsEmpty(Container(99950).ListItem.Property(Writer.8.job)) + String.IsEqual(Container(99950).ListItem.Property(Writer.8.job),Screenplay)">$ESCINFO[Container(99950).ListItem.Property(Writer.8.name)]</value>
        <value condition="!String.IsEmpty(Container(99950).ListItem.Property(Writer.9.name)) + !String.IsEmpty(Container(99950).ListItem.Property(Writer.9.job)) + String.IsEqual(Container(99950).ListItem.Property(Writer.9.job),Screenplay)">$ESCINFO[Container(99950).ListItem.Property(Writer.9.name)]</value>
        <value condition="!String.IsEmpty(Container(99950).ListItem.Property(Writer.10.name)) + !String.IsEmpty(Container(99950).ListItem.Property(Writer.10.job)) + String.IsEqual(Container(99950).ListItem.Property(Writer.10.job),Screenplay)">$ESCINFO[Container(99950).ListItem.Property(Writer.10.name)]</value>
        <value condition="!String.IsEmpty(Container(99950).ListItem.Property(Writer.1.name))">$ESCINFO[Container(99950).ListItem.Property(Writer.1.name)]</value>
    </variable>

    <variable name="Path_Recs_Writer">
        <value condition="String.IsEqual(ListItem.DBType,movie) + !String.IsEmpty(Container(99950).ListItem.Property(Writer.1.name))">info=crew_in_movies&amp;type=person&amp;filter_key=job&amp;filter_value=Writer&amp;query=$WINPROP[Writer]&amp;exclude_key=title&amp;exclude_value=$WINPROP[Writer]</value>
    </variable>

    <variable name="Path_Library_Collections">
        <value condition="!String.IsEmpty(ListItem.DBID) + String.IsEqual(ListItem.DBType,tvshow) + ListItem.IsFolder">$INFO[ListItem.DBID,videodb://tvshows/titles/,/]</value>
        <value condition="String.IsEqual(ListItem.DBType,tvshow) + ListItem.IsFolder + String.IsEqual(ListItem.Label,ListItem.TvShowTitle)">$INFO[ListItem.FolderPath]</value>
        <value condition="String.IsEqual(ListItem.DBType,movie)">$INFO[ListItem.SetID,videodb://movies/sets/,/]</value>
        <value condition="ListItem.IsCollection">$INFO[ListItem.DBID,videodb://movies/sets/,/]</value>
    </variable>

    <variable name="Path_Library_FromStudio">
        <value condition="String.IsEqual(ListItem.DBType,movie)">videodb://movies/titles/?xsp=%7b%22rules%22%3a%7b%22and%22%3a%5b%7b%22field%22%3a%22studio%22%2c%22operator%22%3a%22is%22%2c%22value%22%3a%5b%22$INFO[ListItem.Studio]%22%5d%7d%5d%7d%2c%22type%22%3a%22movies%22%7d</value>
        <value condition="String.IsEqual(ListItem.DBType,tvshow) | String.IsEqual(ListItem.DBType,season) | String.IsEqual(ListItem.DBType,episode)">videodb://tvshows/titles/?xsp=%7b%22rules%22%3a%7b%22and%22%3a%5b%7b%22field%22%3a%22studio%22%2c%22operator%22%3a%22is%22%2c%22value%22%3a%5b%22$INFO[ListItem.Studio]%22%5d%7d%5d%7d%2c%22type%22%3a%22tvshows%22%7d</value>
    </variable>

    <variable name="Path_Library_FromDirector">
        <value condition="String.IsEqual(ListItem.DBType,movie)">videodb://movies/titles/?xsp=%7b%22rules%22%3a%7b%22and%22%3a%5b%7b%22field%22%3a%22director%22%2c%22operator%22%3a%22is%22%2c%22value%22%3a%5b%22$INFO[ListItem.Director]%22%5d%7d%5d%7d%2c%22type%22%3a%22movies%22%7d</value>
    </variable>

    <variable name="Path_Library_FromWriter">
        <value condition="String.IsEqual(ListItem.DBType,movie)">videodb://movies/titles/?xsp=%7b%22rules%22%3a%7b%22and%22%3a%5b%7b%22field%22%3a%22writers%22%2c%22operator%22%3a%22is%22%2c%22value%22%3a%5b%22$INFO[ListItem.Writer]%22%5d%7d%5d%7d%2c%22type%22%3a%22movies%22%7d</value>
    </variable>

    <variable name="Path_Library_FromGenre">
        <value condition="String.IsEqual(ListItem.DBType,movie)">videodb://movies/titles/?xsp=%7b%22rules%22%3a%7b%22and%22%3a%5b%7b%22field%22%3a%22genre%22%2c%22operator%22%3a%22is%22%2c%22value%22%3a%5b%22$INFO[ListItem.Genre]%22%5d%7d%5d%7d%2c%22type%22%3a%22movies%22%7d</value>
        <value condition="String.IsEqual(ListItem.DBType,tvshow) | String.IsEqual(ListItem.DBType,season) | String.IsEqual(ListItem.DBType,episode)">videodb://tvshows/titles/?xsp=%7b%22rules%22%3a%7b%22and%22%3a%5b%7b%22field%22%3a%22genre%22%2c%22operator%22%3a%22is%22%2c%22value%22%3a%5b%22$INFO[ListItem.Genre]%22%5d%7d%5d%7d%2c%22type%22%3a%22tvshows%22%7d</value>
    </variable>

    <variable name="Path_Library_FromYear">
        <value condition="String.IsEqual(ListItem.DBType,movie)">videodb://movies/titles/?xsp=%7b%22rules%22%3a%7b%22and%22%3a%5b%7b%22field%22%3a%22year%22%2c%22operator%22%3a%22is%22%2c%22value%22%3a%5b%22$INFO[ListItem.Year]%22%5d%7d%5d%7d%2c%22type%22%3a%22movies%22%7d</value>
        <value condition="String.IsEqual(ListItem.DBType,tvshow) | String.IsEqual(ListItem.DBType,tvshow) | String.IsEqual(ListItem.DBType,season) | String.IsEqual(ListItem.DBType,episode)">videodb://tvshows/titles/?xsp=%7b%22rules%22%3a%7b%22and%22%3a%5b%7b%22field%22%3a%22year%22%2c%22operator%22%3a%22is%22%2c%22value%22%3a%5b%22$INFO[ListItem.Year]%22%5d%7d%5d%7d%2c%22type%22%3a%22tvshows%22%7d</value>
    </variable>

    <variable name="Path_DiscoverWidget">
        <value condition="Integer.IsEqual(Container(590).NumItems,6)">$INFO[Container(590).ListItemAbsolute(0).FolderPath,,&amp;nextpage=False&amp;sort_by=popularity.desc]</value>
        <value>$INFO[Container(590).ListItemAbsolute(0).FolderPath,,&amp;nextpage=False]</value>
    </variable>

    <variable name="Path_FolderDetails">
        <value condition="!String.IsEmpty(ListItem.FolderPath) + ListItem.IsFolder + String.IsEmpty(ListItem.Property(Addon.ID)) + String.IsEmpty(Container.PluginName)">$INFO[ListItem.FolderPath]</value>
        <value>-</value>
    </variable>

    <variable name="Path_Param_Widget">
        <value>&amp;nextpage=false&amp;fanarttv=false&amp;cacheonly=true</value>
    </variable>

    <variable name="Path_Param_Query">
        <value condition="String.IsEqual(ListItem.DBType,movie) + !String.IsEmpty(ListItem.Property(imdb_id))">&amp;imdb_id=$INFO[ListItem.Property(imdb_id)]</value>
        <value condition="String.IsEqual(ListItem.DBType,movie) + !String.IsEmpty(ListItem.IMDBNumber) + String.StartsWith(ListItem.IMDBNumber,tt)">&amp;imdb_id=$INFO[ListItem.IMDBNumber]</value>
        <value condition="[String.IsEqual(ListItem.DBType,season) | String.IsEqual(ListItem.DBType,episode) | String.StartsWith(ListItem.Label,Season)] + !String.IsEmpty(ListItem.TvShowTitle)">&amp;query=$INFO[ListItem.TvShowTitle]$INFO[ListItem.Year,&amp;episode_year=,]</value>
        <value condition="$EXP[Exp_IsPersonInfo] + !String.IsEmpty(ListItem.Property(tmdb_id))">&amp;tmdb_id=$INFO[ListItem.Property(tmdb_id)]</value>
        <value condition="!String.IsEmpty(ListItem.Title)">&amp;query=$INFO[ListItem.Title]$INFO[ListItem.Year,&amp;year=,]</value>
        <value>$INFO[ListItem.Label,&amp;query=,]</value>
    </variable>

    <variable name="Path_Param_Type">
        <value condition="String.IsEqual(ListItem.DBType,movie) | ListItem.IsCollection | String.IsEqual(ListItem.DBType,set)">type=movie</value>
        <value condition="String.IsEqual(ListItem.DBType,tvshow) | String.IsEqual(ListItem.DBType,season) | String.IsEqual(ListItem.DBType,episode)">type=tv</value>
        <value condition="$EXP[Exp_IsPersonInfo]">type=person</value>
    </variable>


    <variable name="Path_Search_Filter">
        <value condition="!String.IsEmpty(Control.GetLabel(9003).index(1))">$INFO[Control.GetLabel(9003).index(1),&amp;filter_key=year&amp;filter_value=,]</value>
        <value condition="!String.IsEmpty(Control.GetLabel(9004).index(1))">$INFO[Control.GetLabel(9004).index(1),&amp;filter_key=genre&amp;filter_value=,]</value>
    </variable>

    <variable name="Path_OSD_Episodes">
        <value condition="!Integer.IsEqual(VideoPlayer.PlaylistLength,1) + !Integer.IsEqual(VideoPlayer.PlaylistLength,0)">playlistvideo://?reload=$INFO[VideoPlayer.Season,,_]$INFO[VideoPlayer.Episode]</value>
        <value condition="VideoPlayer.Content(episodes) + !String.IsEmpty(VideoPlayer.TvShowDBID) + !String.IsEmpty(VideoPlayer.Season)">videodb://tvshows/titles/$INFO[VideoPlayer.TvShowDBID]/$INFO[VideoPlayer.Season]/?tvshowid=$INFO[VideoPlayer.TvShowDBID]</value>
        <value condition="VideoPlayer.Content(episodes)">plugin://plugin.video.themoviedb.helper/?info=episodes&amp;type=tv$INFO[VideoPlayer.TVShowTitle,&amp;query=,]$INFO[VideoPlayer.Season,&amp;season=,]$VAR[Path_Param_Widget]</value>

    </variable>
    <variable name="Path_OSD_Cast">
        <value condition="VideoPlayer.Content(movies) + !String.IsEmpty(VideoPlayer.IMDBNumber) + String.StartsWith(VideoPlayer.IMDBNumber,tt)">plugin://plugin.video.themoviedb.helper/?info=cast&amp;type=movie$INFO[VideoPlayer.IMDBNumber,&amp;imdb_id=,]</value>
        <value condition="VideoPlayer.Content(movies)">plugin://plugin.video.themoviedb.helper/?info=cast&amp;type=movie$INFO[Player.Title,&amp;query=,]$INFO[VideoPlayer.Year,&amp;year=,]</value>
        <value condition="VideoPlayer.Content(episodes)">plugin://plugin.video.themoviedb.helper/?info=cast&amp;type=tv$INFO[VideoPlayer.TVShowTitle,&amp;query=,]$INFO[VideoPlayer.Season,&amp;season=,]$INFO[VideoPlayer.Episode,&amp;episode=,]$INFO[VideoPlayer.Year,&amp;episode_year=,]</value>
    </variable>

    <variable name="Path_Param_AggregateCast">
        <value condition="Skin.HasSetting(Recommendations.AggregateTvCast)">&amp;aggregate=true</value>
    </variable>
    <variable name="Path_Param_AggregateCrew">
        <value condition="Skin.HasSetting(Recommendations.AggregateTvCrew)">&amp;aggregate=true</value>
    </variable>
    <variable name="Path_FromDirector_Name">
        <value condition="!String.IsEmpty(Container(99950).ListItem.Property(Director.1.name))">$INFO[Container(99950).ListItem.Property(Director.1.name)]</value>
        <value condition="!String.IsEmpty(ListItem.Director)">$INFO[ListItem.Director]</value>
    </variable>
    <variable name="Path_FromWriter_Screenplay">
        <value condition="!String.IsEmpty(Container(99950).ListItem.Property(Writer.1.name)) + !String.IsEmpty(Container(99950).ListItem.Property(Writer.1.job)) + String.IsEqual(Container(99950).ListItem.Property(Writer.1.job),Screenplay)">$INFO[Container(99950).ListItem.Property(Writer.1.name)]</value>
        <value condition="!String.IsEmpty(Container(99950).ListItem.Property(Writer.2.name)) + !String.IsEmpty(Container(99950).ListItem.Property(Writer.2.job)) + String.IsEqual(Container(99950).ListItem.Property(Writer.2.job),Screenplay)">$INFO[Container(99950).ListItem.Property(Writer.2.name)]</value>
        <value condition="!String.IsEmpty(Container(99950).ListItem.Property(Writer.3.name)) + !String.IsEmpty(Container(99950).ListItem.Property(Writer.3.job)) + String.IsEqual(Container(99950).ListItem.Property(Writer.3.job),Screenplay)">$INFO[Container(99950).ListItem.Property(Writer.3.name)]</value>
        <value condition="!String.IsEmpty(Container(99950).ListItem.Property(Writer.4.name)) + !String.IsEmpty(Container(99950).ListItem.Property(Writer.4.job)) + String.IsEqual(Container(99950).ListItem.Property(Writer.4.job),Screenplay)">$INFO[Container(99950).ListItem.Property(Writer.4.name)]</value>
        <value condition="!String.IsEmpty(Container(99950).ListItem.Property(Writer.5.name)) + !String.IsEmpty(Container(99950).ListItem.Property(Writer.5.job)) + String.IsEqual(Container(99950).ListItem.Property(Writer.5.job),Screenplay)">$INFO[Container(99950).ListItem.Property(Writer.5.name)]</value>
        <value condition="!String.IsEmpty(Container(99950).ListItem.Property(Writer.6.name)) + !String.IsEmpty(Container(99950).ListItem.Property(Writer.6.job)) + String.IsEqual(Container(99950).ListItem.Property(Writer.6.job),Screenplay)">$INFO[Container(99950).ListItem.Property(Writer.6.name)]</value>
        <value condition="!String.IsEmpty(Container(99950).ListItem.Property(Writer.7.name)) + !String.IsEmpty(Container(99950).ListItem.Property(Writer.7.job)) + String.IsEqual(Container(99950).ListItem.Property(Writer.7.job),Screenplay)">$INFO[Container(99950).ListItem.Property(Writer.7.name)]</value>
        <value condition="!String.IsEmpty(Container(99950).ListItem.Property(Writer.8.name)) + !String.IsEmpty(Container(99950).ListItem.Property(Writer.8.job)) + String.IsEqual(Container(99950).ListItem.Property(Writer.8.job),Screenplay)">$INFO[Container(99950).ListItem.Property(Writer.8.name)]</value>
        <value condition="!String.IsEmpty(Container(99950).ListItem.Property(Writer.9.name)) + !String.IsEmpty(Container(99950).ListItem.Property(Writer.9.job)) + String.IsEqual(Container(99950).ListItem.Property(Writer.9.job),Screenplay)">$INFO[Container(99950).ListItem.Property(Writer.9.name)]</value>
        <value condition="!String.IsEmpty(Container(99950).ListItem.Property(Writer.10.name)) + !String.IsEmpty(Container(99950).ListItem.Property(Writer.10.job)) + String.IsEqual(Container(99950).ListItem.Property(Writer.10.job),Screenplay)">$INFO[Container(99950).ListItem.Property(Writer.10.name)]</value>
        <value condition="!String.IsEmpty(Container(99950).ListItem.Property(Writer.1.name))">$INFO[Container(99950).ListItem.Property(Writer.1.name)]</value>
    </variable>
    <variable name="Path_Youtube_Query">
        <value condition="[String.IsEqual(ListItem.DBType,set) | ListItem.IsCollection] + !String.IsEmpty(ListItem.Set)">$INFO[ListItem.Set]</value>
        <value condition="String.IsEqual(ListItem.DBType,movie) + !String.IsEmpty(ListItem.Title)">$INFO[ListItem.Title]$INFO[ListItem.Year, ,] Movie</value>
        <value condition="String.IsEqual(ListItem.DBType,tvshow) + !String.IsEmpty(ListItem.Title)">$INFO[ListItem.Title]$INFO[ListItem.Year, ,]</value>
        <value condition="String.IsEqual(ListItem.DBType,season) + !String.IsEmpty(ListItem.TVShowTitle)">$INFO[ListItem.TVShowTitle]$INFO[ListItem.Season, Season ,]</value>
        <value condition="String.IsEqual(ListItem.DBType,episode) + !String.IsEmpty(ListItem.Title)">$INFO[ListItem.TVShowTitle,, ]$INFO[ListItem.Title]</value>
        <value condition="[String.IsEqual(ListItem.DBType,actor) | String.IsEqual(ListItem.Property(item.type),person)] + !String.IsEmpty(ListItem.Label)">$INFO[ListItem.Label]</value>
        <value condition="String.IsEqual(ListItem.DBType,artist) + !String.IsEmpty(ListItem.AlbumArtist)">$INFO[ListItem.AlbumArtist] Music</value>
        <value condition="String.IsEqual(ListItem.DBType,artist) + !String.IsEmpty(ListItem.Artist)">$INFO[ListItem.Artist] Music</value>
        <value condition="String.IsEqual(ListItem.DBType,album) + !String.IsEmpty(ListItem.Album)">$INFO[ListItem.AlbumArtist,, ]$INFO[ListItem.Album] Music</value>
        <value condition="String.IsEqual(ListItem.DBType,song) + !String.IsEmpty(ListItem.Title) + !String.IsEmpty(ListItem.AlbumArtist)">$INFO[ListItem.AlbumArtist,, ]$INFO[ListItem.Title] Music</value>
        <value condition="String.IsEqual(ListItem.DBType,song) + !String.IsEmpty(ListItem.Title)">$INFO[ListItem.Artist,, ]$INFO[ListItem.Title] Music</value>
        <value condition="!String.IsEmpty(ListItem.TvShowTitle)">$INFO[ListItem.TvShowTitle]</value>
        <value condition="!String.IsEmpty(ListItem.AlbumArtist)">$INFO[ListItem.AlbumArtist]</value>
        <value condition="!String.IsEmpty(ListItem.Artist)">$INFO[ListItem.Artist]</value>
        <value condition="!String.IsEmpty(ListItem.Title)">$INFO[ListItem.Title]</value>
        <value condition="!String.IsEmpty(ListItem.Label)">$INFO[ListItem.Label]</value>
    </variable>

    <variable name="Path_Youtube">
        <value>$VAR[Path_Youtube_Query,plugin://plugin.video.youtube/search/?q=,&amp;search_type=notvalid]</value>
    </variable>

    <variable name="Path_Wikipedia_Title">
        <value condition="!String.IsEmpty(ListItem.TVShowTitle)">$INFO[ListItem.TVShowTitle]</value>
        <value condition="!String.IsEmpty(ListItem.Title)">$INFO[ListItem.Title]</value>
        <value>$INFO[ListItem.Label]</value>
    </variable>

    <variable name="Path_Wikipedia_Type">
        <value condition="String.IsEqual(ListItem.DBType,tvshow)">tv</value>
        <value condition="String.IsEqual(ListItem.DBType,season)">tv</value>
        <value condition="String.IsEqual(ListItem.DBType,episode)">tv</value>
        <value condition="String.IsEqual(ListItem.DBType,movie)">movie</value>
    </variable>

    <variable name="Path_ContextParams_Query">
        <value condition="!String.IsEmpty(Container(99950).ListItem.Property(base_tvshowtitle))">$INFO[Container(99950).ListItem.Property(base_tvshowtitle)]</value>
        <value condition="!String.IsEmpty(Container(99950).ListItem.Property(base_Title))">$INFO[Container(99950).ListItem.Property(base_Title)]</value>
        <value condition="!String.IsEmpty(Container(99950).ListItem.Property(base_label))">$INFO[Container(99950).ListItem.Property(base_label)]</value>
    </variable>

    <variable name="Path_ContextParams_TMDbType">
        <value condition="String.IsEqual(Container(99950).ListItem.Property(base_dbtype),tvshow)">tv</value>
        <value condition="String.IsEqual(Container(99950).ListItem.Property(base_dbtype),season)">tv</value>
        <value condition="String.IsEqual(Container(99950).ListItem.Property(base_dbtype),episode)">tv</value>
        <value condition="String.IsEqual(Container(99950).ListItem.Property(base_dbtype),movie)">movie</value>
    </variable>

</includes>
