<?xml version="1.0" encoding="UTF-8"?>
<window type="dialog">
    <include content="Object_DefaultControl" condition="!Skin.HasSetting(DialogInfo.FocusButtons)">
        <param name="always">true</param>
        <param name="defaultcontrol">5000</param>
    </include>
    <include content="Object_DefaultControl" condition="Skin.HasSetting(DialogInfo.FocusButtons)">
        <param name="always">true</param>
        <param name="defaultcontrol">4000</param>
    </include>
    <menucontrol>4000</menucontrol>
    <onunload>ClearProperty(HasTrailer,Home)</onunload>
    <controls>
        <include>Defs_TMDbHelper_Loader</include>
        <include condition="Window.IsVisible(fullscreenvideo)">Background_Main</include>

        <!-- Button Group -->
        <include content="DialogInfo_ButtonGroup">
            <param name="include">Items_DialogPVRInfo_MenuBar</param>
        </include>
        <include>DialogInfo_ButtonHidden</include>

        <include content="DialogInfo_MainGroup">
            <include content="DialogInfo_LeftGroup">
                <param name="icon">$VAR[Image_PVRPoster]</param>
                <param name="poster_visible">!String.IsEmpty(Container(99950).ListItem.Art(poster)) | !String.IsEmpty(ListItem.Art(tvshow.poster)) | !String.IsEmpty(ListItem.Art(poster))</param>


                <include content="DialogInfo_PullTab">
                    <centertop>280</centertop>
                </include>

                <!-- Use Square when Poster not available -->
                <include content="Object_BigPoster">
                    <param name="aspectratio">keep</param>
                    <param name="diffuse">diffuse/square_w460_h460.png</param>
                    <top>view_top</top>
                    <left>view_pad</left>
                    <height>infodialog_poster_w</height>
                    <width>infodialog_poster_w</width>
                    <visible>String.IsEmpty(Container(99950).ListItem.Art(poster)) + String.IsEmpty(ListItem.Art(tvshow.poster)) + String.IsEmpty(ListItem.Art(poster))</visible>
                </include>
            </include>
            <include content="DialogInfo_RightGroup">
                <!-- Info -->
                <control type="group">
                    <visible>!Control.HasFocus(7001) | !Player.HasVideo</visible>
                    <visible>!Control.HasFocus(7003)</visible>

                    <animation effect="fade" start="0" end="100" time="400" delay="400" reversible="false">Visible</animation>
                    <animation effect="fade" start="100" end="0" time="200" reversible="false">Hidden</animation>


                    <control type="group">
                        <visible>!Control.HasFocus(61)</visible>

                        <!-- Video Info -->
                        <include content="Info_Panel">
                            <param name="plotheight" value="info_plot_large_h" />
                            <param name="plotwidth" value="info_plot_w" />
                        </include>

                        <!-- Video Details -->
                        <include content="DialogInfo_VideoDetails">
                            <top>390</top>
                            <bottom>grid_x08</bottom>
                        </include>
                    </control>
                </control>

                <!-- Trailer and Plot -->
                <include>DialogInfo_VideoTrailer</include>
                <include>DialogInfo_PlotBox</include>
                <include>DialogInfo_ArtworkGallery</include>

            </include>
        </include>

        <include content="DialogInfo_Furniture">
            <param name="downarrow_visible">!String.IsEmpty(Container(99950).ListItem.UniqueId(tmdb))</param>
        </include>

        <include content="Object_Options_Menu">
            <param name="grouplist_items" value="Items_DialogPVRInfo_Options" />
            <param name="visible" value="!$EXP[Exp_OverlayDialogs]" />
            <param name="onback" value="5000" />
            <param name="usemousefocus">true</param>
        </include>

        <include>DialogInfo_VideoTrailerFullscreen</include>
        <include>DialogInfo_RecommendationsButton</include>
        <include>DialogInfo_FilePathInfo</include>
    </controls>
</window>