<?xml version="1.0" encoding="UTF-8"?>
<window>
    <include>Animation_SlideIn_Dialog</include>
    <controls>

        <include content="Furniture_Busy">
            <param name="hasicon">false</param>
            <param name="mainlabel_id">401</param>
            <param name="minilabel_id">402</param>
            <include content="Info_FooterItemIcon">
                <param name="icon">special://skin/extras/icons/comment-dots.png</param>
                <param name="flipped">true</param>
                <param name="right">20</param>
                <param name="visible">String.StartsWith(Control.GetLabel(400),Default)</param>
            </include>
            <include content="Info_FooterItemIcon">
                <param name="icon">$INFO[Control.GetLabel(400)]</param>
                <param name="icon_colordiffuse">white</param>
                <param name="bordersize">2</param>
                <param name="flipped">true</param>
                <param name="right">20</param>
                <param name="visible">!String.StartsWith(Control.GetLabel(400),Default)</param>
            </include>
        </include>

        <control type="image" id="400">
            <visible>false</visible>
            <height>1</height>
            <width>1</width>
        </control>
    </controls>
</window>
