<?xml version="1.0" encoding="UTF-8"?>
<includes>

    <include name="Home_Menu_Content">
        <param name="condition">$EXP[Exp_HomeMenu_DontHide]</param>
        <definition>
            <include content="Object_ContentNested" condition="$PARAM[condition]">
                <include>skinvariables-sidemenu-staticitems</include>
            </include>
            <include content="Object_ContentNested" condition="![$PARAM[condition]]">
                <include>skinvariables-sidemenu-staticbutton</include>
            </include>
        </definition>
    </include>

    <include name="Home_Menu_List">
        <param name="items_include">Home_Menu_Content</param>
        <param name="onlist">320</param>
        <param name="id">303</param>
        <definition>
            <control type="group">
                <left>0</left>
                <top>260</top>
                <bottom>260</bottom>
                <width>view_side</width>

                <include content="Settings_Arrows">
                    <param name="arrow_prev_visible">Container($PARAM[id]).HasPrevious</param>
                    <param name="arrow_next_visible">Container($PARAM[id]).HasNext</param>
                    <param name="colordiffuse">main_fg_30</param>
                </include>

                <control type="list" id="$PARAM[id]">
                    <focusposition>2</focusposition>
                    <movement>2</movement>

                    <width>view_side</width>

                    <onup condition="$EXP[Exp_HomeMenu_DontHide] + !Skin.HasSetting(Home.SideMenu.DisableSearchOptions)">308</onup>
                    <onup condition="$EXP[Exp_HomeMenu_DontHide] + Skin.HasSetting(Home.SideMenu.DisableSearchOptions)">$PARAM[id]</onup>
                    <onup condition="!$EXP[Exp_HomeMenu_DontHide]">333</onup>
                    <ondown condition="$EXP[Exp_HomeMenu_DontHide] + !Skin.HasSetting(Home.SideMenu.DisableSearchOptions)">309</ondown>
                    <ondown condition="$EXP[Exp_HomeMenu_DontHide] + Skin.HasSetting(Home.SideMenu.DisableSearchOptions)">$PARAM[id]</ondown>
                    <ondown condition="!$EXP[Exp_HomeMenu_DontHide]">$PARAM[onlist]</ondown>
                    <ondown condition="!$EXP[Exp_HomeMenu_DontHide]">SetFocus($PARAM[onlist])</ondown>

                    <onback>CancelAlarm(SplashTimeOut,silent)</onback>
                    <onfocus>ClearProperty(WidgetGroup.Movement)</onfocus>

                    <onfocus condition="Window.IsVisible(Home) + Skin.HasSetting(Hub.Home.DisableSubmenu)">SetProperty(Slide.WidgetContainer,True,Home)</onfocus>
                    <onfocus condition="Window.IsVisible(Home) + Skin.HasSetting(Hub.Home.DisableSubmenu)">SetProperty($INFO[Container(303).ListItem.Property(widgets_tmdbh_id)],$INFO[Window.Property(TMDbHelper.WidgetContainer)],1198)</onfocus>
                    <onfocus condition="Window.IsVisible(Home)">SetProperty(TMDbHelper.WidgetContainer.UpdateLock,True,1198)</onfocus>

                    <include content="Action_HomeMenu_OnRightLeft">
                        <param name="onlist">$PARAM[onlist]</param>
                    </include>
                    <orientation>vertical</orientation>
                    <scrolltime tween="quadratic">400</scrolltime>

                    <include content="Home_Menu_List_ItemLayout" condition="Skin.HasSetting(Hub.Home.DisableSubmenu)">
                        <param name="id">$PARAM[id]</param>
                        <param name="hidden_button">Home_Menu_List_HiddenButton</param>
                        <param name="hidden_button_enabled">Window.IsVisible(Home)</param>
                    </include>
                    <include content="Home_Menu_List_ItemLayout" condition="!Skin.HasSetting(Hub.Home.DisableSubmenu)">
                        <param name="id">$PARAM[id]</param>
                        <param name="hidden_button">Home_Menu_List_HiddenButton_Alt</param>
                        <param name="hidden_button_enabled">Window.IsVisible(Home)</param>
                    </include>

                    <include>$PARAM[items_include]</include>
                </control>
            </control>
        </definition>
    </include>

    <include name="Home_Menu_List_HiddenButton">
        <control type="button">
            <visible allowhiddenfocus="true">false</visible>
            <animation effect="fade" start="0" end="0" time="100" reversible="false">Focus</animation>
            <onfocus condition="!String.IsEmpty(Window(1198).Property(TMDbHelper.WidgetContainer.UpdateLock))">ClearProperty(TMDbHelper.WidgetContainer.UpdateLock,1198)</onfocus>
            <onfocus condition="String.IsEmpty(Window(1198).Property(TMDbHelper.WidgetContainer.UpdateLock))">ClearProperty(List.ViewContainer)</onfocus>
            <onfocus condition="!String.IsEmpty(ListItem.Property(widgets_saved_id)) + String.IsEmpty(Window(1198).Property(TMDbHelper.WidgetContainer.UpdateLock))">SetProperty(TMDbHelper.WidgetContainer,$INFO[ListItem.Property(widgets_saved_id)])</onfocus>
            <onfocus condition="String.IsEmpty(ListItem.Property(widgets_saved_id)) + String.IsEmpty(Window(1198).Property(TMDbHelper.WidgetContainer.UpdateLock))">SetProperty(TMDbHelper.WidgetContainer,$INFO[ListItem.Property(widgets_first_id)])</onfocus>
        </control>
    </include>

    <include name="Home_Menu_List_HiddenButton_Alt">
        <control type="button">
            <visible allowhiddenfocus="true">false</visible>
            <animation effect="fade" start="0" end="0" time="100" reversible="false">Focus</animation>
            <onfocus condition="!String.IsEmpty(Window(1198).Property(TMDbHelper.WidgetContainer.UpdateLock))">ClearProperty(TMDbHelper.WidgetContainer.UpdateLock,1198)</onfocus>
            <onfocus condition="String.IsEmpty(Window(1198).Property(TMDbHelper.WidgetContainer.UpdateLock))">SetProperty(List.ViewContainer,300)</onfocus>
            <onfocus condition="String.IsEmpty(Window(1198).Property(TMDbHelper.WidgetContainer.UpdateLock))">ClearProperty(List.ViewContainer.Left)</onfocus>
            <onfocus condition="String.IsEmpty(Window(1198).Property(TMDbHelper.WidgetContainer.UpdateLock))">SetProperty(TMDbHelper.WidgetContainer,301)</onfocus>
            <onfocus condition="String.IsEmpty(Window(1198).Property(TMDbHelper.WidgetContainer.UpdateLock)) + Skin.HasSetting(Slide.WidgetContainer)">SetProperty(Slide.WidgetContainer,True)</onfocus>
            <onfocus condition="String.IsEmpty(Window(1198).Property(TMDbHelper.WidgetContainer.UpdateLock)) + !Skin.HasSetting(Slide.WidgetContainer)">ClearProperty(Slide.WidgetContainer)</onfocus>
        </control>
    </include>

    <include name="Home_Menu_List_ItemLayout">
        <param name="layoutnf">[![!Window.IsVisible(1105) + Window.IsVisible(Home) + $EXP[Exp_HomeMenu_DontHide]] + $EXP[Exp_HomeMenu_IsSelected]]</param>
        <param name="layoutfo">[[![!Window.IsVisible(1105) + Window.IsVisible(Home) + $EXP[Exp_HomeMenu_DontHide]] + $EXP[Exp_HomeMenu_IsSelected]] | [!Window.IsVisible(1105) + Window.IsVisible(Home) + $EXP[Exp_HomeMenu_DontHide]]]</param>
        <param name="altfocus">false</param>
        <definition>
            <itemlayout height="100" width="100">
                <control type="group">
                    <left>view_menu</left>
                    <top>40</top>
                    <bottom>-40</bottom>
                    <include content="Layout_Home_Menu">
                        <param name="selected">false</param>
                        <param name="detailed">Control.HasFocus($PARAM[id])</param>
                        <param name="layoutfo">$PARAM[layoutnf]</param>
                        <param name="vertical">$PARAM[vertical]</param>
                    </include>
                </control>
            </itemlayout>
            <focusedlayout height="100" width="100">
                <include condition="$PARAM[hidden_button_enabled]">$PARAM[hidden_button]</include>
                <control type="group">
                    <left>view_menu</left>
                    <top>40</top>
                    <bottom>-40</bottom>
                    <control type="group">
                        <visible>![Control.HasFocus($PARAM[id]) | $PARAM[altfocus]]</visible>
                        <include content="Layout_Home_Menu">
                            <param name="selected">false</param>
                            <param name="detailed">[Control.HasFocus($PARAM[id]) | $PARAM[altfocus]]</param>
                            <param name="layoutfo">$PARAM[layoutfo]</param>
                            <param name="vertical">$PARAM[vertical]</param>
                        </include>
                    </control>
                    <control type="group">
                        <visible>Control.HasFocus($PARAM[id]) | $PARAM[altfocus]</visible>
                        <include content="Layout_Home_Menu">
                            <param name="selected">true</param>
                            <param name="detailed">[Control.HasFocus($PARAM[id]) | $PARAM[altfocus]]</param>
                            <param name="layoutfo">$PARAM[layoutfo]</param>
                            <param name="vertical">$PARAM[vertical]</param>
                        </include>
                    </control>
                </control>
            </focusedlayout>
        </definition>
    </include>

    <include name="Home_Menu_Button_Back">
        <control type="button" id="$PARAM[id]">
            <texturenofocus />
            <include>Texture_KeyboardButton</include>
            <include content="Dimension_Padding">
                <param name="pad">-20</param>
            </include>
            <nested />
        </control>
    </include>

    <include name="Home_Menu_Button_Icon">
        <param name="focused">$EXP[Exp_HomeMenu_HasFocus]</param>
        <param name="color_nf">main_fg_30</param>
        <definition>
            <control type="group">
                <nested />
                <width>40</width>
                <height>40</height>
                <control type="image">
                    <aspectratio>keep</aspectratio>
                    <bordersize>icon_home_bordersize</bordersize>
                    <texture colordiffuse="$PARAM[color_nf]">$PARAM[icon]</texture>
                    <visible>!Control.HasFocus($PARAM[id])</visible>
                </control>
                <control type="image">
                    <aspectratio>keep</aspectratio>
                    <bordersize>icon_home_bordersize</bordersize>
                    <texture colordiffuse="$VAR[ColorSelected]">$PARAM[icon]</texture>
                    <visible>Control.HasFocus($PARAM[id])</visible>
                </control>
            </control>
        </definition>
    </include>

    <include name="Home_Fade">
        <param name="visible">!$EXP[Exp_InfoDialogs]</param>
        <definition>
            <control type="image">
                <visible>$PARAM[visible]</visible>
                <left>0</left>
                <width>400</width>
                <texture border="0,0,400,0" colordiffuse="main_bg_70">common/dim-side-half.png</texture>
                <visible>!Skin.HasSetting(Views.DisableItemPeek)</visible>
            </control>
        </definition>
    </include>

    <include name="Home_Menu_Fade_Labels">
        <control type="group">
            <width>480</width>
            <visible>$EXP[Exp_HomeMenu_HasFocus]</visible>
            <include content="Animation_Slide_In">
                <param name="type">Visible</param>
                <param name="posx">-80</param>
            </include>
            <include content="Animation_Slide_Out">
                <param name="type">Hidden</param>
                <param name="posx">-80</param>
            </include>
            <include content="Object_Dim_Side">
                <param name="flipx">false</param>
                <left>-320</left>
                <right>-160</right>
            </include>
            <include content="Object_Dim_Side">
                <param name="flipx">false</param>
                <left>-320</left>
                <right>-320</right>
            </include>
        </control>
        <control type="grouplist">
            <top>320</top>
            <left>80</left>
            <orientation>vertical</orientation>
            <animation effect="slide" end="0,-100" time="400" tween="quadratic" reversible="false" condition="Container(303).OnScrollNext">Conditional</animation>
            <animation effect="slide" end="0,100" time="400" tween="quadratic" reversible="false" condition="Container(303).OnScrollPrevious">Conditional</animation>
            <control type="group">
                <height>100</height>
                <include content="Layout_Home_Menu_Label">
                    <param name="detailed">true</param>
                    <param name="selected">[Control.HasFocus(303) + String.IsEqual(Container(303).ListItemPosition(0).CurrentItem,Container(303).ListItem.CurrentItem)]</param>
                    <param name="label">$INFO[Container(303).ListItemPosition(0).Label]</param>
                </include>
            </control>
            <control type="group">
                <height>100</height>
                <include content="Layout_Home_Menu_Label">
                    <param name="detailed">true</param>
                    <param name="selected">[Control.HasFocus(303) + String.IsEqual(Container(303).ListItemPosition(1).CurrentItem,Container(303).ListItem.CurrentItem)]</param>
                    <param name="label">$INFO[Container(303).ListItemPosition(1).Label]</param>
                </include>
            </control>
            <control type="group">
                <height>100</height>
                <include content="Layout_Home_Menu_Label">
                    <param name="detailed">true</param>
                    <param name="selected">[Control.HasFocus(303) + String.IsEqual(Container(303).ListItemPosition(2).CurrentItem,Container(303).ListItem.CurrentItem)]</param>
                    <param name="label">$INFO[Container(303).ListItemPosition(2).Label]</param>
                </include>
            </control>
            <control type="group">
                <height>100</height>
                <include content="Layout_Home_Menu_Label">
                    <param name="detailed">true</param>
                    <param name="selected">[Control.HasFocus(303) + String.IsEqual(Container(303).ListItemPosition(3).CurrentItem,Container(303).ListItem.CurrentItem)]</param>
                    <param name="label">$INFO[Container(303).ListItemPosition(3).Label]</param>
                </include>
            </control>
            <control type="group">
                <height>100</height>
                <include content="Layout_Home_Menu_Label">
                    <param name="detailed">true</param>
                    <param name="selected">[Control.HasFocus(303) + String.IsEqual(Container(303).ListItemPosition(4).CurrentItem,Container(303).ListItem.CurrentItem)]</param>
                    <param name="label">$INFO[Container(303).ListItemPosition(4).Label]</param>
                </include>
            </control>
        </control>
    </include>

    <include name="Home_Menu">
        <control type="group">
            <visible>!$EXP[Exp_InfoDialogs]</visible>

            <include condition="$EXP[Exp_HomeMenu_DontHide] + Skin.HasSetting(SideMenu.ExpandLabels)">Home_Menu_Fade_Labels</include>

            <control type="group">
                <!-- Search -->
                <include content="Home_Menu_Button_Icon" condition="$EXP[Exp_HomeMenu_DontHide] + !Skin.HasSetting(Home.SideMenu.DisableSearchOptions)">
                    <param name="id">308</param>
                    <param name="icon">special://skin/extras/icons/search.png</param>
                    <param name="label">$LOCALIZE[137]</param>
                    <include content="Home_Menu_Button_Back">
                        <param name="id">308</param>
                        <ondown>SetFocus(303,0,absolute)</ondown>
                        <onup>309</onup>
                        <onclick condition="!Window.IsVisible(1105)">Action(Right)</onclick>
                        <onclick condition="!Window.IsVisible(1105)">ActivateWindow(1105)</onclick>
                        <onclick condition="Window.IsVisible(1105)">SetFocus(9099)</onclick>

                        <include content="Action_HomeMenu_OnRightLeft">
                            <param name="onlist">$PARAM[onlist]</param>
                        </include>
                    </include>
                    <left>view_menu</left>
                    <top>view_pad</top>
                    <include content="Layout_Home_Menu_Label" condition="Skin.HasSetting(SideMenu.ExpandLabels)">
                        <param name="detailed">true</param>
                        <param name="selected">Control.HasFocus(308)</param>
                        <param name="label">$LOCALIZE[137]</param>
                    </include>
                </include>

                <!-- Settings -->
                <include content="Home_Menu_Button_Icon" condition="$EXP[Exp_HomeMenu_DontHide] + !Skin.HasSetting(Home.SideMenu.DisableSearchOptions)">
                    <param name="id">309</param>
                    <param name="icon">special://skin/extras/icons/bars.png</param>
                    <param name="label">$LOCALIZE[33063]</param>
                    <include content="Home_Menu_Button_Back">
                        <param name="id">309</param>
                        <onup>SetFocus(303,9999,absolute)</onup>
                        <ondown>308</ondown>
                        <onclick>ActivateWindow(shutdownmenu)</onclick>
                        <include content="Action_HomeMenu_OnRightLeft">
                            <param name="onlist">$PARAM[onlist]</param>
                        </include>
                    </include>
                    <left>view_menu</left>
                    <bottom>view_pad</bottom>
                    <include content="Layout_Home_Menu_Label" condition="Skin.HasSetting(SideMenu.ExpandLabels)">
                        <param name="detailed">true</param>
                        <param name="selected">Control.HasFocus(309)</param>
                        <param name="label">$LOCALIZE[5]</param>
                    </include>
                </include>

                <include content="Home_Menu_List">
                    <param name="onlist">$PARAM[onlist]</param>
                </include>
            </control>
        </control>
    </include>


</includes>
