<?xml version="1.0" encoding="UTF-8"?>
<includes>

    <include name="Spotlight_Fallback_Slideshow">
        <include content="Object_Hidden_List">
            <param name="id">99971</param>
            <include content="Defs_AutoScroll">
                <param name="condition">[Integer.IsEqual(Window.Property(TMDBHelper.WidgetContainer),301) + ![!Integer.IsEqual(Container(301).NumItems,0) | Container(301).IsUpdating]]</param>
            </include>
            <content sortby="random">$VAR[Path_Spotlight_SlideShow_Content]</content>
            <visible>[Integer.IsEqual(Window.Property(TMDBHelper.WidgetContainer),301) + !$EXP[Exp_Hubs_Spotlight_HasItems]]</visible>
        </include>
        <include content="Object_Hidden_List" condition="Skin.HasSetting(TMDbHelper.EnableBlur)">
            <content>plugin://script.skinvariables/?info=run_executebuiltin&amp;blur_image=$ESCINFO[Container(99971).ListItem.PicturePath]&amp;&amp;special://skin/shortcuts/builtins/skinvariables-blurimage.json</content>
            <visible>[Integer.IsEqual(Window.Property(TMDBHelper.WidgetContainer),301) + !$EXP[Exp_Hubs_Spotlight_HasItems]]</visible>
        </include>
    </include>

    <include name="Spotlight_Info_Animation">
        <include content="Animation_Fade_In">
            <param name="condition">$EXP[Exp_Hubs_Spotlight_HasItems] + $EXP[Exp_Hubs_Spotlight_IsVisible]</param>
            <param name="delay">200</param>
        </include>
        <include content="Animation_ConditionalFade">
            <param name="condition">![$EXP[Exp_Hubs_Spotlight_HasItems] + $EXP[Exp_Hubs_Spotlight_IsVisible]]</param>
        </include>
    </include>

    <include name="Spotlight_Info">
        <include content="Home_Widgets_Infopanel">
            <include content="Info_Panel">
                <param name="titlelabel">$VAR[Label_Title_C301]</param>
                <param name="plotlabel">$VAR[Label_Plot_C301]</param>
                <param name="container">Container(301).</param>
                <param name="details_include">Spotlight_Info_Animation</param>
                <param name="visible">Integer.IsEqual(Window.Property(TMDBHelper.WidgetContainer),301)</param>
            </include>
        </include>
    </include>

    <include name="Spotlight_List">
        <param name="window_id">Home</param>
        <definition>
            <control type="wraplist" id="301">
                <preloaditems>2</preloaditems>
                <onfocus>SetProperty(TMDbHelper.WidgetContainer,301,$PARAM[window_id])</onfocus>
                <onup>SetFocus(300)</onup>
                <ondown>SetFocus(300)</ondown>
                <onback>300</onback>
                <orientation>horizontal</orientation>
                <scrolltime tween="quadratic">400</scrolltime>
                <hitrect x="0" y="0" w="0" h="0" />

                <width>1</width>
                <height>1</height>
                <left>-1920</left>

                <include content="Defs_AutoScroll">
                    <param name="condition">[[!ControlGroup(310).HasFocus() | System.IdleTime(3)] + !System.HasAlarm(playtrailer) + !Player.HasMedia + !Window.IsVisible(DialogVideoInfo.xml) + !Window.IsVisible(DialogMusicInfo.xml)]</param>
                </include>

                <itemlayout />
                <focusedlayout />

                <include content="Object_ContentDynamic">
                    <param name="sortby">$PARAM[sortby]</param>
                    <param name="sortorder">$PARAM[sortorder]</param>
                    <param name="target">$PARAM[target]</param>
                    <param name="limit">$PARAM[limit]</param>
                    <param name="browse">never</param>
                    <param name="content">$PARAM[content]</param>
                </include>

                <nested />

            </control>
        </definition>
    </include>

    <variable name="Spotlight_FO_Color_BG">
        <value condition="Skin.HasSetting(InvertSelectedText)">ff333333</value>
        <value>main_fg_100</value>
    </variable>
    <variable name="Spotlight_NF_Color_BG">
        <value condition="Skin.HasSetting(InvertSelectedText)">main_fg_12</value>
        <value>main_fg_100</value>
    </variable>
    <variable name="Spotlight_NF_Color_FG">
        <value condition="Skin.HasSetting(InvertSelectedText)">main_fg_100</value>
        <value>main_bg_100</value>
    </variable>

    <include name="Spotlight_Main_Button_Standard">
        <onfocus>SetProperty(TMDbHelper.WidgetContainer,301,$PARAM[window_id])</onfocus>
        <onfocus>ClearProperty(Slide.WidgetContainer,$PARAM[window_id])</onfocus>

        <oninfo>SetFocus(301)</oninfo>
        <oninfo condition="!Skin.String(Movement.Spotlight.OnInfo,Menu)">Action(ContextMenu)</oninfo>
        <oninfo condition="Skin.String(Movement.Spotlight.OnInfo,Menu)">Action(Info)</oninfo>
        <oninfo>SetFocus($PARAM[id])</oninfo>

        <include content="Action_AutoTrailer_OnFocus" condition="Skin.HasSetting(Trailers.EnableAutoPlayback)">
            <param name="id">301</param>
        </include>
    </include>

    <include name="Spotlight_Scrubber">
        <control type="group" id="314">
            <left>40</left>
            <width>80</width>
            <height>80</height>
            <centertop>50%</centertop>
            <visible>!Integer.IsEqual(Container(301).NumItems,0)</visible>
            <control type="image">
                <include>Texture_Circle_Highlight_H</include>
                <visible>Control.HasFocus(315) | Control.HasFocus(316)</visible>
            </control>
        </control>

        <control type="grouplist" id="318">
            <left>-20</left>
            <width>80</width>
            <height>48</height>
            <centertop>50%</centertop>
            <orientation>vertical</orientation>
            <onup>Action(Select)</onup>
            <ondown>Action(Select)</ondown>
            <control type="togglebutton" id="315">
                <width>24</width>
                <height>24</height>
                <centerleft>50%</centerleft>
                <visible>!Integer.IsEqual(Container(301).NumItems,0)</visible>
                <onclick>Control.Move(301,-1)</onclick>
                <include content="Action_AutoTrailer_OnClick" condition="Skin.HasSetting(Trailers.EnableAutoPlayback)">
                    <param name="id">301</param>
                </include>
                <usealttexture>Control.HasFocus(315) | Control.HasFocus(316)</usealttexture>
                <texturenofocus colordiffuse="main_fg_30" flipy="true">buttons/triangle-down.png</texturenofocus>
                <texturefocus colordiffuse="$VAR[ColorSelected]" flipy="true">buttons/triangle-down.png</texturefocus>
                <alttexturenofocus colordiffuse="main_fg_70" flipy="true">buttons/triangle-down.png</alttexturenofocus>
                <alttexturefocus colordiffuse="$VAR[ColorSelected]" flipy="true">buttons/triangle-down.png</alttexturefocus>
                <include content="Spotlight_Main_Button_Standard">
                    <param name="id">315</param>
                    <param name="window_id">$PARAM[window_id]</param>
                </include>
            </control>
            <control type="togglebutton" id="316">
                <width>24</width>
                <height>24</height>
                <centerleft>50%</centerleft>
                <visible>!Integer.IsEqual(Container(301).NumItems,0)</visible>
                <onclick>Control.Move(301,1)</onclick>
                <include content="Action_AutoTrailer_OnClick" condition="Skin.HasSetting(Trailers.EnableAutoPlayback)">
                    <param name="id">301</param>
                </include>
                <usealttexture>Control.HasFocus(315) | Control.HasFocus(316)</usealttexture>
                <texturenofocus colordiffuse="main_fg_30" flipy="false">buttons/triangle-down.png</texturenofocus>
                <texturefocus colordiffuse="$VAR[ColorSelected]" flipy="false">buttons/triangle-down.png</texturefocus>
                <alttexturenofocus colordiffuse="main_fg_70" flipy="false">buttons/triangle-down.png</alttexturenofocus>
                <alttexturefocus colordiffuse="$VAR[ColorSelected]" flipy="false">buttons/triangle-down.png</alttexturefocus>
                <include content="Spotlight_Main_Button_Standard">
                    <param name="id">316</param>
                    <param name="window_id">$PARAM[window_id]</param>
                </include>
            </control>
        </control>
    </include>

    <include name="Spotlight_Main">
        <param name="window_id">Home</param>
        <param name="visible">True</param>
        <definition>
            <control type="group" id="304">
                <top>hub_spotlight_t</top>
                <height>hub_spotlight_h</height>

                <include content="Animation_Fade_In">
                    <param name="condition">[$EXP[Exp_Hubs_Spotlight_IsVisible] + $PARAM[visible]]</param>
                    <param name="delay">200</param>
                </include>
                <include content="Animation_ConditionalFade">
                    <param name="condition">![$EXP[Exp_Hubs_Spotlight_IsVisible] + $PARAM[visible]]</param>
                </include>

                <control type="grouplist" id="310">
                    <orientation>horizontal</orientation>

                    <include content="Action_Widget_Top" condition="!Skin.String(Home.SideMenuCollapse,Topbar)">
                        <param name="id">311</param>
                    </include>
                    <onup condition="Skin.String(Home.SideMenuCollapse,Topbar)">370</onup>

                    <include content="Action_View_Movement_OnLeftRight" condition="Skin.HasSetting(Spotlight.EnableSpinControl)">
                        <param name="id">311</param>
                        <param name="onleft">316</param>
                        <param name="backid">311</param>
                        <param name="onback">!Control.HasFocus(311)</param>
                    </include>

                    <include content="Action_View_Movement_OnLeftRight" condition="!Skin.HasSetting(Spotlight.EnableSpinControl)">
                        <param name="id">311</param>
                        <param name="onleft">312</param>
                        <param name="backid">311</param>
                        <param name="onback">!Control.HasFocus(311)</param>
                    </include>

                    <ondown condition="!Integer.IsEqual(Container(300).NumItems,0)">300</ondown>
                    <ondown condition="Integer.IsEqual(Container(300).NumItems,0)">SetProperty(List.ViewContainer,$NUMBER[311])</ondown>
                    <ondown condition="Integer.IsEqual(Container(300).NumItems,0)">333</ondown>
                    <centertop>180</centertop>
                    <left>140</left>
                    <height>256</height>
                    <itemgap>-60</itemgap>
                    <onfocus>ClearProperty(Slide.WidgetContainer,$PARAM[window_id])</onfocus>

                    <control type="group" id="321">
                        <left>60</left>
                        <height>100</height>
                        <width>100</width>
                        <centertop>50%</centertop>
                        <control type="group">
                            <visible>!Control.HasFocus(311)</visible>
                            <control type="image">
                                <texture colordiffuse="$VAR[Spotlight_NF_Color_BG]">common/circle.png</texture>
                            </control>
                            <control type="image">
                                <bordersize>20</bordersize>
                                <texture colordiffuse="$VAR[Spotlight_NF_Color_FG]">$VAR[Image_FullscreenWidget_PlayButton]</texture>
                            </control>
                        </control>
                        <control type="group">
                            <visible>Control.HasFocus(311)</visible>
                            <control type="image">
                                <include>Texture_Circle_Highlight_H</include>
                            </control>
                            <control type="image">
                                <bordersize>20</bordersize>
                                <texture colordiffuse="$VAR[ColorSelected]">$VAR[Image_FullscreenWidget_PlayButton]</texture>
                            </control>
                        </control>
                    </control>

                    <control type="button" id="311">
                        <font>font_mini_black</font>
                        <textcolor>main_fg_70</textcolor>
                        <focusedcolor>main_fg_100</focusedcolor>
                        <label>$VAR[Label_FullscreenWidget_PlayButton]</label>
                        <width>295</width>
                        <align>left</align>
                        <width>auto</width>
                        <textoffsetx>80</textoffsetx>
                        <texturenofocus />
                        <texturefocus />
                        <onclick condition="Container(301).ListItem.IsFolder">ActivateWindow($VAR[Path_Spotlight_Target],$INFO[Container(301).ListItem.FolderPath],return)</onclick>
                        <onclick condition="!Container(301).ListItem.IsFolder + !String.IsEmpty(Container(301).ListItem.FileNameAndPath)">PlayMedia($ESCINFO[Container(301).ListItem.FileNameAndPath])</onclick>
                        <onclick condition="!Container(301).ListItem.IsFolder + String.IsEmpty(Container(301).ListItem.FileNameAndPath) + !String.IsEmpty(Container(301).ListItem.FolderPath)">PlayMedia($ESCINFO[Container(301).ListItem.FolderPath])</onclick>
                        <include content="Spotlight_Main_Button_Standard">
                            <param name="id">311</param>
                            <param name="window_id">$PARAM[window_id]</param>
                        </include>

                    </control>

                    <control type="group" id="319">
                        <left>20</left>
                        <width>0</width>
                    </control>

                    <include content="Object_Info_Button">
                        <param name="id">312</param>
                        <param name="groupid">322</param>
                        <param name="sliceid">323</param>
                        <param name="itempad">-20</param>
                        <param name="label">$VAR[Label_FullscreenWidget_InfoButton]</param>
                        <param name="icon">$VAR[Image_FullscreenWidget_InfoButton]</param>
                        <param name="back_colordiffuse">$VAR[Spotlight_NF_Color_BG]</param>
                        <param name="icon_colordiffuse">$VAR[Spotlight_NF_Color_FG]</param>
                        <param name="flip_colordiffuse">$VAR[Spotlight_FO_Color_BG]</param>

                        <onclick>SetFocus(301)</onclick>
                        <onclick condition="!Skin.String(Movement.Spotlight.OnInfo,Menu)">Action(Info)</onclick>
                        <onclick condition="Skin.String(Movement.Spotlight.OnInfo,Menu)">Action(ContextMenu)</onclick>
                        <onclick>SetFocus(312)</onclick>

                        <include content="Spotlight_Main_Button_Standard">
                            <param name="id">312</param>
                            <param name="window_id">$PARAM[window_id]</param>
                        </include>
                    </include>

                    <include content="Spotlight_Scrubber" condition="Skin.HasSetting(Spotlight.EnableSpinControl)">
                        <param name="window_id">$PARAM[window_id]</param>
                    </include>


                </control>
            </control>
        </definition>
    </include>

</includes>