<?xml version="1.0" encoding="UTF-8"?>
<window>
    <views>50</views>
    <defaultcontrol always="true">50</defaultcontrol>
    <menucontrol>9000</menucontrol>
    <include content="Action_Blur_Onload">
        <param name="sourceimage" value="Art(fanart)" />
    </include>
    <controls>

        <include content="View_Main">
            <param name="include_views" value="View_Main_MyPlaylist" />
        </include>

        <include content="Object_Options_Menu">
            <param name="grouplist_items" value="Items_MyPlaylist" />
            <param name="visible" value="!Window.IsVisible(DialogSelect.xml)" />
            <param name="usemousefocus">true</param>
        </include>


    </controls>

</window>
